Country,CountryCode,Region,AgeGroup,Year,Value
Samoa,WSM,Western Pacific,children,2006,114.0
Grenada,GRD,Americas,children,2010,118.0
Saint Lucia,LCA,Americas,children,2012,120.0
Albania,ALB,Europe,children,2011,118.0
Andorra,AND,Europe,children,2002,122.0
Azerbaijan,AZE,Europe,children,2007,114.0
Mozambique,MOZ,Africa,children,2014,103.0
Eswatini,SWZ,Africa,children,2008,110.0
Solomon Islands,SLB,Western Pacific,children,2013,111.0
Portugal,PRT,Europe,children,2008,122.0
Slovakia,SVK,Europe,children,2012,119.0
Belize,BLZ,Americas,children,2000,117.0
Bulgaria,BGR,Europe,children,2014,118.0
Spain,ESP,Europe,children,2018,121.0
Vanuatu,VUT,Western Pacific,children,2011,114.0
Guinea-Bissau,GNB,Africa,children,2016,101.0
Croatia,HRV,Europe,children,2018,119.0
Israel,ISR,Europe,children,2019,121.0
Naoero,NRU,Western Pacific,children,2004,110.0
Poland,POL,Europe,children,2019,120.0
Sierra Leone,SLE,Africa,children,2002,95.0
Iraq,IRQ,Eastern Mediterranean,children,2017,116.0
Somalia,SOM,Eastern Mediterranean,children,2001,102.0
"occupied Palestinian territory, including east Jerusalem",PSE,Eastern Mediterranean,children,2009,115.0
Austria,AUT,Europe,children,2003,122.0
United States of America,USA,Americas,children,2010,124.0
Saint Vincent and the Grenadines,VCT,Americas,children,2002,117.0
Marshall Islands,MHL,Western Pacific,children,2006,111.0
Andorra,AND,Europe,children,2013,122.0
Tonga,TON,Western Pacific,children,2014,114.0
Republic of Korea,KOR,Western Pacific,children,2010,121.0
Democratic People's Republic of Korea,PRK,South-East Asia,children,2000,111.0
Niger,NER,Africa,children,2010,98.0
Malta,MLT,Europe,children,2014,121.0
Iraq,IRQ,Eastern Mediterranean,children,2003,114.0
Niger,NER,Africa,children,2008,97.0
Saint Lucia,LCA,Americas,children,2017,120.0
Papua New Guinea,PNG,Western Pacific,children,2007,108.0
Israel,ISR,Europe,children,2010,122.0
Samoa,WSM,Western Pacific,children,2011,114.0
Portugal,PRT,Europe,children,2005,122.0
United Kingdom of Great Britain and Northern Ireland,GBR,Europe,children,2018,121.0
Cabo Verde,CPV,Africa,children,2003,108.0
Iceland,ISL,Europe,children,2003,123.0
Bahamas,BHS,Americas,children,2012,121.0
Cambodia,KHM,Western Pacific,children,2010,107.0
Saint Kitts and Nevis,KNA,Americas,children,2017,120.0
France,FRA,Europe,children,2004,123.0
Palau,PLW,Western Pacific,children,2017,114.0
Maldives,MDV,South-East Asia,children,2002,112.0
Liberia,LBR,Africa,children,2011,101.0
Jordan,JOR,Eastern Mediterranean,children,2006,116.0
Uruguay,URY,Americas,children,2018,117.0
Jamaica,JAM,Americas,children,2007,117.0
Republic of Moldova,MDA,Europe,children,2000,113.0
Togo,TGO,Africa,children,2005,98.0
Kazakhstan,KAZ,Europe,children,2006,115.0
Slovenia,SVN,Europe,children,2007,120.0
Iceland,ISL,Europe,children,2016,123.0
Lebanon,LBN,Eastern Mediterranean,children,2008,119.0
Yemen,YEM,Eastern Mediterranean,children,2013,93.0
Sri Lanka,LKA,South-East Asia,children,2004,116.0
China,CHN,Western Pacific,children,2014,121.0
Bulgaria,BGR,Europe,children,2016,118.0
Tonga,TON,Western Pacific,children,2019,114.0
Denmark,DNK,Europe,children,2016,121.0
Samoa,WSM,Western Pacific,children,2005,114.0
Central African Republic,CAF,Africa,children,2014,97.0
Yemen,YEM,Eastern Mediterranean,children,2010,93.0
Guyana,GUY,Americas,children,2003,113.0
Naoero,NRU,Western Pacific,children,2011,110.0
Niger,NER,Africa,children,2004,94.0
Senegal,SEN,Africa,children,2010,98.0
Kiribati,KIR,Western Pacific,children,2017,109.0
Ukraine,UKR,Europe,children,2005,117.0
Saint Kitts and Nevis,KNA,Americas,children,2004,118.0
Bhutan,BTN,South-East Asia,children,2001,102.0
Nepal,NPL,South-East Asia,children,2009,110.0
Hungary,HUN,Europe,children,2001,120.0
Ireland,IRL,Europe,children,2005,122.0
Cuba,CUB,Americas,children,2014,119.0
Gambia,GMB,Africa,children,2000,97.0
Sweden,SWE,Europe,children,2010,122.0
Netherlands (Kingdom of the),NLD,Europe,children,2006,122.0
Afghanistan,AFG,Eastern Mediterranean,children,2011,110.0
Cyprus,CYP,Europe,children,2014,122.0
Indonesia,IDN,Western Pacific,children,2018,113.0
Cuba,CUB,Americas,children,2019,120.0
Turkmenistan,TKM,Europe,children,2018,116.0
Spain,ESP,Europe,children,2009,122.0
Yemen,YEM,Eastern Mediterranean,children,2006,92.0
Mozambique,MOZ,Africa,children,2012,103.0
"occupied Palestinian territory, including east Jerusalem",PSE,Eastern Mediterranean,children,2008,115.0
Bhutan,BTN,South-East Asia,children,2017,110.0
Philippines,PHL,Western Pacific,children,2017,121.0
Bhutan,BTN,South-East Asia,children,2002,102.0
Japan,JPN,Western Pacific,children,2006,121.0
Bangladesh,BGD,South-East Asia,children,2001,107.0
Saint Lucia,LCA,Americas,children,2018,120.0
Luxembourg,LUX,Europe,children,2007,123.0
Tajikistan,TJK,Europe,children,2011,115.0
Sweden,SWE,Europe,children,2015,122.0
Bangladesh,BGD,South-East Asia,children,2003,108.0
Zimbabwe,ZWE,Africa,children,2016,112.0
Trinidad and Tobago,TTO,Americas,children,2011,117.0
Norway,NOR,Europe,children,2007,122.0
Finland,FIN,Europe,children,2017,123.0
Montenegro,MNE,Europe,children,2000,118.0
Cyprus,CYP,Europe,children,2007,122.0
Egypt,EGY,Eastern Mediterranean,children,2015,114.0
Romania,ROU,Europe,children,2012,116.0
South Africa,ZAF,Africa,children,2012,114.0
Kuwait,KWT,Eastern Mediterranean,children,2008,121.0
Malawi,MWI,Africa,children,2017,107.0
Saint Kitts and Nevis,KNA,Americas,children,2005,118.0
Monaco,MCO,Europe,children,2006,122.0
Montenegro,MNE,Europe,children,2008,120.0
Namibia,NAM,Africa,children,2019,110.0
Republic of Korea,KOR,Western Pacific,children,2019,121.0
Cook Islands,COK,Western Pacific,children,2015,117.0
Republic of Moldova,MDA,Europe,children,2019,117.0
Kyrgyzstan,KGZ,Europe,children,2018,114.0
Lebanon,LBN,Eastern Mediterranean,children,2015,119.0
"occupied Palestinian territory, including east Jerusalem",PSE,Eastern Mediterranean,children,2013,115.0
Denmark,DNK,Europe,children,2005,122.0
Indonesia,IDN,Western Pacific,children,2010,113.0
Lebanon,LBN,Eastern Mediterranean,children,2018,118.0
Central African Republic,CAF,Africa,children,2017,98.0
Portugal,PRT,Europe,children,2014,122.0
Tunisia,TUN,Eastern Mediterranean,children,2009,116.0
Kiribati,KIR,Western Pacific,children,2013,108.0
Iran (Islamic Republic of),IRN,Eastern Mediterranean,children,2010,116.0
Malaysia,MYS,Western Pacific,children,2003,120.0
Switzerland,CHE,Europe,children,2008,122.0
Guyana,GUY,Americas,children,2012,114.0
Germany,DEU,Europe,children,2007,122.0
Thailand,THA,South-East Asia,children,2017,117.0
Tuvalu,TUV,Western Pacific,children,2009,109.0
Indonesia,IDN,Western Pacific,children,2007,113.0
Indonesia,IDN,Western Pacific,children,2015,113.0
Andorra,AND,Europe,children,2001,122.0
Luxembourg,LUX,Europe,children,2002,123.0
Sao Tome and Principe,STP,Africa,children,2016,106.0
Iran (Islamic Republic of),IRN,Eastern Mediterranean,children,2003,113.0
Philippines,PHL,Western Pacific,children,2019,121.0
Marshall Islands,MHL,Western Pacific,children,2000,112.0
Madagascar,MDG,Africa,children,2019,109.0
Kenya,KEN,Africa,children,2011,112.0
Botswana,BWA,Africa,children,2002,111.0
Syrian Arab Republic,SYR,Eastern Mediterranean,children,2018,115.0
Senegal,SEN,Africa,children,2002,94.0
Senegal,SEN,Africa,children,2004,94.0
Colombia,COL,Americas,children,2019,120.0
Gambia,GMB,Africa,children,2006,98.0
Canada,CAN,Americas,children,2000,123.0
Timor-Leste,TLS,South-East Asia,children,2012,111.0
Saint Kitts and Nevis,KNA,Americas,children,2006,118.0
Niue,NIU,Western Pacific,children,2012,113.0
Samoa,WSM,Western Pacific,children,2018,114.0
Haiti,HTI,Americas,children,2015,105.0
United Arab Emirates,ARE,Eastern Mediterranean,children,2013,119.0
El Salvador,SLV,Americas,children,2006,118.0
Georgia,GEO,Europe,children,2015,118.0
Mali,MLI,Africa,children,2011,94.0
Malaysia,MYS,Western Pacific,children,2013,119.0
Qatar,QAT,Eastern Mediterranean,children,2002,118.0
Venezuela (Bolivarian Republic of),VEN,Americas,children,2014,117.0
Eritrea,ERI,Africa,children,2010,109.0
Belarus,BLR,Europe,children,2012,120.0
Guyana,GUY,Americas,children,2007,113.0
Cyprus,CYP,Europe,children,2000,122.0
Equatorial Guinea,GNQ,Africa,children,2008,101.0
Barbados,BRB,Americas,children,2004,119.0
Maldives,MDV,South-East Asia,children,2006,114.0
Guatemala,GTM,Americas,children,2009,117.0
Netherlands (Kingdom of the),NLD,Europe,children,2016,121.0
Guinea,GIN,Africa,children,2001,95.0
Viet Nam,VNM,Western Pacific,children,2013,119.0
Malta,MLT,Europe,children,2016,121.0
Portugal,PRT,Europe,children,2011,122.0
Ukraine,UKR,Europe,children,2007,118.0
Palau,PLW,Western Pacific,children,2010,114.0
Mali,MLI,Africa,children,2004,93.0
Dominica,DMA,Americas,children,2017,117.0
Oman,OMN,Eastern Mediterranean,children,2001,113.0
Micronesia (Federated States of),FSM,Western Pacific,children,2003,114.0
Iran (Islamic Republic of),IRN,Eastern Mediterranean,children,2009,115.0
South Sudan,SSD,Africa,children,2001,100.0
Rwanda,RWA,Africa,children,2017,113.0
Switzerland,CHE,Europe,children,2009,122.0
Congo,COG,Africa,children,2008,104.0
Canada,CAN,Americas,children,2014,122.0
Bhutan,BTN,South-East Asia,children,2009,107.0
Tuvalu,TUV,Western Pacific,children,2011,110.0
Hungary,HUN,Europe,children,2006,120.0
Brazil,BRA,Americas,children,2012,122.0
Romania,ROU,Europe,children,2006,114.0
Somalia,SOM,Eastern Mediterranean,children,2002,102.0
Dominica,DMA,Americas,children,2016,117.0
Cuba,CUB,Americas,children,2003,117.0
Mexico,MEX,Americas,children,2008,118.0
Qatar,QAT,Eastern Mediterranean,children,2001,118.0
Niue,NIU,Western Pacific,children,2016,113.0
Azerbaijan,AZE,Europe,children,2000,111.0
Bulgaria,BGR,Europe,children,2003,117.0
Democratic Republic of the Congo,COD,Africa,children,2003,98.0
United States of America,USA,Americas,children,2006,124.0
Germany,DEU,Europe,children,2012,122.0
Dominican Republic,DOM,Americas,children,2016,117.0
Mauritius,MUS,Africa,children,2004,116.0
Samoa,WSM,Western Pacific,children,2007,114.0
United Arab Emirates,ARE,Eastern Mediterranean,children,2016,120.0
Zimbabwe,ZWE,Africa,children,2015,112.0
Kenya,KEN,Africa,children,2002,107.0
Bosnia and Herzegovina,BIH,Europe,children,2001,118.0
Brunei Darussalam,BRN,Western Pacific,children,2002,120.0
Spain,ESP,Europe,children,2004,122.0
Democratic People's Republic of Korea,PRK,South-East Asia,children,2002,113.0
Republic of Korea,KOR,Western Pacific,children,2000,121.0
Sudan,SDN,Eastern Mediterranean,children,2019,108.0
China,CHN,Western Pacific,children,2005,119.0
Monaco,MCO,Europe,children,2007,122.0
Naoero,NRU,Western Pacific,children,2016,111.0
Myanmar,MMR,South-East Asia,children,2009,109.0
India,IND,South-East Asia,children,2010,105.0
Kiribati,KIR,Western Pacific,children,2019,109.0
Malawi,MWI,Africa,children,2014,106.0
Portugal,PRT,Europe,children,2007,122.0
Zambia,ZMB,Africa,children,2009,106.0
Syrian Arab Republic,SYR,Eastern Mediterranean,children,2010,116.0
Greece,GRC,Europe,children,2008,122.0
Morocco,MAR,Eastern Mediterranean,children,2000,114.0
Cabo Verde,CPV,Africa,children,2018,111.0
Fiji,FJI,Western Pacific,children,2005,113.0
Nicaragua,NIC,Americas,children,2013,120.0
Mexico,MEX,Americas,children,2011,119.0
Naoero,NRU,Western Pacific,children,2015,111.0
Belarus,BLR,Europe,children,2008,120.0
Mexico,MEX,Americas,children,2001,117.0
Philippines,PHL,Western Pacific,children,2015,120.0
France,FRA,Europe,children,2015,122.0
Panama,PAN,Americas,children,2016,120.0
Papua New Guinea,PNG,Western Pacific,children,2001,108.0
Algeria,DZA,Africa,children,2001,113.0
Guyana,GUY,Americas,children,2010,114.0
Tunisia,TUN,Eastern Mediterranean,children,2017,116.0
Saudi Arabia,SAU,Eastern Mediterranean,children,2005,117.0
Comoros,COM,Africa,children,2005,105.0
Guatemala,GTM,Americas,children,2005,115.0
Ireland,IRL,Europe,children,2017,122.0
Peru,PER,Americas,children,2010,112.0
Croatia,HRV,Europe,children,2002,119.0
Liberia,LBR,Africa,children,2001,96.0
Peru,PER,Americas,children,2004,111.0
Panama,PAN,Americas,children,2008,117.0
Malaysia,MYS,Western Pacific,children,2001,120.0
Equatorial Guinea,GNQ,Africa,children,2002,97.0
Central African Republic,CAF,Africa,children,2008,96.0
Palau,PLW,Western Pacific,children,2014,114.0
Gambia,GMB,Africa,children,2016,104.0
Lithuania,LTU,Europe,children,2018,120.0
Iceland,ISL,Europe,children,2001,123.0
India,IND,South-East Asia,children,2014,107.0
Eritrea,ERI,Africa,children,2014,109.0
Malawi,MWI,Africa,children,2011,104.0
Malta,MLT,Europe,children,2009,121.0
Tajikistan,TJK,Europe,children,2009,114.0
Greece,GRC,Europe,children,2012,121.0
Tunisia,TUN,Eastern Mediterranean,children,2004,115.0
Costa Rica,CRI,Americas,children,2015,120.0
Naoero,NRU,Western Pacific,children,2017,111.0
San Marino,SMR,Europe,children,2002,122.0
Greece,GRC,Europe,children,2017,121.0
Gambia,GMB,Africa,children,2012,101.0
Viet Nam,VNM,Western Pacific,children,2018,119.0
United States of America,USA,Americas,children,2016,124.0
Cook Islands,COK,Western Pacific,children,2001,116.0
Qatar,QAT,Eastern Mediterranean,children,2006,118.0
Ecuador,ECU,Americas,children,2000,115.0
Viet Nam,VNM,Western Pacific,children,2015,119.0
Malta,MLT,Europe,children,2010,121.0
Ukraine,UKR,Europe,children,2000,117.0
Cuba,CUB,Americas,children,2012,119.0
Niger,NER,Africa,children,2006,95.0
United Kingdom of Great Britain and Northern Ireland,GBR,Europe,children,2015,121.0
Slovakia,SVK,Europe,children,2018,118.0
Republic of Korea,KOR,Western Pacific,children,2004,121.0
Angola,AGO,Africa,children,2000,99.0
Myanmar,MMR,South-East Asia,children,2014,109.0
Fiji,FJI,Western Pacific,children,2013,113.0
Dominica,DMA,Americas,children,2007,117.0
Tonga,TON,Western Pacific,children,2006,115.0
El Salvador,SLV,Americas,children,2017,118.0
Eritrea,ERI,Africa,children,2000,104.0
Haiti,HTI,Americas,children,2009,105.0
Monaco,MCO,Europe,children,2003,122.0
Kyrgyzstan,KGZ,Europe,children,2010,114.0
Cyprus,CYP,Europe,children,2016,121.0
Dominican Republic,DOM,Americas,children,2004,115.0
Jamaica,JAM,Americas,children,2017,118.0
Ireland,IRL,Europe,children,2002,122.0
Albania,ALB,Europe,children,2010,118.0
Luxembourg,LUX,Europe,children,2005,123.0
Togo,TGO,Africa,children,2013,100.0
Bosnia and Herzegovina,BIH,Europe,children,2018,118.0
Senegal,SEN,Africa,children,2012,99.0
Bhutan,BTN,South-East Asia,children,2011,108.0
Somalia,SOM,Eastern Mediterranean,children,2012,105.0
Chad,TCD,Africa,children,2006,97.0
Barbados,BRB,Americas,children,2015,119.0
Cameroon,CMR,Africa,children,2015,104.0
United States of America,USA,Americas,children,2015,124.0
Lao People's Democratic Republic,LAO,Western Pacific,children,2002,109.0
Marshall Islands,MHL,Western Pacific,children,2001,112.0
United States of America,USA,Americas,children,2017,124.0
Brazil,BRA,Americas,children,2004,120.0
Sao Tome and Principe,STP,Africa,children,2018,106.0
Bosnia and Herzegovina,BIH,Europe,children,2004,118.0
Burkina Faso,BFA,Africa,children,2017,96.0
Norway,NOR,Europe,children,2008,122.0
Uruguay,URY,Americas,children,2003,118.0
Dominica,DMA,Americas,children,2011,117.0
Somalia,SOM,Eastern Mediterranean,children,2017,107.0
Bangladesh,BGD,South-East Asia,children,2016,111.0
Ghana,GHA,Africa,children,2007,99.0
Afghanistan,AFG,Eastern Mediterranean,children,2000,107.0
France,FRA,Europe,children,2018,121.0
Uzbekistan,UZB,Europe,children,2001,110.0
Dominican Republic,DOM,Americas,children,2012,116.0
Bangladesh,BGD,South-East Asia,children,2012,111.0
Mexico,MEX,Americas,children,2007,118.0
Costa Rica,CRI,Americas,children,2004,120.0
Mexico,MEX,Americas,children,2005,118.0
Jordan,JOR,Eastern Mediterranean,children,2008,116.0
Tajikistan,TJK,Europe,children,2016,114.0
Guinea,GIN,Africa,children,2019,100.0
Seychelles,SYC,Africa,children,2019,116.0
Viet Nam,VNM,Western Pacific,children,2012,119.0
Japan,JPN,Western Pacific,children,2011,121.0
Djibouti,DJI,Eastern Mediterranean,children,2011,108.0
Jamaica,JAM,Americas,children,2009,117.0
Lithuania,LTU,Europe,children,2019,120.0
Equatorial Guinea,GNQ,Africa,children,2005,99.0
Seychelles,SYC,Africa,children,2007,117.0
Lesotho,LSO,Africa,children,2018,109.0
Czechia,CZE,Europe,children,2007,121.0
Brunei Darussalam,BRN,Western Pacific,children,2005,120.0
Hungary,HUN,Europe,children,2009,120.0
Malawi,MWI,Africa,children,2008,102.0
Kiribati,KIR,Western Pacific,children,2007,108.0
United Republic of Tanzania,TZA,Africa,children,2003,101.0
Niue,NIU,Western Pacific,children,2007,113.0
Japan,JPN,Western Pacific,children,2001,121.0
Timor-Leste,TLS,South-East Asia,children,2014,110.0
Seychelles,SYC,Africa,children,2016,116.0
Lebanon,LBN,Eastern Mediterranean,children,2012,119.0
Ethiopia,ETH,Africa,children,2011,107.0
Haiti,HTI,Americas,children,2016,105.0
Comoros,COM,Africa,children,2004,105.0
Tonga,TON,Western Pacific,children,2017,114.0
Ukraine,UKR,Europe,children,2016,118.0
Costa Rica,CRI,Americas,children,2018,120.0
Seychelles,SYC,Africa,children,2009,117.0
Turkmenistan,TKM,Europe,children,2016,116.0
Libya,LBY,Eastern Mediterranean,children,2018,117.0
Guyana,GUY,Americas,children,2009,114.0
Malawi,MWI,Africa,children,2004,100.0
Papua New Guinea,PNG,Western Pacific,children,2013,109.0
Maldives,MDV,South-East Asia,children,2017,113.0
Bahrain,BHR,Eastern Mediterranean,children,2002,117.0
Slovakia,SVK,Europe,children,2010,119.0
Venezuela (Bolivarian Republic of),VEN,Americas,children,2004,116.0
Saudi Arabia,SAU,Eastern Mediterranean,children,2004,117.0
Kiribati,KIR,Western Pacific,children,2002,108.0
Thailand,THA,South-East Asia,children,2001,117.0
Belgium,BEL,Europe,children,2006,121.0
Bolivia (Plurinational State of),BOL,Americas,children,2004,106.0
Croatia,HRV,Europe,children,2006,120.0
Bhutan,BTN,South-East Asia,children,2005,104.0
Micronesia (Federated States of),FSM,Western Pacific,children,2012,113.0
Bangladesh,BGD,South-East Asia,children,2005,109.0
Turkmenistan,TKM,Europe,children,2000,112.0
Latvia,LVA,Europe,children,2002,117.0
Uzbekistan,UZB,Europe,children,2017,118.0
Iraq,IRQ,Eastern Mediterranean,children,2002,114.0
Republic of Korea,KOR,Western Pacific,children,2009,121.0
Central African Republic,CAF,Africa,children,2012,97.0
Marshall Islands,MHL,Western Pacific,children,2017,112.0
Trinidad and Tobago,TTO,Americas,children,2005,116.0
Panama,PAN,Americas,children,2001,115.0
Vanuatu,VUT,Western Pacific,children,2007,114.0
Latvia,LVA,Europe,children,2016,119.0
Israel,ISR,Europe,children,2013,122.0
Brunei Darussalam,BRN,Western Pacific,children,2015,120.0
Liberia,LBR,Africa,children,2004,99.0
Andorra,AND,Europe,children,2017,122.0
Azerbaijan,AZE,Europe,children,2018,118.0
Peru,PER,Americas,children,2008,112.0
Singapore,SGP,Western Pacific,children,2017,122.0
Bahrain,BHR,Eastern Mediterranean,children,2011,118.0
Viet Nam,VNM,Western Pacific,children,2007,117.0
Greece,GRC,Europe,children,2003,122.0
Portugal,PRT,Europe,children,2013,122.0
Slovenia,SVN,Europe,children,2001,120.0
Uganda,UGA,Africa,children,2003,100.0
Israel,ISR,Europe,children,2007,122.0
Jamaica,JAM,Americas,children,2012,118.0
Greece,GRC,Europe,children,2010,121.0
Lao People's Democratic Republic,LAO,Western Pacific,children,2014,112.0
Cyprus,CYP,Europe,children,2017,121.0
Ecuador,ECU,Americas,children,2011,118.0
Denmark,DNK,Europe,children,2000,122.0
Peru,PER,Americas,children,2018,115.0
Colombia,COL,Americas,children,2007,117.0
Maldives,MDV,South-East Asia,children,2016,113.0
Saint Kitts and Nevis,KNA,Americas,children,2000,118.0
Honduras,HND,Americas,children,2009,114.0
Pakistan,PAK,Eastern Mediterranean,children,2002,104.0
Russian Federation,RUS,Europe,children,2003,117.0
Trinidad and Tobago,TTO,Americas,children,2012,118.0
Congo,COG,Africa,children,2017,105.0
Australia,AUS,Western Pacific,children,2013,122.0
Bulgaria,BGR,Europe,children,2011,118.0
Samoa,WSM,Western Pacific,children,2003,115.0
Türkiye,TUR,Europe,children,2008,115.0
Chile,CHL,Americas,children,2017,120.0
Uruguay,URY,Americas,children,2001,118.0
Romania,ROU,Europe,children,2009,115.0
Algeria,DZA,Africa,children,2011,114.0
Cook Islands,COK,Western Pacific,children,2011,116.0
Libya,LBY,Eastern Mediterranean,children,2008,116.0
Iraq,IRQ,Eastern Mediterranean,children,2014,117.0
Lebanon,LBN,Eastern Mediterranean,children,2003,118.0
Jamaica,JAM,Americas,children,2001,117.0
Algeria,DZA,Africa,children,2006,113.0
Timor-Leste,TLS,South-East Asia,children,2013,110.0
Sudan,SDN,Eastern Mediterranean,children,2009,107.0
Mongolia,MNG,Western Pacific,children,2010,120.0
Tuvalu,TUV,Western Pacific,children,2017,111.0
Portugal,PRT,Europe,children,2018,121.0
Ghana,GHA,Africa,children,2010,101.0
Saint Vincent and the Grenadines,VCT,Americas,children,2000,117.0
Namibia,NAM,Africa,children,2018,110.0
Bahamas,BHS,Americas,children,2003,120.0
Panama,PAN,Americas,children,2003,116.0
Iran (Islamic Republic of),IRN,Eastern Mediterranean,children,2016,117.0
Türkiye,TUR,Europe,children,2014,117.0
Republic of Korea,KOR,Western Pacific,children,2017,121.0
Croatia,HRV,Europe,children,2015,120.0
Tajikistan,TJK,Europe,children,2002,111.0
Italy,ITA,Europe,children,2016,121.0
Iran (Islamic Republic of),IRN,Eastern Mediterranean,children,2005,114.0
Zambia,ZMB,Africa,children,2005,105.0
Nicaragua,NIC,Americas,children,2003,118.0
Spain,ESP,Europe,children,2003,122.0
Russian Federation,RUS,Europe,children,2013,118.0
Lesotho,LSO,Africa,children,2013,109.0
Gabon,GAB,Africa,children,2016,106.0
Malawi,MWI,Africa,children,2015,106.0
New Zealand,NZL,Western Pacific,children,2017,121.0
Hungary,HUN,Europe,children,2007,120.0
United States of America,USA,Americas,children,2011,124.0
Hungary,HUN,Europe,children,2017,120.0
France,FRA,Europe,children,2010,122.0
Nepal,NPL,South-East Asia,children,2005,108.0
Netherlands (Kingdom of the),NLD,Europe,children,2010,122.0
United Kingdom of Great Britain and Northern Ireland,GBR,Europe,children,2016,121.0
Türkiye,TUR,Europe,children,2012,117.0
Uruguay,URY,Americas,children,2016,118.0
Uzbekistan,UZB,Europe,children,2010,115.0
Iraq,IRQ,Eastern Mediterranean,children,2000,113.0
Dominica,DMA,Americas,children,2002,117.0
Estonia,EST,Europe,children,2014,120.0
Morocco,MAR,Eastern Mediterranean,children,2006,115.0
Pakistan,PAK,Eastern Mediterranean,children,2017,106.0
Gambia,GMB,Africa,children,2009,99.0
Lao People's Democratic Republic,LAO,Western Pacific,children,2001,109.0
Pakistan,PAK,Eastern Mediterranean,children,2000,103.0
South Africa,ZAF,Africa,children,2014,114.0
Fiji,FJI,Western Pacific,children,2003,113.0
Tunisia,TUN,Eastern Mediterranean,children,2002,115.0
Canada,CAN,Americas,children,2019,122.0
Costa Rica,CRI,Americas,children,2002,119.0
Niue,NIU,Western Pacific,children,2014,113.0
Botswana,BWA,Africa,children,2006,113.0
France,FRA,Europe,children,2011,122.0
Denmark,DNK,Europe,children,2001,122.0
United Kingdom of Great Britain and Northern Ireland,GBR,Europe,children,2002,121.0
Somalia,SOM,Eastern Mediterranean,children,2018,107.0
South Africa,ZAF,Africa,children,2010,114.0
Honduras,HND,Americas,children,2002,114.0
Democratic People's Republic of Korea,PRK,South-East Asia,children,2007,114.0
Saint Vincent and the Grenadines,VCT,Americas,children,2006,118.0
Republic of Moldova,MDA,Europe,children,2015,117.0
Belgium,BEL,Europe,children,2011,121.0
Togo,TGO,Africa,children,2008,99.0
Dominican Republic,DOM,Americas,children,2013,116.0
Armenia,ARM,Europe,children,2015,120.0
Sri Lanka,LKA,South-East Asia,children,2009,117.0
Suriname,SUR,Americas,children,2002,115.0
Mauritania,MRT,Africa,children,2013,101.0
Cambodia,KHM,Western Pacific,children,2002,104.0
Viet Nam,VNM,Western Pacific,children,2009,118.0
Myanmar,MMR,South-East Asia,children,2013,109.0
Slovakia,SVK,Europe,children,2017,118.0
Fiji,FJI,Western Pacific,children,2019,113.0
Ecuador,ECU,Americas,children,2016,118.0
Republic of Moldova,MDA,Europe,children,2011,117.0
Armenia,ARM,Europe,children,2018,119.0
Mongolia,MNG,Western Pacific,children,2008,120.0
North Macedonia,MKD,Europe,children,2006,118.0
Cameroon,CMR,Africa,children,2008,103.0
Brunei Darussalam,BRN,Western Pacific,children,2018,120.0
Ecuador,ECU,Americas,children,2009,117.0
Kiribati,KIR,Western Pacific,children,2016,108.0
Brazil,BRA,Americas,children,2016,123.0
Burundi,BDI,Africa,children,2004,104.0
Eritrea,ERI,Africa,children,2008,108.0
Romania,ROU,Europe,children,2011,115.0
Turkmenistan,TKM,Europe,children,2008,116.0
Bangladesh,BGD,South-East Asia,children,2010,110.0
Portugal,PRT,Europe,children,2015,122.0
Grenada,GRD,Americas,children,2011,118.0
Mozambique,MOZ,Africa,children,2019,101.0
Democratic Republic of the Congo,COD,Africa,children,2014,102.0
Papua New Guinea,PNG,Western Pacific,children,2008,108.0
Pakistan,PAK,Eastern Mediterranean,children,2001,103.0
Brazil,BRA,Americas,children,2014,123.0
India,IND,South-East Asia,children,2015,107.0
Greece,GRC,Europe,children,2016,121.0
United Republic of Tanzania,TZA,Africa,children,2013,106.0
Germany,DEU,Europe,children,2013,122.0
Tonga,TON,Western Pacific,children,2002,115.0
Tonga,TON,Western Pacific,children,2009,114.0
Azerbaijan,AZE,Europe,children,2005,113.0
Equatorial Guinea,GNQ,Africa,children,2010,101.0
Mali,MLI,Africa,children,2013,94.0
New Zealand,NZL,Western Pacific,children,2015,121.0
Sao Tome and Principe,STP,Africa,children,2000,101.0
Peru,PER,Americas,children,2009,112.0
San Marino,SMR,Europe,children,2003,122.0
Saint Vincent and the Grenadines,VCT,Americas,children,2014,119.0
Kenya,KEN,Africa,children,2004,108.0
Mauritania,MRT,Africa,children,2001,99.0
Botswana,BWA,Africa,children,2010,113.0
Sweden,SWE,Europe,children,2004,122.0
Togo,TGO,Africa,children,2016,100.0
Madagascar,MDG,Africa,children,2005,106.0
United Kingdom of Great Britain and Northern Ireland,GBR,Europe,children,2009,121.0
Vanuatu,VUT,Western Pacific,children,2018,115.0
Cameroon,CMR,Africa,children,2016,105.0
Vanuatu,VUT,Western Pacific,children,2009,114.0
Malta,MLT,Europe,children,2013,121.0
Democratic Republic of the Congo,COD,Africa,children,2013,102.0
Ukraine,UKR,Europe,children,2017,118.0
Jordan,JOR,Eastern Mediterranean,children,2001,115.0
Finland,FIN,Europe,children,2014,123.0
Kyrgyzstan,KGZ,Europe,children,2007,113.0
Iceland,ISL,Europe,children,2011,123.0
Libya,LBY,Eastern Mediterranean,children,2003,115.0
Saint Lucia,LCA,Americas,children,2008,119.0
Democratic People's Republic of Korea,PRK,South-East Asia,children,2009,115.0
Singapore,SGP,Western Pacific,children,2000,122.0
Sri Lanka,LKA,South-East Asia,children,2000,115.0
Marshall Islands,MHL,Western Pacific,children,2019,113.0
Norway,NOR,Europe,children,2001,122.0
Belarus,BLR,Europe,children,2013,120.0
Guinea,GIN,Africa,children,2004,96.0
Rwanda,RWA,Africa,children,2018,113.0
Mongolia,MNG,Western Pacific,children,2006,119.0
Botswana,BWA,Africa,children,2016,112.0
New Zealand,NZL,Western Pacific,children,2007,122.0
Brazil,BRA,Americas,children,2017,124.0
Thailand,THA,South-East Asia,children,2008,117.0
Jamaica,JAM,Americas,children,2005,117.0
El Salvador,SLV,Americas,children,2005,118.0
Burkina Faso,BFA,Africa,children,2014,93.0
Syrian Arab Republic,SYR,Eastern Mediterranean,children,2009,116.0
Mauritania,MRT,Africa,children,2002,99.0
Malawi,MWI,Africa,children,2005,101.0
Vanuatu,VUT,Western Pacific,children,2016,115.0
Rwanda,RWA,Africa,children,2019,113.0
Eritrea,ERI,Africa,children,2003,106.0
Bahamas,BHS,Americas,children,2002,120.0
Bolivia (Plurinational State of),BOL,Americas,children,2018,114.0
Palau,PLW,Western Pacific,children,2002,114.0
Mauritania,MRT,Africa,children,2016,102.0
Timor-Leste,TLS,South-East Asia,children,2018,110.0
Uganda,UGA,Africa,children,2016,107.0
Kiribati,KIR,Western Pacific,children,2015,108.0
Slovakia,SVK,Europe,children,2011,119.0
Gabon,GAB,Africa,children,2011,104.0
Austria,AUT,Europe,children,2005,122.0
Maldives,MDV,South-East Asia,children,2008,114.0
Barbados,BRB,Americas,children,2006,119.0
Malaysia,MYS,Western Pacific,children,2012,119.0
Solomon Islands,SLB,Western Pacific,children,2011,111.0
Mozambique,MOZ,Africa,children,2013,103.0
Ukraine,UKR,Europe,children,2002,117.0
India,IND,South-East Asia,children,2000,101.0
Chad,TCD,Africa,children,2000,95.0
Trinidad and Tobago,TTO,Americas,children,2010,117.0
Syrian Arab Republic,SYR,Eastern Mediterranean,children,2005,115.0
Dominican Republic,DOM,Americas,children,2009,116.0
Antigua and Barbuda,ATG,Americas,children,2009,119.0
Brazil,BRA,Americas,children,2018,124.0
Portugal,PRT,Europe,children,2010,122.0
Sierra Leone,SLE,Africa,children,2000,94.0
Guinea,GIN,Africa,children,2009,98.0
Croatia,HRV,Europe,children,2001,119.0
Eswatini,SWZ,Africa,children,2004,110.0
South Sudan,SSD,Africa,children,2005,103.0
Malawi,MWI,Africa,children,2006,101.0
Sao Tome and Principe,STP,Africa,children,2006,104.0
Saint Kitts and Nevis,KNA,Americas,children,2011,119.0
Sri Lanka,LKA,South-East Asia,children,2011,117.0
Lao People's Democratic Republic,LAO,Western Pacific,children,2008,111.0
Panama,PAN,Americas,children,2007,116.0
Ecuador,ECU,Americas,children,2010,117.0
Tajikistan,TJK,Europe,children,2014,114.0
Saint Vincent and the Grenadines,VCT,Americas,children,2011,119.0
Niger,NER,Africa,children,2001,93.0
Niger,NER,Africa,children,2000,93.0
Republic of Moldova,MDA,Europe,children,2006,115.0
Armenia,ARM,Europe,children,2011,119.0
Netherlands (Kingdom of the),NLD,Europe,children,2003,122.0
Cote d'Ivoire,CIV,Africa,children,2018,100.0
Costa Rica,CRI,Americas,children,2000,119.0
Lithuania,LTU,Europe,children,2008,120.0
Guyana,GUY,Americas,children,2019,116.0
Norway,NOR,Europe,children,2010,122.0
Kazakhstan,KAZ,Europe,children,2013,118.0
Hungary,HUN,Europe,children,2019,120.0
Canada,CAN,Americas,children,2009,123.0
Czechia,CZE,Europe,children,2005,121.0
Lao People's Democratic Republic,LAO,Western Pacific,children,2010,111.0
Mongolia,MNG,Western Pacific,children,2004,119.0
Gabon,GAB,Africa,children,2008,104.0
Norway,NOR,Europe,children,2006,122.0
Chad,TCD,Africa,children,2009,98.0
Italy,ITA,Europe,children,2012,122.0
Honduras,HND,Americas,children,2012,115.0
Morocco,MAR,Eastern Mediterranean,children,2001,114.0
Japan,JPN,Western Pacific,children,2000,121.0
Tunisia,TUN,Eastern Mediterranean,children,2007,115.0
Nepal,NPL,South-East Asia,children,2004,107.0
Azerbaijan,AZE,Europe,children,2006,113.0
Tonga,TON,Western Pacific,children,2000,115.0
Rwanda,RWA,Africa,children,2005,109.0
Uzbekistan,UZB,Europe,children,2014,117.0
Saint Lucia,LCA,Americas,children,2004,119.0
Germany,DEU,Europe,children,2015,122.0
Uzbekistan,UZB,Europe,children,2018,118.0
Equatorial Guinea,GNQ,Africa,children,2014,102.0
Brunei Darussalam,BRN,Western Pacific,children,2014,120.0
Mauritania,MRT,Africa,children,2010,101.0
Libya,LBY,Eastern Mediterranean,children,2013,117.0
Algeria,DZA,Africa,children,2009,114.0
Sierra Leone,SLE,Africa,children,2007,97.0
Sudan,SDN,Eastern Mediterranean,children,2013,108.0
Australia,AUS,Western Pacific,children,2014,122.0
Republic of Korea,KOR,Western Pacific,children,2014,121.0
Afghanistan,AFG,Eastern Mediterranean,children,2012,111.0
Sweden,SWE,Europe,children,2007,122.0
Saudi Arabia,SAU,Eastern Mediterranean,children,2008,118.0
Germany,DEU,Europe,children,2004,122.0
Tuvalu,TUV,Western Pacific,children,2007,109.0
Cote d'Ivoire,CIV,Africa,children,2012,99.0
Kazakhstan,KAZ,Europe,children,2000,111.0
Portugal,PRT,Europe,children,2012,122.0
Ireland,IRL,Europe,children,2009,122.0
Finland,FIN,Europe,children,2002,123.0
Niue,NIU,Western Pacific,children,2015,113.0
Kenya,KEN,Africa,children,2017,112.0
Greece,GRC,Europe,children,2019,120.0
Ethiopia,ETH,Africa,children,2016,108.0
Argentina,ARG,Americas,children,2016,121.0
Oman,OMN,Eastern Mediterranean,children,2006,114.0
Gabon,GAB,Africa,children,2005,103.0
Marshall Islands,MHL,Western Pacific,children,2003,112.0
Malawi,MWI,Africa,children,2013,105.0
Malaysia,MYS,Western Pacific,children,2011,119.0
Tunisia,TUN,Eastern Mediterranean,children,2011,116.0
Russian Federation,RUS,Europe,children,2008,118.0
Gabon,GAB,Africa,children,2002,102.0
Kiribati,KIR,Western Pacific,children,2001,108.0
Myanmar,MMR,South-East Asia,children,2010,109.0
Norway,NOR,Europe,children,2004,122.0
Togo,TGO,Africa,children,2003,97.0
Pakistan,PAK,Eastern Mediterranean,children,2003,104.0
Costa Rica,CRI,Americas,children,2007,120.0
Tunisia,TUN,Eastern Mediterranean,children,2014,116.0
Kyrgyzstan,KGZ,Europe,children,2002,112.0
Republic of Moldova,MDA,Europe,children,2007,116.0
Kiribati,KIR,Western Pacific,children,2005,108.0
United Kingdom of Great Britain and Northern Ireland,GBR,Europe,children,2005,121.0
Poland,POL,Europe,children,2000,119.0
Syrian Arab Republic,SYR,Eastern Mediterranean,children,2015,115.0
Zambia,ZMB,Africa,children,2014,107.0
Peru,PER,Americas,children,2016,115.0
Peru,PER,Americas,children,2000,111.0
Iraq,IRQ,Eastern Mediterranean,children,2012,116.0
Palau,PLW,Western Pacific,children,2003,114.0
Morocco,MAR,Eastern Mediterranean,children,2002,114.0
Nigeria,NGA,Africa,children,2000,95.0
Chile,CHL,Americas,children,2012,120.0
Albania,ALB,Europe,children,2007,117.0
Montenegro,MNE,Europe,children,2009,120.0
Trinidad and Tobago,TTO,Americas,children,2000,116.0
Afghanistan,AFG,Eastern Mediterranean,children,2006,110.0
Senegal,SEN,Africa,children,2009,97.0
Venezuela (Bolivarian Republic of),VEN,Americas,children,2012,118.0
Netherlands (Kingdom of the),NLD,Europe,children,2019,121.0
Cook Islands,COK,Western Pacific,children,2018,117.0
Eswatini,SWZ,Africa,children,2011,111.0
Bolivia (Plurinational State of),BOL,Americas,children,2000,106.0
Mongolia,MNG,Western Pacific,children,2017,120.0
Niger,NER,Africa,children,2015,99.0
Ecuador,ECU,Americas,children,2003,116.0
United Kingdom of Great Britain and Northern Ireland,GBR,Europe,children,2003,121.0
Serbia,SRB,Europe,children,2008,120.0
Bahamas,BHS,Americas,children,2014,121.0
Switzerland,CHE,Europe,children,2004,123.0
Niger,NER,Africa,children,2014,99.0
Nicaragua,NIC,Americas,children,2009,120.0
Angola,AGO,Africa,children,2017,105.0
Somalia,SOM,Eastern Mediterranean,children,2009,104.0
Kazakhstan,KAZ,Europe,children,2007,116.0
Czechia,CZE,Europe,children,2017,120.0
Russian Federation,RUS,Europe,children,2012,118.0
Dominican Republic,DOM,Americas,children,2010,116.0
Sweden,SWE,Europe,children,2006,122.0
Austria,AUT,Europe,children,2015,122.0
New Zealand,NZL,Western Pacific,children,2006,122.0
Georgia,GEO,Europe,children,2011,118.0
Saint Kitts and Nevis,KNA,Americas,children,2013,119.0
Malta,MLT,Europe,children,2000,121.0
Guatemala,GTM,Americas,children,2018,125.0
South Sudan,SSD,Africa,children,2004,102.0
Palau,PLW,Western Pacific,children,2011,114.0
Lesotho,LSO,Africa,children,2016,109.0
Lebanon,LBN,Eastern Mediterranean,children,2001,117.0
Switzerland,CHE,Europe,children,2019,121.0
Naoero,NRU,Western Pacific,children,2000,111.0
Iceland,ISL,Europe,children,2000,123.0
Guatemala,GTM,Americas,children,2007,116.0
Lithuania,LTU,Europe,children,2013,120.0
Czechia,CZE,Europe,children,2008,121.0
Thailand,THA,South-East Asia,children,2000,117.0
Greece,GRC,Europe,children,2018,120.0
Guyana,GUY,Americas,children,2018,116.0
Turkmenistan,TKM,Europe,children,2004,114.0
Eritrea,ERI,Africa,children,2015,109.0
Gabon,GAB,Africa,children,2003,102.0
Dominican Republic,DOM,Americas,children,2006,115.0
Malta,MLT,Europe,children,2015,121.0
Guinea-Bissau,GNB,Africa,children,2008,99.0
Argentina,ARG,Americas,children,2010,121.0
Paraguay,PRY,Americas,children,2010,116.0
Latvia,LVA,Europe,children,2008,119.0
Brunei Darussalam,BRN,Western Pacific,children,2012,120.0
North Macedonia,MKD,Europe,children,2008,119.0
Maldives,MDV,South-East Asia,children,2010,114.0
Namibia,NAM,Africa,children,2009,110.0
Gambia,GMB,Africa,children,2014,102.0
Malta,MLT,Europe,children,2004,121.0
Venezuela (Bolivarian Republic of),VEN,Americas,children,2006,117.0
Viet Nam,VNM,Western Pacific,children,2006,117.0
Tuvalu,TUV,Western Pacific,children,2018,112.0
Bulgaria,BGR,Europe,children,2008,117.0
Uganda,UGA,Africa,children,2008,103.0
Colombia,COL,Americas,children,2012,119.0
Sri Lanka,LKA,South-East Asia,children,2016,117.0
Yemen,YEM,Eastern Mediterranean,children,2016,93.0
Bhutan,BTN,South-East Asia,children,2016,110.0
Seychelles,SYC,Africa,children,2002,117.0
Sudan,SDN,Eastern Mediterranean,children,2016,108.0
Saint Vincent and the Grenadines,VCT,Americas,children,2012,119.0
Eswatini,SWZ,Africa,children,2015,112.0
Dominica,DMA,Americas,children,2019,117.0
Samoa,WSM,Western Pacific,children,2017,114.0
Fiji,FJI,Western Pacific,children,2009,112.0
Senegal,SEN,Africa,children,2000,94.0
Niger,NER,Africa,children,2018,100.0
Malta,MLT,Europe,children,2018,120.0
Turkmenistan,TKM,Europe,children,2013,116.0
Switzerland,CHE,Europe,children,2016,122.0
Grenada,GRD,Americas,children,2002,118.0
Jordan,JOR,Eastern Mediterranean,children,2014,116.0
Angola,AGO,Africa,children,2005,103.0
Zimbabwe,ZWE,Africa,children,2009,109.0
Paraguay,PRY,Americas,children,2014,116.0
Tuvalu,TUV,Western Pacific,children,2016,111.0
Malaysia,MYS,Western Pacific,children,2016,118.0
Serbia,SRB,Europe,children,2007,120.0
Bulgaria,BGR,Europe,children,2018,118.0
Guinea,GIN,Africa,children,2015,98.0
Chad,TCD,Africa,children,2017,101.0
Nepal,NPL,South-East Asia,children,2017,111.0
Colombia,COL,Americas,children,2018,120.0
Comoros,COM,Africa,children,2007,106.0
Lesotho,LSO,Africa,children,2010,109.0
Brunei Darussalam,BRN,Western Pacific,children,2013,120.0
Samoa,WSM,Western Pacific,children,2010,114.0
Norway,NOR,Europe,children,2002,122.0
Barbados,BRB,Americas,children,2003,119.0
Saint Kitts and Nevis,KNA,Americas,children,2003,118.0
Bangladesh,BGD,South-East Asia,children,2014,111.0
Ecuador,ECU,Americas,children,2008,117.0
Brazil,BRA,Americas,children,2010,122.0
Nepal,NPL,South-East Asia,children,2018,111.0
Philippines,PHL,Western Pacific,children,2007,116.0
Ghana,GHA,Africa,children,2003,98.0
Singapore,SGP,Western Pacific,children,2010,122.0
Somalia,SOM,Eastern Mediterranean,children,2007,103.0
Burkina Faso,BFA,Africa,children,2012,92.0
Belgium,BEL,Europe,children,2003,121.0
Eritrea,ERI,Africa,children,2018,109.0
Cambodia,KHM,Western Pacific,children,2017,109.0
Armenia,ARM,Europe,children,2010,119.0
Palau,PLW,Western Pacific,children,2001,114.0
Guinea-Bissau,GNB,Africa,children,2003,96.0
Uzbekistan,UZB,Europe,children,2003,111.0
Albania,ALB,Europe,children,2013,118.0
Costa Rica,CRI,Americas,children,2006,120.0
Spain,ESP,Europe,children,2015,122.0
Guyana,GUY,Americas,children,2000,112.0
Niue,NIU,Western Pacific,children,2008,113.0
Morocco,MAR,Eastern Mediterranean,children,2010,115.0
Hungary,HUN,Europe,children,2012,120.0
Bangladesh,BGD,South-East Asia,children,2004,108.0
Mali,MLI,Africa,children,2018,96.0
Malawi,MWI,Africa,children,2003,99.0
Ukraine,UKR,Europe,children,2008,118.0
Romania,ROU,Europe,children,2013,116.0
Lao People's Democratic Republic,LAO,Western Pacific,children,2019,112.0
Uganda,UGA,Africa,children,2014,107.0
Cyprus,CYP,Europe,children,2009,122.0
Qatar,QAT,Eastern Mediterranean,children,2010,118.0
Czechia,CZE,Europe,children,2003,120.0
Congo,COG,Africa,children,2005,102.0
Cook Islands,COK,Western Pacific,children,2000,116.0
Pakistan,PAK,Eastern Mediterranean,children,2011,104.0
Canada,CAN,Americas,children,2017,122.0
Mongolia,MNG,Western Pacific,children,2009,120.0
Zambia,ZMB,Africa,children,2002,103.0
Maldives,MDV,South-East Asia,children,2012,114.0
Kazakhstan,KAZ,Europe,children,2003,113.0
Naoero,NRU,Western Pacific,children,2006,110.0
Kazakhstan,KAZ,Europe,children,2010,117.0
Tajikistan,TJK,Europe,children,2019,113.0
Oman,OMN,Eastern Mediterranean,children,2000,113.0
Costa Rica,CRI,Americas,children,2010,120.0
El Salvador,SLV,Americas,children,2008,118.0
South Sudan,SSD,Africa,children,2016,105.0
Bolivia (Plurinational State of),BOL,Americas,children,2006,107.0
Bahrain,BHR,Eastern Mediterranean,children,2013,118.0
Algeria,DZA,Africa,children,2002,113.0
Gambia,GMB,Africa,children,2004,98.0
Liberia,LBR,Africa,children,2017,100.0
Panama,PAN,Americas,children,2005,116.0
Georgia,GEO,Europe,children,2016,118.0
Canada,CAN,Americas,children,2005,123.0
Lao People's Democratic Republic,LAO,Western Pacific,children,2000,109.0
Bolivia (Plurinational State of),BOL,Americas,children,2013,110.0
Brazil,BRA,Americas,children,2013,123.0
Serbia,SRB,Europe,children,2005,120.0
Democratic People's Republic of Korea,PRK,South-East Asia,children,2011,115.0
Guyana,GUY,Americas,children,2004,113.0
Timor-Leste,TLS,South-East Asia,children,2015,110.0
Bahrain,BHR,Eastern Mediterranean,children,2012,118.0
Luxembourg,LUX,Europe,children,2000,123.0
Mauritius,MUS,Africa,children,2007,117.0
Sao Tome and Principe,STP,Africa,children,2015,106.0
Nigeria,NGA,Africa,children,2010,100.0
Ukraine,UKR,Europe,children,2019,117.0
Ethiopia,ETH,Africa,children,2015,108.0
Comoros,COM,Africa,children,2006,106.0
Myanmar,MMR,South-East Asia,children,2016,109.0
Seychelles,SYC,Africa,children,2000,117.0
South Africa,ZAF,Africa,children,2011,114.0
Poland,POL,Europe,children,2008,120.0
Costa Rica,CRI,Americas,children,2019,120.0
Iraq,IRQ,Eastern Mediterranean,children,2004,114.0
Senegal,SEN,Africa,children,2013,99.0
Mozambique,MOZ,Africa,children,2016,102.0
Romania,ROU,Europe,children,2000,114.0
India,IND,South-East Asia,children,2003,102.0
San Marino,SMR,Europe,children,2000,122.0
Slovenia,SVN,Europe,children,2013,120.0
Guinea-Bissau,GNB,Africa,children,2000,95.0
Mauritania,MRT,Africa,children,2019,103.0
Albania,ALB,Europe,children,2000,114.0
Malta,MLT,Europe,children,2001,121.0
Japan,JPN,Western Pacific,children,2015,121.0
Mexico,MEX,Americas,children,2006,118.0
Uganda,UGA,Africa,children,2002,99.0
Comoros,COM,Africa,children,2002,104.0
Benin,BEN,Africa,children,2014,100.0
Madagascar,MDG,Africa,children,2008,108.0
Spain,ESP,Europe,children,2010,122.0
Japan,JPN,Western Pacific,children,2003,121.0
Mauritius,MUS,Africa,children,2014,117.0
Tuvalu,TUV,Western Pacific,children,2019,112.0
Haiti,HTI,Americas,children,2007,104.0
United Kingdom of Great Britain and Northern Ireland,GBR,Europe,children,2006,121.0
Dominica,DMA,Americas,children,2000,117.0
Marshall Islands,MHL,Western Pacific,children,2014,112.0
Dominica,DMA,Americas,children,2003,117.0
Fiji,FJI,Western Pacific,children,2001,114.0
Sierra Leone,SLE,Africa,children,2019,100.0
Mauritius,MUS,Africa,children,2013,117.0
Spain,ESP,Europe,children,2017,121.0
Libya,LBY,Eastern Mediterranean,children,2006,116.0
Myanmar,MMR,South-East Asia,children,2017,109.0
"occupied Palestinian territory, including east Jerusalem",PSE,Eastern Mediterranean,children,2014,115.0
Democratic Republic of the Congo,COD,Africa,children,2010,101.0
Latvia,LVA,Europe,children,2005,118.0
Armenia,ARM,Europe,children,2016,120.0
Benin,BEN,Africa,children,2018,101.0
Central African Republic,CAF,Africa,children,2006,95.0
Spain,ESP,Europe,children,2016,121.0
Togo,TGO,Africa,children,2019,100.0
Sweden,SWE,Europe,children,2009,122.0
Sudan,SDN,Eastern Mediterranean,children,2005,106.0
Myanmar,MMR,South-East Asia,children,2006,108.0
South Sudan,SSD,Africa,children,2014,105.0
Poland,POL,Europe,children,2011,120.0
Ecuador,ECU,Americas,children,2019,118.0
Benin,BEN,Africa,children,2005,97.0
Russian Federation,RUS,Europe,children,2019,119.0
Oman,OMN,Eastern Mediterranean,children,2016,117.0
Democratic Republic of the Congo,COD,Africa,children,2006,100.0
Italy,ITA,Europe,children,2004,122.0
Guinea,GIN,Africa,children,2011,98.0
Albania,ALB,Europe,children,2018,116.0
Pakistan,PAK,Eastern Mediterranean,children,2016,106.0
Mozambique,MOZ,Africa,children,2017,102.0
Paraguay,PRY,Americas,children,2002,115.0
El Salvador,SLV,Americas,children,2019,118.0
Vanuatu,VUT,Western Pacific,children,2019,115.0
San Marino,SMR,Europe,children,2012,122.0
Guinea,GIN,Africa,children,2014,98.0
Haiti,HTI,Americas,children,2018,105.0
Antigua and Barbuda,ATG,Americas,children,2002,117.0
Morocco,MAR,Eastern Mediterranean,children,2005,115.0
Panama,PAN,Americas,children,2006,116.0
Maldives,MDV,South-East Asia,children,2014,114.0
Chad,TCD,Africa,children,2018,101.0
China,CHN,Western Pacific,children,2010,120.0
Uruguay,URY,Americas,children,2004,118.0
Austria,AUT,Europe,children,2006,122.0
North Macedonia,MKD,Europe,children,2009,119.0
Kenya,KEN,Africa,children,2001,106.0
Republic of Moldova,MDA,Europe,children,2003,114.0
Slovenia,SVN,Europe,children,2004,120.0
Kyrgyzstan,KGZ,Europe,children,2000,111.0
Netherlands (Kingdom of the),NLD,Europe,children,2002,122.0
Honduras,HND,Americas,children,2007,114.0
Djibouti,DJI,Eastern Mediterranean,children,2008,107.0
Andorra,AND,Europe,children,2016,122.0
Belize,BLZ,Americas,children,2006,118.0
Zimbabwe,ZWE,Africa,children,2000,112.0
Iraq,IRQ,Eastern Mediterranean,children,2001,114.0
Egypt,EGY,Eastern Mediterranean,children,2000,113.0
Denmark,DNK,Europe,children,2003,122.0
Mongolia,MNG,Western Pacific,children,2000,118.0
Czechia,CZE,Europe,children,2011,121.0
Eswatini,SWZ,Africa,children,2003,110.0
Malawi,MWI,Africa,children,2016,106.0
Mexico,MEX,Americas,children,2015,119.0
Marshall Islands,MHL,Western Pacific,children,2016,112.0
Democratic Republic of the Congo,COD,Africa,children,2002,98.0
Chile,CHL,Americas,children,2011,120.0
Romania,ROU,Europe,children,2010,115.0
Lesotho,LSO,Africa,children,2007,109.0
Azerbaijan,AZE,Europe,children,2002,112.0
Uruguay,URY,Americas,children,2007,118.0
Solomon Islands,SLB,Western Pacific,children,2012,111.0
Paraguay,PRY,Americas,children,2005,115.0
Cambodia,KHM,Western Pacific,children,2008,107.0
Syrian Arab Republic,SYR,Eastern Mediterranean,children,2017,115.0
China,CHN,Western Pacific,children,2001,118.0
Cyprus,CYP,Europe,children,2015,121.0
Bangladesh,BGD,South-East Asia,children,2000,106.0
Democratic Republic of the Congo,COD,Africa,children,2015,102.0
Costa Rica,CRI,Americas,children,2009,120.0
Marshall Islands,MHL,Western Pacific,children,2004,112.0
Guinea-Bissau,GNB,Africa,children,2011,100.0
Australia,AUS,Western Pacific,children,2000,122.0
Ecuador,ECU,Americas,children,2007,117.0
Eritrea,ERI,Africa,children,2011,109.0
Albania,ALB,Europe,children,2004,116.0
United States of America,USA,Americas,children,2019,124.0
Spain,ESP,Europe,children,2019,121.0
Djibouti,DJI,Eastern Mediterranean,children,2015,108.0
Cote d'Ivoire,CIV,Africa,children,2000,95.0
Djibouti,DJI,Eastern Mediterranean,children,2019,108.0
Italy,ITA,Europe,children,2017,121.0
Lesotho,LSO,Africa,children,2017,109.0
Dominican Republic,DOM,Americas,children,2002,114.0
Rwanda,RWA,Africa,children,2002,106.0
Ecuador,ECU,Americas,children,2004,116.0
Ireland,IRL,Europe,children,2006,122.0
Burkina Faso,BFA,Africa,children,2007,90.0
Ethiopia,ETH,Africa,children,2002,102.0
Monaco,MCO,Europe,children,2000,122.0
Cyprus,CYP,Europe,children,2010,122.0
South Africa,ZAF,Africa,children,2001,112.0
Lithuania,LTU,Europe,children,2004,119.0
South Sudan,SSD,Africa,children,2013,105.0
Türkiye,TUR,Europe,children,2004,114.0
Egypt,EGY,Eastern Mediterranean,children,2016,115.0
Lesotho,LSO,Africa,children,2015,109.0
Timor-Leste,TLS,South-East Asia,children,2002,109.0
Bolivia (Plurinational State of),BOL,Americas,children,2002,106.0
Thailand,THA,South-East Asia,children,2006,117.0
Norway,NOR,Europe,children,2016,122.0
Tuvalu,TUV,Western Pacific,children,2006,109.0
Niue,NIU,Western Pacific,children,2005,113.0
Spain,ESP,Europe,children,2006,122.0
Germany,DEU,Europe,children,2014,122.0
France,FRA,Europe,children,2003,123.0
Rwanda,RWA,Africa,children,2016,113.0
Naoero,NRU,Western Pacific,children,2013,111.0
Luxembourg,LUX,Europe,children,2019,123.0
Norway,NOR,Europe,children,2013,122.0
Honduras,HND,Americas,children,2015,116.0
Honduras,HND,Americas,children,2000,114.0
Kenya,KEN,Africa,children,2016,112.0
Croatia,HRV,Europe,children,2008,120.0
Czechia,CZE,Europe,children,2014,120.0
Liberia,LBR,Africa,children,2006,100.0
Saint Lucia,LCA,Americas,children,2001,119.0
Brazil,BRA,Americas,children,2019,124.0
Solomon Islands,SLB,Western Pacific,children,2016,112.0
United Kingdom of Great Britain and Northern Ireland,GBR,Europe,children,2001,121.0
Andorra,AND,Europe,children,2018,121.0
South Sudan,SSD,Africa,children,2018,105.0
Malawi,MWI,Africa,children,2000,97.0
Estonia,EST,Europe,children,2011,120.0
Canada,CAN,Americas,children,2007,123.0
Sierra Leone,SLE,Africa,children,2008,97.0
Lesotho,LSO,Africa,children,2009,109.0
New Zealand,NZL,Western Pacific,children,2013,122.0
South Africa,ZAF,Africa,children,2013,114.0
Chile,CHL,Americas,children,2015,120.0
Rwanda,RWA,Africa,children,2012,113.0
Tuvalu,TUV,Western Pacific,children,2013,110.0
Zimbabwe,ZWE,Africa,children,2006,109.0
Nigeria,NGA,Africa,children,2011,100.0
Tajikistan,TJK,Europe,children,2017,114.0
Cameroon,CMR,Africa,children,2002,101.0
Sudan,SDN,Eastern Mediterranean,children,2006,107.0
Sao Tome and Principe,STP,Africa,children,2007,104.0
Tunisia,TUN,Eastern Mediterranean,children,2001,114.0
Brazil,BRA,Americas,children,2007,120.0
United Kingdom of Great Britain and Northern Ireland,GBR,Europe,children,2013,121.0
Guatemala,GTM,Americas,children,2017,125.0
Indonesia,IDN,Western Pacific,children,2016,113.0
Kiribati,KIR,Western Pacific,children,2008,108.0
Bhutan,BTN,South-East Asia,children,2013,109.0
Iran (Islamic Republic of),IRN,Eastern Mediterranean,children,2008,115.0
Seychelles,SYC,Africa,children,2006,117.0
Lesotho,LSO,Africa,children,2000,109.0
Yemen,YEM,Eastern Mediterranean,children,2009,93.0
Mexico,MEX,Americas,children,2012,119.0
United Arab Emirates,ARE,Eastern Mediterranean,children,2008,120.0
Luxembourg,LUX,Europe,children,2008,123.0
Chad,TCD,Africa,children,2013,99.0
United Arab Emirates,ARE,Eastern Mediterranean,children,2002,120.0
Tonga,TON,Western Pacific,children,2013,114.0
Djibouti,DJI,Eastern Mediterranean,children,2004,105.0
El Salvador,SLV,Americas,children,2012,117.0
Nigeria,NGA,Africa,children,2003,97.0
Burundi,BDI,Africa,children,2016,107.0
Guyana,GUY,Americas,children,2017,116.0
Burkina Faso,BFA,Africa,children,2005,90.0
Monaco,MCO,Europe,children,2019,121.0
Czechia,CZE,Europe,children,2001,120.0
Italy,ITA,Europe,children,2019,121.0
Peru,PER,Americas,children,2014,114.0
Uzbekistan,UZB,Europe,children,2006,113.0
Algeria,DZA,Africa,children,2013,114.0
Denmark,DNK,Europe,children,2010,122.0
Lao People's Democratic Republic,LAO,Western Pacific,children,2006,110.0
Cyprus,CYP,Europe,children,2006,122.0
Honduras,HND,Americas,children,2006,114.0
Guinea-Bissau,GNB,Africa,children,2007,98.0
Grenada,GRD,Americas,children,2001,118.0
Cameroon,CMR,Africa,children,2003,101.0
New Zealand,NZL,Western Pacific,children,2009,122.0
"occupied Palestinian territory, including east Jerusalem",PSE,Eastern Mediterranean,children,2016,115.0
Micronesia (Federated States of),FSM,Western Pacific,children,2000,114.0
Suriname,SUR,Americas,children,2016,117.0
Lebanon,LBN,Eastern Mediterranean,children,2014,119.0
Uruguay,URY,Americas,children,2010,118.0
Belarus,BLR,Europe,children,2000,118.0
Central African Republic,CAF,Africa,children,2000,94.0
Timor-Leste,TLS,South-East Asia,children,2008,111.0
Tonga,TON,Western Pacific,children,2005,115.0
Liberia,LBR,Africa,children,2010,101.0
Montenegro,MNE,Europe,children,2017,122.0
Germany,DEU,Europe,children,2010,122.0
Romania,ROU,Europe,children,2002,114.0
Indonesia,IDN,Western Pacific,children,2001,111.0
San Marino,SMR,Europe,children,2005,122.0
Serbia,SRB,Europe,children,2015,120.0
Greece,GRC,Europe,children,2002,122.0
Mozambique,MOZ,Africa,children,2018,102.0
Afghanistan,AFG,Eastern Mediterranean,children,2003,109.0
India,IND,South-East Asia,children,2016,107.0
United Republic of Tanzania,TZA,Africa,children,2000,100.0
Belarus,BLR,Europe,children,2016,120.0
Burkina Faso,BFA,Africa,children,2009,91.0
Eswatini,SWZ,Africa,children,2018,111.0
Afghanistan,AFG,Eastern Mediterranean,children,2016,110.0
New Zealand,NZL,Western Pacific,children,2019,121.0
Kenya,KEN,Africa,children,2019,111.0
Vanuatu,VUT,Western Pacific,children,2000,114.0
Egypt,EGY,Eastern Mediterranean,children,2017,115.0
Dominica,DMA,Americas,children,2001,117.0
Nicaragua,NIC,Americas,children,2006,119.0
Seychelles,SYC,Africa,children,2008,117.0
Serbia,SRB,Europe,children,2014,120.0
Mali,MLI,Africa,children,2016,95.0
Timor-Leste,TLS,South-East Asia,children,2017,110.0
Republic of Korea,KOR,Western Pacific,children,2006,121.0
Niue,NIU,Western Pacific,children,2004,113.0
Indonesia,IDN,Western Pacific,children,2012,113.0
Japan,JPN,Western Pacific,children,2018,120.0
Kazakhstan,KAZ,Europe,children,2001,112.0
United States of America,USA,Americas,children,2005,124.0
Seychelles,SYC,Africa,children,2005,117.0
Zimbabwe,ZWE,Africa,children,2003,111.0
Netherlands (Kingdom of the),NLD,Europe,children,2017,121.0
Malaysia,MYS,Western Pacific,children,2015,119.0
Tonga,TON,Western Pacific,children,2007,114.0
Egypt,EGY,Eastern Mediterranean,children,2008,113.0
El Salvador,SLV,Americas,children,2016,118.0
Thailand,THA,South-East Asia,children,2003,117.0
North Macedonia,MKD,Europe,children,2002,118.0
Suriname,SUR,Americas,children,2011,117.0
Kuwait,KWT,Eastern Mediterranean,children,2001,120.0
Congo,COG,Africa,children,2003,101.0
Colombia,COL,Americas,children,2002,116.0
Viet Nam,VNM,Western Pacific,children,2001,115.0
Malta,MLT,Europe,children,2019,120.0
Lithuania,LTU,Europe,children,2006,119.0
Naoero,NRU,Western Pacific,children,2005,110.0
Honduras,HND,Americas,children,2004,114.0
Benin,BEN,Africa,children,2017,101.0
Viet Nam,VNM,Western Pacific,children,2010,119.0
Uganda,UGA,Africa,children,2015,107.0
Kazakhstan,KAZ,Europe,children,2005,115.0
Kenya,KEN,Africa,children,2005,109.0
Syrian Arab Republic,SYR,Eastern Mediterranean,children,2000,115.0
Mauritius,MUS,Africa,children,2001,116.0
Botswana,BWA,Africa,children,2004,112.0
Türkiye,TUR,Europe,children,2005,114.0
Kenya,KEN,Africa,children,2006,110.0
Romania,ROU,Europe,children,2003,114.0
Brunei Darussalam,BRN,Western Pacific,children,2009,120.0
Czechia,CZE,Europe,children,2019,120.0
Cote d'Ivoire,CIV,Africa,children,2001,95.0
Solomon Islands,SLB,Western Pacific,children,2008,110.0
Georgia,GEO,Europe,children,2012,118.0
Turkmenistan,TKM,Europe,children,2002,113.0
Luxembourg,LUX,Europe,children,2015,123.0
Senegal,SEN,Africa,children,2014,100.0
Armenia,ARM,Europe,children,2008,118.0
Slovakia,SVK,Europe,children,2016,118.0
Togo,TGO,Africa,children,2006,98.0
Finland,FIN,Europe,children,2019,122.0
South Sudan,SSD,Africa,children,2017,105.0
Niue,NIU,Western Pacific,children,2011,113.0
Somalia,SOM,Eastern Mediterranean,children,2004,103.0
Afghanistan,AFG,Eastern Mediterranean,children,2007,110.0
Zambia,ZMB,Africa,children,2019,107.0
Somalia,SOM,Eastern Mediterranean,children,2011,105.0
Norway,NOR,Europe,children,2005,122.0
Iran (Islamic Republic of),IRN,Eastern Mediterranean,children,2001,112.0
Philippines,PHL,Western Pacific,children,2003,114.0
Yemen,YEM,Eastern Mediterranean,children,2001,91.0
Libya,LBY,Eastern Mediterranean,children,2004,115.0
Angola,AGO,Africa,children,2009,105.0
Saint Kitts and Nevis,KNA,Americas,children,2015,120.0
Antigua and Barbuda,ATG,Americas,children,2014,120.0
Costa Rica,CRI,Americas,children,2005,120.0
Republic of Korea,KOR,Western Pacific,children,2008,121.0
Mauritius,MUS,Africa,children,2003,116.0
Türkiye,TUR,Europe,children,2009,116.0
Burkina Faso,BFA,Africa,children,2011,91.0
Mozambique,MOZ,Africa,children,2000,96.0
Nepal,NPL,South-East Asia,children,2010,110.0
Chile,CHL,Americas,children,2001,119.0
United Republic of Tanzania,TZA,Africa,children,2007,103.0
Uruguay,URY,Americas,children,2006,118.0
Bhutan,BTN,South-East Asia,children,2014,109.0
Afghanistan,AFG,Eastern Mediterranean,children,2001,108.0
Namibia,NAM,Africa,children,2001,110.0
Guatemala,GTM,Americas,children,2015,123.0
Bolivia (Plurinational State of),BOL,Americas,children,2003,106.0
Indonesia,IDN,Western Pacific,children,2014,113.0
Gambia,GMB,Africa,children,2001,97.0
Algeria,DZA,Africa,children,2018,114.0
Belize,BLZ,Americas,children,2001,117.0
Argentina,ARG,Americas,children,2013,121.0
Bangladesh,BGD,South-East Asia,children,2018,111.0
South Sudan,SSD,Africa,children,2009,104.0
Saint Lucia,LCA,Americas,children,2003,119.0
Republic of Korea,KOR,Western Pacific,children,2003,121.0
Suriname,SUR,Americas,children,2005,115.0
Zambia,ZMB,Africa,children,2008,106.0
Turkmenistan,TKM,Europe,children,2005,115.0
Syrian Arab Republic,SYR,Eastern Mediterranean,children,2019,115.0
Rwanda,RWA,Africa,children,2006,110.0
Sierra Leone,SLE,Africa,children,2018,100.0
Guinea,GIN,Africa,children,2012,98.0
Guatemala,GTM,Americas,children,2012,120.0
Estonia,EST,Europe,children,2013,120.0
Togo,TGO,Africa,children,2001,96.0
Argentina,ARG,Americas,children,2011,121.0
Germany,DEU,Europe,children,2002,122.0
Suriname,SUR,Americas,children,2013,117.0
Gambia,GMB,Africa,children,2018,106.0
Gambia,GMB,Africa,children,2010,100.0
Botswana,BWA,Africa,children,2014,112.0
Sri Lanka,LKA,South-East Asia,children,2005,116.0
Djibouti,DJI,Eastern Mediterranean,children,2017,108.0
Uganda,UGA,Africa,children,2012,106.0
San Marino,SMR,Europe,children,2013,122.0
Belarus,BLR,Europe,children,2009,120.0
Lesotho,LSO,Africa,children,2008,109.0
Trinidad and Tobago,TTO,Americas,children,2016,119.0
Slovakia,SVK,Europe,children,2008,119.0
Gambia,GMB,Africa,children,2017,105.0
Portugal,PRT,Europe,children,2009,122.0
Nigeria,NGA,Africa,children,2006,98.0
Tuvalu,TUV,Western Pacific,children,2003,109.0
Ireland,IRL,Europe,children,2004,122.0
Bangladesh,BGD,South-East Asia,children,2013,111.0
Andorra,AND,Europe,children,2000,122.0
Honduras,HND,Americas,children,2017,117.0
Bhutan,BTN,South-East Asia,children,2015,110.0
Iceland,ISL,Europe,children,2004,123.0
Guinea-Bissau,GNB,Africa,children,2002,96.0
Samoa,WSM,Western Pacific,children,2004,114.0
Uruguay,URY,Americas,children,2000,119.0
Mongolia,MNG,Western Pacific,children,2019,120.0
Uruguay,URY,Americas,children,2012,118.0
South Africa,ZAF,Africa,children,2003,112.0
Bahamas,BHS,Americas,children,2015,121.0
Austria,AUT,Europe,children,2013,122.0
Lithuania,LTU,Europe,children,2000,118.0
Ecuador,ECU,Americas,children,2001,116.0
Uruguay,URY,Americas,children,2015,118.0
Hungary,HUN,Europe,children,2008,120.0
Ghana,GHA,Africa,children,2011,101.0
Malawi,MWI,Africa,children,2007,102.0
Eritrea,ERI,Africa,children,2004,107.0
Tunisia,TUN,Eastern Mediterranean,children,2003,115.0
Senegal,SEN,Africa,children,2016,101.0
Panama,PAN,Americas,children,2012,118.0
Tajikistan,TJK,Europe,children,2012,115.0
Belize,BLZ,Americas,children,2007,118.0
Bosnia and Herzegovina,BIH,Europe,children,2013,118.0
Paraguay,PRY,Americas,children,2018,117.0
Luxembourg,LUX,Europe,children,2010,123.0
Niue,NIU,Western Pacific,children,2001,114.0
Luxembourg,LUX,Europe,children,2012,123.0
Tuvalu,TUV,Western Pacific,children,2005,109.0
Cambodia,KHM,Western Pacific,children,2016,109.0
Ethiopia,ETH,Africa,children,2014,108.0
Micronesia (Federated States of),FSM,Western Pacific,children,2008,113.0
Haiti,HTI,Americas,children,2013,105.0
Sierra Leone,SLE,Africa,children,2009,98.0
Republic of Moldova,MDA,Europe,children,2009,116.0
Papua New Guinea,PNG,Western Pacific,children,2004,108.0
Zambia,ZMB,Africa,children,2007,106.0
Jamaica,JAM,Americas,children,2000,117.0
China,CHN,Western Pacific,children,2011,121.0
Madagascar,MDG,Africa,children,2007,107.0
Marshall Islands,MHL,Western Pacific,children,2015,112.0
Botswana,BWA,Africa,children,2019,111.0
Philippines,PHL,Western Pacific,children,2001,113.0
Indonesia,IDN,Western Pacific,children,2008,113.0
Zimbabwe,ZWE,Africa,children,2004,110.0
Sri Lanka,LKA,South-East Asia,children,2001,115.0
Singapore,SGP,Western Pacific,children,2011,122.0
Bolivia (Plurinational State of),BOL,Americas,children,2015,111.0
India,IND,South-East Asia,children,2013,106.0
Myanmar,MMR,South-East Asia,children,2018,109.0
Albania,ALB,Europe,children,2005,116.0
Russian Federation,RUS,Europe,children,2002,116.0
Sierra Leone,SLE,Africa,children,2010,98.0
Haiti,HTI,Americas,children,2005,104.0
Cabo Verde,CPV,Africa,children,2008,109.0
Malaysia,MYS,Western Pacific,children,2018,118.0
Rwanda,RWA,Africa,children,2008,111.0
Comoros,COM,Africa,children,2001,104.0
Antigua and Barbuda,ATG,Americas,children,2019,121.0
Qatar,QAT,Eastern Mediterranean,children,2014,119.0
Jamaica,JAM,Americas,children,2002,117.0
Micronesia (Federated States of),FSM,Western Pacific,children,2007,113.0
Azerbaijan,AZE,Europe,children,2008,114.0
Vanuatu,VUT,Western Pacific,children,2014,115.0
Guatemala,GTM,Americas,children,2016,124.0
Mongolia,MNG,Western Pacific,children,2015,121.0
Kyrgyzstan,KGZ,Europe,children,2017,114.0
Angola,AGO,Africa,children,2019,105.0
Slovenia,SVN,Europe,children,2016,120.0
Dominican Republic,DOM,Americas,children,2011,116.0
Naoero,NRU,Western Pacific,children,2018,112.0
Vanuatu,VUT,Western Pacific,children,2013,115.0
Lao People's Democratic Republic,LAO,Western Pacific,children,2018,112.0
Tonga,TON,Western Pacific,children,2016,114.0
Naoero,NRU,Western Pacific,children,2008,110.0
Poland,POL,Europe,children,2002,120.0
Albania,ALB,Europe,children,2015,117.0
Nigeria,NGA,Africa,children,2017,101.0
New Zealand,NZL,Western Pacific,children,2012,122.0
Burundi,BDI,Africa,children,2007,106.0
Montenegro,MNE,Europe,children,2003,119.0
Niue,NIU,Western Pacific,children,2002,114.0
Republic of Moldova,MDA,Europe,children,2008,116.0
Luxembourg,LUX,Europe,children,2017,123.0
Cuba,CUB,Americas,children,2016,120.0
Finland,FIN,Europe,children,2006,123.0
Austria,AUT,Europe,children,2011,122.0
Equatorial Guinea,GNQ,Africa,children,2001,97.0
Slovenia,SVN,Europe,children,2014,120.0
Cyprus,CYP,Europe,children,2002,122.0
Netherlands (Kingdom of the),NLD,Europe,children,2018,121.0
Lithuania,LTU,Europe,children,2016,120.0
Georgia,GEO,Europe,children,2009,117.0
Kenya,KEN,Africa,children,2010,112.0
Burkina Faso,BFA,Africa,children,2013,92.0
Senegal,SEN,Africa,children,2005,95.0
Iraq,IRQ,Eastern Mediterranean,children,2016,116.0
Grenada,GRD,Americas,children,2009,118.0
Dominica,DMA,Americas,children,2012,117.0
Bulgaria,BGR,Europe,children,2004,117.0
Burundi,BDI,Africa,children,2014,107.0
Czechia,CZE,Europe,children,2018,120.0
Sri Lanka,LKA,South-East Asia,children,2012,117.0
Liberia,LBR,Africa,children,2014,101.0
Luxembourg,LUX,Europe,children,2006,123.0
Papua New Guinea,PNG,Western Pacific,children,2002,108.0
Iceland,ISL,Europe,children,2013,123.0
Israel,ISR,Europe,children,2002,122.0
Australia,AUS,Western Pacific,children,2003,122.0
South Sudan,SSD,Africa,children,2010,105.0
Romania,ROU,Europe,children,2004,114.0
Burkina Faso,BFA,Africa,children,2015,94.0
Liberia,LBR,Africa,children,2002,97.0
South Africa,ZAF,Africa,children,2008,113.0
San Marino,SMR,Europe,children,2016,122.0
Malta,MLT,Europe,children,2017,121.0
Republic of Moldova,MDA,Europe,children,2013,117.0
Tajikistan,TJK,Europe,children,2007,114.0
Bahamas,BHS,Americas,children,2017,121.0
Sri Lanka,LKA,South-East Asia,children,2006,116.0
Oman,OMN,Eastern Mediterranean,children,2017,118.0
Niger,NER,Africa,children,2013,99.0
Eswatini,SWZ,Africa,children,2006,111.0
Nigeria,NGA,Africa,children,2004,97.0
Mali,MLI,Africa,children,2017,96.0
Bhutan,BTN,South-East Asia,children,2007,105.0
Eritrea,ERI,Africa,children,2002,106.0
Grenada,GRD,Americas,children,2017,118.0
Saint Kitts and Nevis,KNA,Americas,children,2002,118.0
Thailand,THA,South-East Asia,children,2002,117.0
Libya,LBY,Eastern Mediterranean,children,2014,117.0
Bahrain,BHR,Eastern Mediterranean,children,2017,118.0
United Republic of Tanzania,TZA,Africa,children,2014,106.0
Azerbaijan,AZE,Europe,children,2016,117.0
Romania,ROU,Europe,children,2016,116.0
Nicaragua,NIC,Americas,children,2008,120.0
Barbados,BRB,Americas,children,2009,119.0
Iran (Islamic Republic of),IRN,Eastern Mediterranean,children,2015,117.0
Yemen,YEM,Eastern Mediterranean,children,2018,93.0
Mali,MLI,Africa,children,2003,93.0
Cambodia,KHM,Western Pacific,children,2009,107.0
Spain,ESP,Europe,children,2000,122.0
North Macedonia,MKD,Europe,children,2015,118.0
Singapore,SGP,Western Pacific,children,2014,122.0
Singapore,SGP,Western Pacific,children,2015,122.0
Netherlands (Kingdom of the),NLD,Europe,children,2014,122.0
Spain,ESP,Europe,children,2011,122.0
Palau,PLW,Western Pacific,children,2004,114.0
Saint Vincent and the Grenadines,VCT,Americas,children,2005,118.0
"occupied Palestinian territory, including east Jerusalem",PSE,Eastern Mediterranean,children,2000,114.0
Burkina Faso,BFA,Africa,children,2002,89.0
Switzerland,CHE,Europe,children,2007,122.0
Myanmar,MMR,South-East Asia,children,2003,107.0
Estonia,EST,Europe,children,2015,120.0
Colombia,COL,Americas,children,2004,117.0
Greece,GRC,Europe,children,2006,122.0
South Africa,ZAF,Africa,children,2018,111.0
Colombia,COL,Americas,children,2005,117.0
Myanmar,MMR,South-East Asia,children,2012,109.0
Maldives,MDV,South-East Asia,children,2007,114.0
Viet Nam,VNM,Western Pacific,children,2000,114.0
Denmark,DNK,Europe,children,2013,122.0
South Africa,ZAF,Africa,children,2002,112.0
Chile,CHL,Americas,children,2005,120.0
Japan,JPN,Western Pacific,children,2012,121.0
Suriname,SUR,Americas,children,2015,117.0
Honduras,HND,Americas,children,2008,114.0
Guinea,GIN,Africa,children,2018,99.0
Belgium,BEL,Europe,children,2008,121.0
Dominica,DMA,Americas,children,2010,117.0
Finland,FIN,Europe,children,2010,123.0
Honduras,HND,Americas,children,2014,116.0
Antigua and Barbuda,ATG,Americas,children,2003,117.0
Angola,AGO,Africa,children,2006,104.0
Philippines,PHL,Western Pacific,children,2004,115.0
Republic of Moldova,MDA,Europe,children,2001,113.0
Venezuela (Bolivarian Republic of),VEN,Americas,children,2005,116.0
Afghanistan,AFG,Eastern Mediterranean,children,2014,111.0
Mozambique,MOZ,Africa,children,2009,103.0
Guatemala,GTM,Americas,children,2008,116.0
Chad,TCD,Africa,children,2001,95.0
Ecuador,ECU,Americas,children,2017,118.0
Mauritius,MUS,Africa,children,2012,117.0
Bosnia and Herzegovina,BIH,Europe,children,2006,118.0
Democratic Republic of the Congo,COD,Africa,children,2007,100.0
Benin,BEN,Africa,children,2011,100.0
Solomon Islands,SLB,Western Pacific,children,2018,113.0
Sweden,SWE,Europe,children,2002,122.0
Micronesia (Federated States of),FSM,Western Pacific,children,2005,113.0
Hungary,HUN,Europe,children,2015,120.0
France,FRA,Europe,children,2001,123.0
Jamaica,JAM,Americas,children,2004,117.0
Cote d'Ivoire,CIV,Africa,children,2014,99.0
Somalia,SOM,Eastern Mediterranean,children,2008,104.0
Colombia,COL,Americas,children,2009,118.0
Paraguay,PRY,Americas,children,2019,117.0
Morocco,MAR,Eastern Mediterranean,children,2012,116.0
Rwanda,RWA,Africa,children,2014,113.0
Japan,JPN,Western Pacific,children,2019,120.0
Mali,MLI,Africa,children,2010,94.0
Estonia,EST,Europe,children,2009,120.0
Romania,ROU,Europe,children,2014,116.0
Bahamas,BHS,Americas,children,2019,121.0
Cameroon,CMR,Africa,children,2006,102.0
Benin,BEN,Africa,children,2013,100.0
Mongolia,MNG,Western Pacific,children,2011,120.0
Maldives,MDV,South-East Asia,children,2000,110.0
United Republic of Tanzania,TZA,Africa,children,2002,101.0
France,FRA,Europe,children,2009,122.0
Sri Lanka,LKA,South-East Asia,children,2018,117.0
Saudi Arabia,SAU,Eastern Mediterranean,children,2009,118.0
Cote d'Ivoire,CIV,Africa,children,2003,96.0
Guatemala,GTM,Americas,children,2014,122.0
Slovenia,SVN,Europe,children,2015,120.0
Cuba,CUB,Americas,children,2004,117.0
Malawi,MWI,Africa,children,2012,104.0
Jamaica,JAM,Americas,children,2011,117.0
Djibouti,DJI,Eastern Mediterranean,children,2010,107.0
Republic of Korea,KOR,Western Pacific,children,2016,121.0
Switzerland,CHE,Europe,children,2018,122.0
Belgium,BEL,Europe,children,2005,121.0
Angola,AGO,Africa,children,2004,102.0
Bosnia and Herzegovina,BIH,Europe,children,2019,118.0
Belgium,BEL,Europe,children,2012,121.0
Türkiye,TUR,Europe,children,2011,116.0
Central African Republic,CAF,Africa,children,2005,95.0
Burundi,BDI,Africa,children,2011,108.0
Japan,JPN,Western Pacific,children,2017,120.0
Pakistan,PAK,Eastern Mediterranean,children,2004,104.0
Egypt,EGY,Eastern Mediterranean,children,2012,114.0
Serbia,SRB,Europe,children,2006,120.0
Iceland,ISL,Europe,children,2007,123.0
Sao Tome and Principe,STP,Africa,children,2009,105.0
Sierra Leone,SLE,Africa,children,2012,98.0
Singapore,SGP,Western Pacific,children,2002,122.0
Lebanon,LBN,Eastern Mediterranean,children,2007,119.0
India,IND,South-East Asia,children,2018,108.0
Iraq,IRQ,Eastern Mediterranean,children,2013,116.0
Tunisia,TUN,Eastern Mediterranean,children,2010,116.0
Lithuania,LTU,Europe,children,2005,119.0
Iraq,IRQ,Eastern Mediterranean,children,2011,116.0
Uzbekistan,UZB,Europe,children,2008,114.0
Bosnia and Herzegovina,BIH,Europe,children,2003,118.0
United Republic of Tanzania,TZA,Africa,children,2016,106.0
Palau,PLW,Western Pacific,children,2019,115.0
Lebanon,LBN,Eastern Mediterranean,children,2009,119.0
Slovenia,SVN,Europe,children,2002,120.0
Ghana,GHA,Africa,children,2015,103.0
Mongolia,MNG,Western Pacific,children,2016,121.0
Congo,COG,Africa,children,2015,105.0
Somalia,SOM,Eastern Mediterranean,children,2016,106.0
Belgium,BEL,Europe,children,2016,120.0
Australia,AUS,Western Pacific,children,2002,122.0
Republic of Moldova,MDA,Europe,children,2017,117.0
Eswatini,SWZ,Africa,children,2014,111.0
Kuwait,KWT,Eastern Mediterranean,children,2007,121.0
Bangladesh,BGD,South-East Asia,children,2002,107.0
Guatemala,GTM,Americas,children,2002,115.0
North Macedonia,MKD,Europe,children,2016,118.0
Botswana,BWA,Africa,children,2015,112.0
France,FRA,Europe,children,2006,123.0
Cook Islands,COK,Western Pacific,children,2019,117.0
Eswatini,SWZ,Africa,children,2016,112.0
Ghana,GHA,Africa,children,2002,98.0
Thailand,THA,South-East Asia,children,2007,117.0
Brazil,BRA,Americas,children,2003,119.0
Latvia,LVA,Europe,children,2018,120.0
Barbados,BRB,Americas,children,2019,120.0
Ukraine,UKR,Europe,children,2009,118.0
Burkina Faso,BFA,Africa,children,2016,95.0
Panama,PAN,Americas,children,2004,116.0
Antigua and Barbuda,ATG,Americas,children,2008,119.0
Philippines,PHL,Western Pacific,children,2011,119.0
Lithuania,LTU,Europe,children,2015,120.0
Norway,NOR,Europe,children,2011,122.0
Sierra Leone,SLE,Africa,children,2016,99.0
Syrian Arab Republic,SYR,Eastern Mediterranean,children,2008,116.0
Mauritania,MRT,Africa,children,2004,99.0
China,CHN,Western Pacific,children,2006,120.0
Kenya,KEN,Africa,children,2014,112.0
Paraguay,PRY,Americas,children,2016,116.0
Togo,TGO,Africa,children,2015,100.0
Croatia,HRV,Europe,children,2012,120.0
Poland,POL,Europe,children,2006,120.0
Poland,POL,Europe,children,2001,119.0
Niger,NER,Africa,children,2019,101.0
Namibia,NAM,Africa,children,2005,110.0
Viet Nam,VNM,Western Pacific,children,2004,116.0
Cook Islands,COK,Western Pacific,children,2012,116.0
Türkiye,TUR,Europe,children,2006,115.0
Republic of Moldova,MDA,Europe,children,2018,117.0
Estonia,EST,Europe,children,2006,119.0
Guatemala,GTM,Americas,children,2019,126.0
Monaco,MCO,Europe,children,2012,122.0
Argentina,ARG,Americas,children,2002,120.0
Paraguay,PRY,Americas,children,2011,116.0
North Macedonia,MKD,Europe,children,2018,119.0
Poland,POL,Europe,children,2014,120.0
Guinea-Bissau,GNB,Africa,children,2014,100.0
Papua New Guinea,PNG,Western Pacific,children,2015,109.0
Mali,MLI,Africa,children,2001,92.0
Canada,CAN,Americas,children,2010,123.0
Jamaica,JAM,Americas,children,2008,117.0
Saint Kitts and Nevis,KNA,Americas,children,2014,120.0
Barbados,BRB,Americas,children,2018,120.0
Maldives,MDV,South-East Asia,children,2015,114.0
China,CHN,Western Pacific,children,2004,119.0
Vanuatu,VUT,Western Pacific,children,2006,114.0
Mali,MLI,Africa,children,2007,94.0
Grenada,GRD,Americas,children,2018,118.0
United Republic of Tanzania,TZA,Africa,children,2011,105.0
Bosnia and Herzegovina,BIH,Europe,children,2010,118.0
Ethiopia,ETH,Africa,children,2009,107.0
Bahamas,BHS,Americas,children,2009,121.0
Suriname,SUR,Americas,children,2001,115.0
Timor-Leste,TLS,South-East Asia,children,2003,110.0
Bahrain,BHR,Eastern Mediterranean,children,2019,118.0
Thailand,THA,South-East Asia,children,2010,118.0
Bhutan,BTN,South-East Asia,children,2004,103.0
Bosnia and Herzegovina,BIH,Europe,children,2016,118.0
Belgium,BEL,Europe,children,2004,121.0
Lebanon,LBN,Eastern Mediterranean,children,2002,118.0
Finland,FIN,Europe,children,2013,123.0
Bolivia (Plurinational State of),BOL,Americas,children,2014,110.0
Haiti,HTI,Americas,children,2010,105.0
Somalia,SOM,Eastern Mediterranean,children,2010,104.0
Uruguay,URY,Americas,children,2011,118.0
Timor-Leste,TLS,South-East Asia,children,2000,108.0
Myanmar,MMR,South-East Asia,children,2008,108.0
Venezuela (Bolivarian Republic of),VEN,Americas,children,2015,117.0
Serbia,SRB,Europe,children,2009,120.0
Bahrain,BHR,Eastern Mediterranean,children,2014,118.0
Guinea,GIN,Africa,children,2017,99.0
Sweden,SWE,Europe,children,2005,122.0
Australia,AUS,Western Pacific,children,2016,122.0
Saint Vincent and the Grenadines,VCT,Americas,children,2007,118.0
Ghana,GHA,Africa,children,2019,106.0
Uruguay,URY,Americas,children,2017,118.0
Ethiopia,ETH,Africa,children,2013,108.0
Monaco,MCO,Europe,children,2016,122.0
Grenada,GRD,Americas,children,2019,119.0
Mongolia,MNG,Western Pacific,children,2003,119.0
Eswatini,SWZ,Africa,children,2009,111.0
Belgium,BEL,Europe,children,2015,121.0
Barbados,BRB,Americas,children,2012,119.0
Papua New Guinea,PNG,Western Pacific,children,2011,109.0
Turkmenistan,TKM,Europe,children,2014,116.0
Micronesia (Federated States of),FSM,Western Pacific,children,2009,113.0
Samoa,WSM,Western Pacific,children,2000,115.0
Russian Federation,RUS,Europe,children,2001,116.0
Mexico,MEX,Americas,children,2002,117.0
Cambodia,KHM,Western Pacific,children,2018,109.0
Cabo Verde,CPV,Africa,children,2002,107.0
Latvia,LVA,Europe,children,2003,118.0
Qatar,QAT,Eastern Mediterranean,children,2009,118.0
Morocco,MAR,Eastern Mediterranean,children,2004,114.0
Japan,JPN,Western Pacific,children,2002,121.0
Grenada,GRD,Americas,children,2016,118.0
Norway,NOR,Europe,children,2017,122.0
Cote d'Ivoire,CIV,Africa,children,2007,98.0
Argentina,ARG,Americas,children,2004,120.0
Montenegro,MNE,Europe,children,2016,121.0
Sudan,SDN,Eastern Mediterranean,children,2002,105.0
Fiji,FJI,Western Pacific,children,2008,112.0
Serbia,SRB,Europe,children,2000,119.0
Albania,ALB,Europe,children,2019,115.0
Myanmar,MMR,South-East Asia,children,2011,109.0
Viet Nam,VNM,Western Pacific,children,2008,118.0
Cameroon,CMR,Africa,children,2007,103.0
Philippines,PHL,Western Pacific,children,2000,113.0
Australia,AUS,Western Pacific,children,2007,122.0
Monaco,MCO,Europe,children,2001,122.0
Algeria,DZA,Africa,children,2014,114.0
Comoros,COM,Africa,children,2009,106.0
Malaysia,MYS,Western Pacific,children,2019,118.0
Morocco,MAR,Eastern Mediterranean,children,2017,116.0
Guyana,GUY,Americas,children,2005,113.0
"occupied Palestinian territory, including east Jerusalem",PSE,Eastern Mediterranean,children,2006,115.0
Democratic Republic of the Congo,COD,Africa,children,2016,102.0
Vanuatu,VUT,Western Pacific,children,2002,114.0
Ukraine,UKR,Europe,children,2012,118.0
Belarus,BLR,Europe,children,2019,120.0
Argentina,ARG,Americas,children,2019,121.0
Democratic Republic of the Congo,COD,Africa,children,2000,97.0
Turkmenistan,TKM,Europe,children,2006,115.0
Egypt,EGY,Eastern Mediterranean,children,2014,114.0
Türkiye,TUR,Europe,children,2016,117.0
Philippines,PHL,Western Pacific,children,2016,121.0
Ireland,IRL,Europe,children,2008,122.0
Costa Rica,CRI,Americas,children,2011,120.0
Lesotho,LSO,Africa,children,2005,109.0
Netherlands (Kingdom of the),NLD,Europe,children,2004,122.0
Azerbaijan,AZE,Europe,children,2013,117.0
Hungary,HUN,Europe,children,2013,120.0
Cambodia,KHM,Western Pacific,children,2003,105.0
Belarus,BLR,Europe,children,2010,120.0
Georgia,GEO,Europe,children,2008,117.0
Trinidad and Tobago,TTO,Americas,children,2013,118.0
Spain,ESP,Europe,children,2002,122.0
Hungary,HUN,Europe,children,2000,119.0
Palau,PLW,Western Pacific,children,2006,114.0
Saint Kitts and Nevis,KNA,Americas,children,2018,120.0
Gambia,GMB,Africa,children,2002,97.0
Lesotho,LSO,Africa,children,2001,109.0
Guyana,GUY,Americas,children,2008,113.0
Cabo Verde,CPV,Africa,children,2013,109.0
Cabo Verde,CPV,Africa,children,2010,109.0
Canada,CAN,Americas,children,2012,123.0
United Arab Emirates,ARE,Eastern Mediterranean,children,2000,120.0
North Macedonia,MKD,Europe,children,2014,118.0
Malawi,MWI,Africa,children,2010,103.0
Zambia,ZMB,Africa,children,2003,104.0
Comoros,COM,Africa,children,2016,107.0
Iraq,IRQ,Eastern Mediterranean,children,2015,117.0
Qatar,QAT,Eastern Mediterranean,children,2015,119.0
New Zealand,NZL,Western Pacific,children,2002,122.0
South Africa,ZAF,Africa,children,2015,113.0
Cuba,CUB,Americas,children,2015,119.0
Lithuania,LTU,Europe,children,2003,119.0
San Marino,SMR,Europe,children,2006,122.0
Democratic People's Republic of Korea,PRK,South-East Asia,children,2017,115.0
United Republic of Tanzania,TZA,Africa,children,2018,107.0
Turkmenistan,TKM,Europe,children,2001,113.0
Barbados,BRB,Americas,children,2001,119.0
Myanmar,MMR,South-East Asia,children,2015,109.0
Ecuador,ECU,Americas,children,2012,118.0
Indonesia,IDN,Western Pacific,children,2006,112.0
Saint Vincent and the Grenadines,VCT,Americas,children,2010,119.0
Lithuania,LTU,Europe,children,2002,118.0
Dominica,DMA,Americas,children,2008,117.0
Burkina Faso,BFA,Africa,children,2003,89.0
Sri Lanka,LKA,South-East Asia,children,2014,117.0
Zimbabwe,ZWE,Africa,children,2001,112.0
Marshall Islands,MHL,Western Pacific,children,2010,111.0
Mauritius,MUS,Africa,children,2018,116.0
Argentina,ARG,Americas,children,2005,120.0
Seychelles,SYC,Africa,children,2011,117.0
Cabo Verde,CPV,Africa,children,2015,110.0
Luxembourg,LUX,Europe,children,2004,123.0
Israel,ISR,Europe,children,2016,122.0
Kyrgyzstan,KGZ,Europe,children,2019,114.0
San Marino,SMR,Europe,children,2015,122.0
Kenya,KEN,Africa,children,2018,111.0
Haiti,HTI,Americas,children,2006,104.0
Democratic People's Republic of Korea,PRK,South-East Asia,children,2010,115.0
Guinea,GIN,Africa,children,2010,98.0
Trinidad and Tobago,TTO,Americas,children,2008,117.0
Qatar,QAT,Eastern Mediterranean,children,2013,119.0
Fiji,FJI,Western Pacific,children,2000,114.0
Azerbaijan,AZE,Europe,children,2012,116.0
Andorra,AND,Europe,children,2010,122.0
Palau,PLW,Western Pacific,children,2013,114.0
Gabon,GAB,Africa,children,2006,103.0
Colombia,COL,Americas,children,2014,119.0
Singapore,SGP,Western Pacific,children,2007,122.0
Cook Islands,COK,Western Pacific,children,2002,116.0
Afghanistan,AFG,Eastern Mediterranean,children,2017,110.0
China,CHN,Western Pacific,children,2013,121.0
Marshall Islands,MHL,Western Pacific,children,2018,112.0
Belgium,BEL,Europe,children,2017,120.0
Georgia,GEO,Europe,children,2018,118.0
Cabo Verde,CPV,Africa,children,2012,109.0
Marshall Islands,MHL,Western Pacific,children,2009,111.0
Afghanistan,AFG,Eastern Mediterranean,children,2018,110.0
Niue,NIU,Western Pacific,children,2010,113.0
Qatar,QAT,Eastern Mediterranean,children,2018,118.0
Bahrain,BHR,Eastern Mediterranean,children,2001,117.0
Singapore,SGP,Western Pacific,children,2006,122.0
Timor-Leste,TLS,South-East Asia,children,2007,111.0
Montenegro,MNE,Europe,children,2001,118.0
Cabo Verde,CPV,Africa,children,2017,111.0
Equatorial Guinea,GNQ,Africa,children,2019,104.0
Republic of Korea,KOR,Western Pacific,children,2005,121.0
Democratic People's Republic of Korea,PRK,South-East Asia,children,2003,113.0
Guinea,GIN,Africa,children,2008,98.0
Latvia,LVA,Europe,children,2013,119.0
Poland,POL,Europe,children,2007,120.0
Benin,BEN,Africa,children,2004,97.0
South Sudan,SSD,Africa,children,2002,101.0
Croatia,HRV,Europe,children,2010,120.0
Chile,CHL,Americas,children,2008,120.0
Jordan,JOR,Eastern Mediterranean,children,2010,116.0
Turkmenistan,TKM,Europe,children,2007,115.0
Belize,BLZ,Americas,children,2015,119.0
Cuba,CUB,Americas,children,2007,118.0
Portugal,PRT,Europe,children,2002,122.0
Bahamas,BHS,Americas,children,2005,120.0
Saudi Arabia,SAU,Eastern Mediterranean,children,2012,119.0
Mauritania,MRT,Africa,children,2006,100.0
Slovakia,SVK,Europe,children,2007,119.0
Azerbaijan,AZE,Europe,children,2010,115.0
Bahrain,BHR,Eastern Mediterranean,children,2007,118.0
Spain,ESP,Europe,children,2012,122.0
Armenia,ARM,Europe,children,2007,117.0
Micronesia (Federated States of),FSM,Western Pacific,children,2011,113.0
Vanuatu,VUT,Western Pacific,children,2010,114.0
Zambia,ZMB,Africa,children,2016,107.0
Eswatini,SWZ,Africa,children,2010,111.0
Honduras,HND,Americas,children,2013,115.0
Kiribati,KIR,Western Pacific,children,2010,108.0
Djibouti,DJI,Eastern Mediterranean,children,2013,108.0
Panama,PAN,Americas,children,2014,119.0
Azerbaijan,AZE,Europe,children,2011,116.0
Kazakhstan,KAZ,Europe,children,2015,119.0
Malaysia,MYS,Western Pacific,children,2004,120.0
Nicaragua,NIC,Americas,children,2002,117.0
Angola,AGO,Africa,children,2011,105.0
Bahamas,BHS,Americas,children,2007,120.0
Iran (Islamic Republic of),IRN,Eastern Mediterranean,children,2012,116.0
Iceland,ISL,Europe,children,2014,123.0
Jordan,JOR,Eastern Mediterranean,children,2002,115.0
Timor-Leste,TLS,South-East Asia,children,2016,110.0
San Marino,SMR,Europe,children,2010,122.0
Sweden,SWE,Europe,children,2014,122.0
Angola,AGO,Africa,children,2008,104.0
Naoero,NRU,Western Pacific,children,2014,111.0
San Marino,SMR,Europe,children,2018,122.0
Republic of Moldova,MDA,Europe,children,2012,117.0
Sierra Leone,SLE,Africa,children,2005,96.0
Andorra,AND,Europe,children,2009,122.0
Burundi,BDI,Africa,children,2017,106.0
Portugal,PRT,Europe,children,2001,122.0
Ghana,GHA,Africa,children,2018,105.0
Grenada,GRD,Americas,children,2012,118.0
Bangladesh,BGD,South-East Asia,children,2017,111.0
Uganda,UGA,Africa,children,2013,106.0
United Kingdom of Great Britain and Northern Ireland,GBR,Europe,children,2008,121.0
Libya,LBY,Eastern Mediterranean,children,2015,117.0
Togo,TGO,Africa,children,2018,100.0
Austria,AUT,Europe,children,2001,122.0
Palau,PLW,Western Pacific,children,2000,114.0
Qatar,QAT,Eastern Mediterranean,children,2012,119.0
Russian Federation,RUS,Europe,children,2000,116.0
Kazakhstan,KAZ,Europe,children,2009,117.0
Chile,CHL,Americas,children,2019,120.0
Mauritania,MRT,Africa,children,2015,102.0
Gambia,GMB,Africa,children,2019,108.0
Iraq,IRQ,Eastern Mediterranean,children,2010,116.0
Mongolia,MNG,Western Pacific,children,2005,119.0
Costa Rica,CRI,Americas,children,2001,119.0
Guyana,GUY,Americas,children,2013,115.0
Denmark,DNK,Europe,children,2002,122.0
Switzerland,CHE,Europe,children,2002,123.0
Seychelles,SYC,Africa,children,2010,117.0
Kazakhstan,KAZ,Europe,children,2008,116.0
Rwanda,RWA,Africa,children,2015,113.0
Tajikistan,TJK,Europe,children,2000,110.0
Georgia,GEO,Europe,children,2006,116.0
Democratic People's Republic of Korea,PRK,South-East Asia,children,2012,115.0
Israel,ISR,Europe,children,2003,122.0
Andorra,AND,Europe,children,2005,122.0
Saint Lucia,LCA,Americas,children,2006,119.0
Eswatini,SWZ,Africa,children,2001,110.0
Antigua and Barbuda,ATG,Americas,children,2010,119.0
Togo,TGO,Africa,children,2017,100.0
Eswatini,SWZ,Africa,children,2013,112.0
Romania,ROU,Europe,children,2008,115.0
Saint Kitts and Nevis,KNA,Americas,children,2010,118.0
Papua New Guinea,PNG,Western Pacific,children,2006,108.0
Chile,CHL,Americas,children,2006,120.0
Cook Islands,COK,Western Pacific,children,2014,117.0
Philippines,PHL,Western Pacific,children,2010,118.0
Cote d'Ivoire,CIV,Africa,children,2009,99.0
Mozambique,MOZ,Africa,children,2010,103.0
Kyrgyzstan,KGZ,Europe,children,2011,114.0
Iran (Islamic Republic of),IRN,Eastern Mediterranean,children,2017,117.0
Ghana,GHA,Africa,children,2004,98.0
Ecuador,ECU,Americas,children,2013,118.0
Argentina,ARG,Americas,children,2000,120.0
Peru,PER,Americas,children,2003,111.0
Timor-Leste,TLS,South-East Asia,children,2005,110.0
Israel,ISR,Europe,children,2011,122.0
Nigeria,NGA,Africa,children,2013,100.0
Yemen,YEM,Eastern Mediterranean,children,2012,93.0
Canada,CAN,Americas,children,2016,122.0
Gabon,GAB,Africa,children,2000,101.0
Mauritania,MRT,Africa,children,2014,102.0
Kyrgyzstan,KGZ,Europe,children,2006,113.0
Kazakhstan,KAZ,Europe,children,2012,118.0
Uganda,UGA,Africa,children,2011,105.0
Congo,COG,Africa,children,2012,104.0
Andorra,AND,Europe,children,2011,122.0
Vanuatu,VUT,Western Pacific,children,2012,115.0
Kuwait,KWT,Eastern Mediterranean,children,2011,120.0
Congo,COG,Africa,children,2010,104.0
Algeria,DZA,Africa,children,2012,114.0
Nigeria,NGA,Africa,children,2016,101.0
Cambodia,KHM,Western Pacific,children,2012,108.0
El Salvador,SLV,Americas,children,2009,118.0
Kuwait,KWT,Eastern Mediterranean,children,2002,120.0
Bosnia and Herzegovina,BIH,Europe,children,2007,118.0
Cyprus,CYP,Europe,children,2019,121.0
Czechia,CZE,Europe,children,2010,121.0
Kenya,KEN,Africa,children,2008,111.0
Senegal,SEN,Africa,children,2003,94.0
Libya,LBY,Eastern Mediterranean,children,2002,115.0
Colombia,COL,Americas,children,2008,118.0
Mongolia,MNG,Western Pacific,children,2002,119.0
Bulgaria,BGR,Europe,children,2015,118.0
Lao People's Democratic Republic,LAO,Western Pacific,children,2005,110.0
Solomon Islands,SLB,Western Pacific,children,2017,112.0
Luxembourg,LUX,Europe,children,2014,123.0
Timor-Leste,TLS,South-East Asia,children,2004,110.0
Maldives,MDV,South-East Asia,children,2009,114.0
Albania,ALB,Europe,children,2009,118.0
Cuba,CUB,Americas,children,2009,118.0
El Salvador,SLV,Americas,children,2000,119.0
Burundi,BDI,Africa,children,2005,105.0
Philippines,PHL,Western Pacific,children,2014,120.0
Palau,PLW,Western Pacific,children,2012,114.0
Romania,ROU,Europe,children,2001,114.0
Oman,OMN,Eastern Mediterranean,children,2011,116.0
Turkmenistan,TKM,Europe,children,2017,116.0
Solomon Islands,SLB,Western Pacific,children,2015,112.0
Bahrain,BHR,Eastern Mediterranean,children,2015,118.0
Indonesia,IDN,Western Pacific,children,2011,113.0
Cote d'Ivoire,CIV,Africa,children,2016,99.0
Jamaica,JAM,Americas,children,2003,117.0
Monaco,MCO,Europe,children,2009,122.0
Equatorial Guinea,GNQ,Africa,children,2007,100.0
Italy,ITA,Europe,children,2010,122.0
Brazil,BRA,Americas,children,2009,121.0
Bhutan,BTN,South-East Asia,children,2019,111.0
Georgia,GEO,Europe,children,2003,115.0
Ethiopia,ETH,Africa,children,2001,101.0
Paraguay,PRY,Americas,children,2001,115.0
Cambodia,KHM,Western Pacific,children,2001,104.0
Lithuania,LTU,Europe,children,2007,120.0
Switzerland,CHE,Europe,children,2014,122.0
Guinea,GIN,Africa,children,2016,99.0
Georgia,GEO,Europe,children,2013,118.0
Yemen,YEM,Eastern Mediterranean,children,2008,92.0
Comoros,COM,Africa,children,2013,107.0
Democratic Republic of the Congo,COD,Africa,children,2005,99.0
Argentina,ARG,Americas,children,2009,121.0
Singapore,SGP,Western Pacific,children,2008,122.0
Niger,NER,Africa,children,2003,94.0
Kuwait,KWT,Eastern Mediterranean,children,2014,120.0
Equatorial Guinea,GNQ,Africa,children,2009,101.0
Botswana,BWA,Africa,children,2017,111.0
Zimbabwe,ZWE,Africa,children,2007,109.0
Croatia,HRV,Europe,children,2017,120.0
Benin,BEN,Africa,children,2006,98.0
Mali,MLI,Africa,children,2006,93.0
Indonesia,IDN,Western Pacific,children,2019,113.0
Qatar,QAT,Eastern Mediterranean,children,2011,118.0
Latvia,LVA,Europe,children,2012,119.0
Guyana,GUY,Americas,children,2011,114.0
Russian Federation,RUS,Europe,children,2009,118.0
Comoros,COM,Africa,children,2018,107.0
Peru,PER,Americas,children,2013,114.0
Latvia,LVA,Europe,children,2014,119.0
France,FRA,Europe,children,2008,122.0
Mexico,MEX,Americas,children,2019,120.0
Tunisia,TUN,Eastern Mediterranean,children,2016,116.0
South Sudan,SSD,Africa,children,2007,104.0
Benin,BEN,Africa,children,2008,99.0
Denmark,DNK,Europe,children,2006,122.0
Micronesia (Federated States of),FSM,Western Pacific,children,2014,113.0
Liberia,LBR,Africa,children,2008,101.0
Colombia,COL,Americas,children,2016,120.0
United States of America,USA,Americas,children,2014,124.0
Saudi Arabia,SAU,Eastern Mediterranean,children,2017,119.0
Marshall Islands,MHL,Western Pacific,children,2007,111.0
Naoero,NRU,Western Pacific,children,2007,110.0
Finland,FIN,Europe,children,2018,122.0
Fiji,FJI,Western Pacific,children,2012,112.0
Ecuador,ECU,Americas,children,2014,118.0
Jordan,JOR,Eastern Mediterranean,children,2013,116.0
Solomon Islands,SLB,Western Pacific,children,2001,111.0
Tuvalu,TUV,Western Pacific,children,2010,109.0
Micronesia (Federated States of),FSM,Western Pacific,children,2018,114.0
Malawi,MWI,Africa,children,2001,98.0
Bahamas,BHS,Americas,children,2018,121.0
Afghanistan,AFG,Eastern Mediterranean,children,2013,111.0
Eswatini,SWZ,Africa,children,2005,110.0
Belize,BLZ,Americas,children,2019,119.0
Andorra,AND,Europe,children,2008,122.0
Liberia,LBR,Africa,children,2012,101.0
Madagascar,MDG,Africa,children,2009,108.0
Montenegro,MNE,Europe,children,2019,121.0
China,CHN,Western Pacific,children,2016,120.0
Turkmenistan,TKM,Europe,children,2003,114.0
United States of America,USA,Americas,children,2018,124.0
Uruguay,URY,Americas,children,2005,118.0
India,IND,South-East Asia,children,2007,104.0
Lebanon,LBN,Eastern Mediterranean,children,2006,118.0
Tonga,TON,Western Pacific,children,2008,114.0
Liberia,LBR,Africa,children,2009,101.0
Central African Republic,CAF,Africa,children,2007,96.0
Algeria,DZA,Africa,children,2008,114.0
Sudan,SDN,Eastern Mediterranean,children,2017,108.0
Sweden,SWE,Europe,children,2011,122.0
Jamaica,JAM,Americas,children,2010,117.0
Poland,POL,Europe,children,2018,120.0
Belize,BLZ,Americas,children,2005,118.0
Finland,FIN,Europe,children,2003,123.0
Japan,JPN,Western Pacific,children,2008,121.0
Uruguay,URY,Americas,children,2002,118.0
Belize,BLZ,Americas,children,2018,119.0
Ireland,IRL,Europe,children,2013,122.0
Saint Kitts and Nevis,KNA,Americas,children,2007,118.0
Nigeria,NGA,Africa,children,2018,101.0
"occupied Palestinian territory, including east Jerusalem",PSE,Eastern Mediterranean,children,2007,115.0
Lesotho,LSO,Africa,children,2019,109.0
Malta,MLT,Europe,children,2006,121.0
Antigua and Barbuda,ATG,Americas,children,2012,120.0
Slovakia,SVK,Europe,children,2009,119.0
Iran (Islamic Republic of),IRN,Eastern Mediterranean,children,2002,113.0
Tajikistan,TJK,Europe,children,2003,112.0
Republic of Korea,KOR,Western Pacific,children,2001,121.0
Barbados,BRB,Americas,children,2016,120.0
Iran (Islamic Republic of),IRN,Eastern Mediterranean,children,2014,117.0
Albania,ALB,Europe,children,2003,116.0
Sweden,SWE,Europe,children,2012,122.0
Armenia,ARM,Europe,children,2005,117.0
Kuwait,KWT,Eastern Mediterranean,children,2009,121.0
Algeria,DZA,Africa,children,2017,114.0
Armenia,ARM,Europe,children,2006,117.0
Hungary,HUN,Europe,children,2005,120.0
Brunei Darussalam,BRN,Western Pacific,children,2011,120.0
United States of America,USA,Americas,children,2003,124.0
Tunisia,TUN,Eastern Mediterranean,children,2005,115.0
Cameroon,CMR,Africa,children,2010,104.0
Ireland,IRL,Europe,children,2010,122.0
Costa Rica,CRI,Americas,children,2003,119.0
Morocco,MAR,Eastern Mediterranean,children,2009,115.0
Cameroon,CMR,Africa,children,2012,104.0
Hungary,HUN,Europe,children,2016,120.0
Bulgaria,BGR,Europe,children,2006,117.0
United States of America,USA,Americas,children,2007,124.0
Madagascar,MDG,Africa,children,2004,106.0
United Kingdom of Great Britain and Northern Ireland,GBR,Europe,children,2000,121.0
Tunisia,TUN,Eastern Mediterranean,children,2012,116.0
Dominican Republic,DOM,Americas,children,2001,114.0
Papua New Guinea,PNG,Western Pacific,children,2000,108.0
Cuba,CUB,Americas,children,2005,117.0
Cameroon,CMR,Africa,children,2000,100.0
Dominica,DMA,Americas,children,2006,117.0
Antigua and Barbuda,ATG,Americas,children,2005,118.0
Myanmar,MMR,South-East Asia,children,2004,107.0
Pakistan,PAK,Eastern Mediterranean,children,2008,104.0
Slovakia,SVK,Europe,children,2006,119.0
Tonga,TON,Western Pacific,children,2018,114.0
Panama,PAN,Americas,children,2002,115.0
Czechia,CZE,Europe,children,2009,121.0
Papua New Guinea,PNG,Western Pacific,children,2010,108.0
Congo,COG,Africa,children,2016,105.0
Norway,NOR,Europe,children,2014,122.0
Yemen,YEM,Eastern Mediterranean,children,2019,93.0
Iraq,IRQ,Eastern Mediterranean,children,2018,116.0
Congo,COG,Africa,children,2001,100.0
Kuwait,KWT,Eastern Mediterranean,children,2003,120.0
Ecuador,ECU,Americas,children,2002,116.0
Germany,DEU,Europe,children,2008,122.0
Austria,AUT,Europe,children,2008,122.0
Micronesia (Federated States of),FSM,Western Pacific,children,2019,114.0
Uganda,UGA,Africa,children,2019,108.0
Saint Kitts and Nevis,KNA,Americas,children,2001,118.0
Germany,DEU,Europe,children,2011,122.0
Bosnia and Herzegovina,BIH,Europe,children,2002,118.0
Republic of Moldova,MDA,Europe,children,2004,115.0
Lebanon,LBN,Eastern Mediterranean,children,2019,118.0
Belize,BLZ,Americas,children,2002,117.0
Jordan,JOR,Eastern Mediterranean,children,2015,115.0
Hungary,HUN,Europe,children,2014,120.0
Antigua and Barbuda,ATG,Americas,children,2011,120.0
Cabo Verde,CPV,Africa,children,2007,108.0
Grenada,GRD,Americas,children,2008,118.0
Japan,JPN,Western Pacific,children,2016,120.0
Comoros,COM,Africa,children,2010,107.0
Peru,PER,Americas,children,2011,113.0
Rwanda,RWA,Africa,children,2001,105.0
Switzerland,CHE,Europe,children,2000,123.0
Qatar,QAT,Eastern Mediterranean,children,2007,118.0
Chile,CHL,Americas,children,2016,120.0
Viet Nam,VNM,Western Pacific,children,2019,119.0
Montenegro,MNE,Europe,children,2010,121.0
Azerbaijan,AZE,Europe,children,2019,118.0
Namibia,NAM,Africa,children,2016,110.0
Slovenia,SVN,Europe,children,2012,120.0
Peru,PER,Americas,children,2002,111.0
Bhutan,BTN,South-East Asia,children,2018,110.0
Mongolia,MNG,Western Pacific,children,2014,121.0
India,IND,South-East Asia,children,2009,105.0
Botswana,BWA,Africa,children,2008,113.0
Cook Islands,COK,Western Pacific,children,2013,116.0
Serbia,SRB,Europe,children,2002,120.0
Dominica,DMA,Americas,children,2014,117.0
Eswatini,SWZ,Africa,children,2002,110.0
Benin,BEN,Africa,children,2012,100.0
France,FRA,Europe,children,2012,122.0
Türkiye,TUR,Europe,children,2002,114.0
Yemen,YEM,Eastern Mediterranean,children,2017,93.0
India,IND,South-East Asia,children,2017,107.0
Mauritania,MRT,Africa,children,2008,100.0
Turkmenistan,TKM,Europe,children,2012,116.0
Denmark,DNK,Europe,children,2017,121.0
Zimbabwe,ZWE,Africa,children,2002,111.0
Switzerland,CHE,Europe,children,2011,122.0
Solomon Islands,SLB,Western Pacific,children,2000,111.0
Iceland,ISL,Europe,children,2015,123.0
Cameroon,CMR,Africa,children,2004,101.0
Panama,PAN,Americas,children,2015,120.0
Monaco,MCO,Europe,children,2010,122.0
Djibouti,DJI,Eastern Mediterranean,children,2016,108.0
Somalia,SOM,Eastern Mediterranean,children,2019,108.0
Singapore,SGP,Western Pacific,children,2019,122.0
Pakistan,PAK,Eastern Mediterranean,children,2013,105.0
Mauritius,MUS,Africa,children,2002,116.0
Montenegro,MNE,Europe,children,2018,121.0
New Zealand,NZL,Western Pacific,children,2000,122.0
Angola,AGO,Africa,children,2002,101.0
Afghanistan,AFG,Eastern Mediterranean,children,2008,110.0
Lao People's Democratic Republic,LAO,Western Pacific,children,2013,112.0
Togo,TGO,Africa,children,2007,99.0
Montenegro,MNE,Europe,children,2004,119.0
Austria,AUT,Europe,children,2016,122.0
Indonesia,IDN,Western Pacific,children,2013,113.0
Mozambique,MOZ,Africa,children,2015,103.0
Cyprus,CYP,Europe,children,2005,122.0
Thailand,THA,South-East Asia,children,2013,118.0
Nigeria,NGA,Africa,children,2009,99.0
Belarus,BLR,Europe,children,2005,119.0
Latvia,LVA,Europe,children,2007,119.0
New Zealand,NZL,Western Pacific,children,2016,121.0
Nepal,NPL,South-East Asia,children,2014,111.0
Honduras,HND,Americas,children,2019,117.0
Nepal,NPL,South-East Asia,children,2013,111.0
Zimbabwe,ZWE,Africa,children,2013,111.0
South Sudan,SSD,Africa,children,2000,99.0
Togo,TGO,Africa,children,2004,97.0
Honduras,HND,Americas,children,2010,115.0
Tunisia,TUN,Eastern Mediterranean,children,2000,114.0
Zimbabwe,ZWE,Africa,children,2018,113.0
Uganda,UGA,Africa,children,2010,105.0
Bahamas,BHS,Americas,children,2010,121.0
Bahamas,BHS,Americas,children,2004,120.0
Poland,POL,Europe,children,2017,120.0
Poland,POL,Europe,children,2016,121.0
Iceland,ISL,Europe,children,2017,123.0
Mauritius,MUS,Africa,children,2016,117.0
Guyana,GUY,Americas,children,2014,115.0
Monaco,MCO,Europe,children,2013,122.0
Mali,MLI,Africa,children,2012,94.0
Malta,MLT,Europe,children,2011,121.0
San Marino,SMR,Europe,children,2014,122.0
Gabon,GAB,Africa,children,2015,105.0
Canada,CAN,Americas,children,2006,123.0
Chile,CHL,Americas,children,2009,120.0
Switzerland,CHE,Europe,children,2010,122.0
Belize,BLZ,Americas,children,2003,117.0
Benin,BEN,Africa,children,2007,98.0
Belarus,BLR,Europe,children,2001,118.0
Liberia,LBR,Africa,children,2003,98.0
Guinea-Bissau,GNB,Africa,children,2015,101.0
Algeria,DZA,Africa,children,2019,114.0
Republic of Korea,KOR,Western Pacific,children,2007,121.0
Tuvalu,TUV,Western Pacific,children,2000,110.0
Bahamas,BHS,Americas,children,2013,121.0
Thailand,THA,South-East Asia,children,2014,118.0
Fiji,FJI,Western Pacific,children,2016,113.0
Brunei Darussalam,BRN,Western Pacific,children,2008,120.0
Ghana,GHA,Africa,children,2000,97.0
Thailand,THA,South-East Asia,children,2009,118.0
Rwanda,RWA,Africa,children,2003,107.0
Saint Lucia,LCA,Americas,children,2002,119.0
Trinidad and Tobago,TTO,Americas,children,2017,119.0
Ethiopia,ETH,Africa,children,2018,108.0
Slovakia,SVK,Europe,children,2015,118.0
Iceland,ISL,Europe,children,2008,123.0
Brazil,BRA,Americas,children,2015,123.0
Singapore,SGP,Western Pacific,children,2003,122.0
Marshall Islands,MHL,Western Pacific,children,2011,111.0
Central African Republic,CAF,Africa,children,2015,97.0
Trinidad and Tobago,TTO,Americas,children,2007,116.0
Mauritius,MUS,Africa,children,2009,117.0
Palau,PLW,Western Pacific,children,2018,115.0
Colombia,COL,Americas,children,2017,120.0
Russian Federation,RUS,Europe,children,2016,119.0
Ghana,GHA,Africa,children,2014,103.0
Germany,DEU,Europe,children,2009,122.0
Azerbaijan,AZE,Europe,children,2017,118.0
Bhutan,BTN,South-East Asia,children,2003,103.0
Grenada,GRD,Americas,children,2006,118.0
Uzbekistan,UZB,Europe,children,2000,110.0
Kiribati,KIR,Western Pacific,children,2009,108.0
Liberia,LBR,Africa,children,2019,101.0
Zambia,ZMB,Africa,children,2004,104.0
Timor-Leste,TLS,South-East Asia,children,2009,111.0
Mali,MLI,Africa,children,2019,97.0
North Macedonia,MKD,Europe,children,2007,118.0
Benin,BEN,Africa,children,2003,96.0
Trinidad and Tobago,TTO,Americas,children,2015,118.0
Qatar,QAT,Eastern Mediterranean,children,2005,118.0
Cuba,CUB,Americas,children,2006,117.0
Democratic People's Republic of Korea,PRK,South-East Asia,children,2001,112.0
Suriname,SUR,Americas,children,2018,117.0
Trinidad and Tobago,TTO,Americas,children,2018,119.0
Philippines,PHL,Western Pacific,children,2013,120.0
Iran (Islamic Republic of),IRN,Eastern Mediterranean,children,2013,116.0
Bulgaria,BGR,Europe,children,2012,118.0
Egypt,EGY,Eastern Mediterranean,children,2006,113.0
Austria,AUT,Europe,children,2017,121.0
Panama,PAN,Americas,children,2009,117.0
Cabo Verde,CPV,Africa,children,2006,108.0
Eritrea,ERI,Africa,children,2001,105.0
Bangladesh,BGD,South-East Asia,children,2015,111.0
Zambia,ZMB,Africa,children,2018,107.0
Netherlands (Kingdom of the),NLD,Europe,children,2009,122.0
Congo,COG,Africa,children,2006,103.0
Sao Tome and Principe,STP,Africa,children,2013,105.0
Denmark,DNK,Europe,children,2012,122.0
United States of America,USA,Americas,children,2001,124.0
Botswana,BWA,Africa,children,2009,113.0
Honduras,HND,Americas,children,2005,114.0
Morocco,MAR,Eastern Mediterranean,children,2015,116.0
Cambodia,KHM,Western Pacific,children,2005,105.0
Lesotho,LSO,Africa,children,2004,109.0
Georgia,GEO,Europe,children,2002,114.0
Suriname,SUR,Americas,children,2012,117.0
Thailand,THA,South-East Asia,children,2015,118.0
Uganda,UGA,Africa,children,2005,101.0
Senegal,SEN,Africa,children,2008,96.0
France,FRA,Europe,children,2007,122.0
Dominican Republic,DOM,Americas,children,2005,115.0
Belize,BLZ,Americas,children,2012,118.0
Malaysia,MYS,Western Pacific,children,2008,120.0
Benin,BEN,Africa,children,2016,100.0
Albania,ALB,Europe,children,2012,118.0
Burkina Faso,BFA,Africa,children,2001,89.0
Kyrgyzstan,KGZ,Europe,children,2001,111.0
Syrian Arab Republic,SYR,Eastern Mediterranean,children,2002,115.0
Kenya,KEN,Africa,children,2009,111.0
Venezuela (Bolivarian Republic of),VEN,Americas,children,2010,117.0
Canada,CAN,Americas,children,2011,123.0
Australia,AUS,Western Pacific,children,2018,122.0
Barbados,BRB,Americas,children,2011,119.0
Bahamas,BHS,Americas,children,2001,120.0
Türkiye,TUR,Europe,children,2007,115.0
Angola,AGO,Africa,children,2010,105.0
Liberia,LBR,Africa,children,2005,99.0
Ireland,IRL,Europe,children,2018,121.0
Japan,JPN,Western Pacific,children,2013,121.0
Malaysia,MYS,Western Pacific,children,2009,119.0
Uzbekistan,UZB,Europe,children,2005,112.0
Kiribati,KIR,Western Pacific,children,2012,108.0
Cook Islands,COK,Western Pacific,children,2007,116.0
Haiti,HTI,Americas,children,2000,104.0
Seychelles,SYC,Africa,children,2014,116.0
Suriname,SUR,Americas,children,2003,115.0
Costa Rica,CRI,Americas,children,2016,120.0
Turkmenistan,TKM,Europe,children,2015,116.0
Saint Vincent and the Grenadines,VCT,Americas,children,2016,120.0
Burundi,BDI,Africa,children,2003,103.0
Niger,NER,Africa,children,2017,100.0
Egypt,EGY,Eastern Mediterranean,children,2011,114.0
Türkiye,TUR,Europe,children,2019,118.0
Sierra Leone,SLE,Africa,children,2015,98.0
Italy,ITA,Europe,children,2018,121.0
"occupied Palestinian territory, including east Jerusalem",PSE,Eastern Mediterranean,children,2004,114.0
Maldives,MDV,South-East Asia,children,2005,114.0
Nigeria,NGA,Africa,children,2008,99.0
El Salvador,SLV,Americas,children,2014,117.0
Australia,AUS,Western Pacific,children,2015,122.0
Sri Lanka,LKA,South-East Asia,children,2019,117.0
Lithuania,LTU,Europe,children,2012,120.0
Paraguay,PRY,Americas,children,2013,116.0
Iceland,ISL,Europe,children,2006,123.0
Russian Federation,RUS,Europe,children,2014,118.0
Democratic People's Republic of Korea,PRK,South-East Asia,children,2004,114.0
Saudi Arabia,SAU,Eastern Mediterranean,children,2015,119.0
Kyrgyzstan,KGZ,Europe,children,2005,113.0
Gabon,GAB,Africa,children,2009,104.0
Senegal,SEN,Africa,children,2001,94.0
Madagascar,MDG,Africa,children,2015,109.0
Kiribati,KIR,Western Pacific,children,2011,108.0
Panama,PAN,Americas,children,2010,118.0
India,IND,South-East Asia,children,2011,106.0
Mali,MLI,Africa,children,2009,94.0
South Sudan,SSD,Africa,children,2015,105.0
Djibouti,DJI,Eastern Mediterranean,children,2002,104.0
Naoero,NRU,Western Pacific,children,2003,111.0
Botswana,BWA,Africa,children,2007,113.0
Argentina,ARG,Americas,children,2012,121.0
Burkina Faso,BFA,Africa,children,2019,98.0
Austria,AUT,Europe,children,2012,122.0
Bahamas,BHS,Americas,children,2008,120.0
Nicaragua,NIC,Americas,children,2018,119.0
Venezuela (Bolivarian Republic of),VEN,Americas,children,2000,116.0
Bhutan,BTN,South-East Asia,children,2012,109.0
France,FRA,Europe,children,2013,122.0
Samoa,WSM,Western Pacific,children,2008,114.0
Jamaica,JAM,Americas,children,2019,118.0
Saint Lucia,LCA,Americas,children,2000,119.0
Cuba,CUB,Americas,children,2002,117.0
Kuwait,KWT,Eastern Mediterranean,children,2018,120.0
Congo,COG,Africa,children,2011,104.0
Tajikistan,TJK,Europe,children,2006,114.0
Sri Lanka,LKA,South-East Asia,children,2008,117.0
Türkiye,TUR,Europe,children,2017,117.0
Fiji,FJI,Western Pacific,children,2007,112.0
Russian Federation,RUS,Europe,children,2004,117.0
Russian Federation,RUS,Europe,children,2015,119.0
Belgium,BEL,Europe,children,2010,121.0
Slovakia,SVK,Europe,children,2001,118.0
Democratic People's Republic of Korea,PRK,South-East Asia,children,2019,115.0
Rwanda,RWA,Africa,children,2009,112.0
Sierra Leone,SLE,Africa,children,2003,96.0
United States of America,USA,Americas,children,2008,124.0
Slovenia,SVN,Europe,children,2006,120.0
Indonesia,IDN,Western Pacific,children,2005,112.0
Iraq,IRQ,Eastern Mediterranean,children,2006,115.0
Ukraine,UKR,Europe,children,2001,117.0
Philippines,PHL,Western Pacific,children,2005,115.0
Suriname,SUR,Americas,children,2004,115.0
Fiji,FJI,Western Pacific,children,2004,113.0
Belarus,BLR,Europe,children,2018,120.0
Malawi,MWI,Africa,children,2002,99.0
Brunei Darussalam,BRN,Western Pacific,children,2016,120.0
Cook Islands,COK,Western Pacific,children,2016,117.0
Guinea,GIN,Africa,children,2013,98.0
Niue,NIU,Western Pacific,children,2018,114.0
Tunisia,TUN,Eastern Mediterranean,children,2006,115.0
Canada,CAN,Americas,children,2004,123.0
Denmark,DNK,Europe,children,2015,121.0
Grenada,GRD,Americas,children,2004,118.0
Afghanistan,AFG,Eastern Mediterranean,children,2005,110.0
Bhutan,BTN,South-East Asia,children,2008,106.0
Singapore,SGP,Western Pacific,children,2005,122.0
Spain,ESP,Europe,children,2007,122.0
Tuvalu,TUV,Western Pacific,children,2014,110.0
Syrian Arab Republic,SYR,Eastern Mediterranean,children,2001,115.0
Niue,NIU,Western Pacific,children,2000,115.0
Georgia,GEO,Europe,children,2014,118.0
Switzerland,CHE,Europe,children,2012,122.0
Cyprus,CYP,Europe,children,2008,122.0
Angola,AGO,Africa,children,2014,105.0
France,FRA,Europe,children,2017,122.0
Democratic People's Republic of Korea,PRK,South-East Asia,children,2013,115.0
Türkiye,TUR,Europe,children,2013,117.0
Equatorial Guinea,GNQ,Africa,children,2006,100.0
Spain,ESP,Europe,children,2014,122.0
Philippines,PHL,Western Pacific,children,2018,121.0
Libya,LBY,Eastern Mediterranean,children,2005,116.0
Syrian Arab Republic,SYR,Eastern Mediterranean,children,2003,115.0
Brunei Darussalam,BRN,Western Pacific,children,2007,120.0
Congo,COG,Africa,children,2004,102.0
Democratic Republic of the Congo,COD,Africa,children,2012,102.0
Estonia,EST,Europe,children,2010,120.0
Zambia,ZMB,Africa,children,2001,102.0
Venezuela (Bolivarian Republic of),VEN,Americas,children,2011,118.0
Nigeria,NGA,Africa,children,2014,100.0
Lao People's Democratic Republic,LAO,Western Pacific,children,2012,112.0
Cyprus,CYP,Europe,children,2012,122.0
Sweden,SWE,Europe,children,2003,122.0
Thailand,THA,South-East Asia,children,2016,117.0
Finland,FIN,Europe,children,2007,123.0
Jamaica,JAM,Americas,children,2014,118.0
Madagascar,MDG,Africa,children,2016,109.0
Seychelles,SYC,Africa,children,2001,117.0
Italy,ITA,Europe,children,2002,122.0
Brunei Darussalam,BRN,Western Pacific,children,2017,120.0
Burundi,BDI,Africa,children,2008,107.0
Angola,AGO,Africa,children,2016,105.0
Montenegro,MNE,Europe,children,2007,120.0
Democratic Republic of the Congo,COD,Africa,children,2001,97.0
North Macedonia,MKD,Europe,children,2011,119.0
Brazil,BRA,Americas,children,2011,122.0
Uzbekistan,UZB,Europe,children,2007,113.0
Italy,ITA,Europe,children,2001,122.0
Peru,PER,Americas,children,2005,111.0
Gabon,GAB,Africa,children,2007,103.0
Azerbaijan,AZE,Europe,children,2009,115.0
Estonia,EST,Europe,children,2007,120.0
Belarus,BLR,Europe,children,2003,118.0
Kuwait,KWT,Eastern Mediterranean,children,2005,121.0
Liberia,LBR,Africa,children,2015,101.0
Venezuela (Bolivarian Republic of),VEN,Americas,children,2016,117.0
Seychelles,SYC,Africa,children,2003,117.0
Chad,TCD,Africa,children,2002,96.0
Syrian Arab Republic,SYR,Eastern Mediterranean,children,2011,116.0
Niue,NIU,Western Pacific,children,2013,113.0
Slovakia,SVK,Europe,children,2005,119.0
Trinidad and Tobago,TTO,Americas,children,2006,116.0
Poland,POL,Europe,children,2015,120.0
Suriname,SUR,Americas,children,2019,118.0
Sao Tome and Principe,STP,Africa,children,2003,102.0
Cook Islands,COK,Western Pacific,children,2004,116.0
Fiji,FJI,Western Pacific,children,2018,113.0
Fiji,FJI,Western Pacific,children,2010,112.0
Japan,JPN,Western Pacific,children,2004,121.0
Democratic People's Republic of Korea,PRK,South-East Asia,children,2008,114.0
Antigua and Barbuda,ATG,Americas,children,2015,120.0
Venezuela (Bolivarian Republic of),VEN,Americas,children,2008,117.0
Belize,BLZ,Americas,children,2009,118.0
Azerbaijan,AZE,Europe,children,2004,113.0
Denmark,DNK,Europe,children,2019,121.0
Brunei Darussalam,BRN,Western Pacific,children,2010,120.0
Oman,OMN,Eastern Mediterranean,children,2014,117.0
Ukraine,UKR,Europe,children,2015,118.0
Japan,JPN,Western Pacific,children,2014,121.0
China,CHN,Western Pacific,children,2008,120.0
Azerbaijan,AZE,Europe,children,2003,112.0
Ireland,IRL,Europe,children,2012,122.0
Costa Rica,CRI,Americas,children,2014,120.0
Georgia,GEO,Europe,children,2000,113.0
Guinea-Bissau,GNB,Africa,children,2001,96.0
Bahrain,BHR,Eastern Mediterranean,children,2010,118.0
New Zealand,NZL,Western Pacific,children,2004,122.0
Germany,DEU,Europe,children,2019,121.0
Norway,NOR,Europe,children,2003,122.0
Chad,TCD,Africa,children,2008,98.0
United Arab Emirates,ARE,Eastern Mediterranean,children,2005,120.0
Fiji,FJI,Western Pacific,children,2015,113.0
Bahrain,BHR,Eastern Mediterranean,children,2008,118.0
Sao Tome and Principe,STP,Africa,children,2005,104.0
Venezuela (Bolivarian Republic of),VEN,Americas,children,2007,117.0
Mongolia,MNG,Western Pacific,children,2007,120.0
Panama,PAN,Americas,children,2011,118.0
Andorra,AND,Europe,children,2015,122.0
Bolivia (Plurinational State of),BOL,Americas,children,2001,106.0
Fiji,FJI,Western Pacific,children,2002,113.0
Belize,BLZ,Americas,children,2011,118.0
Serbia,SRB,Europe,children,2004,120.0
Namibia,NAM,Africa,children,2010,111.0
Trinidad and Tobago,TTO,Americas,children,2003,116.0
Niger,NER,Africa,children,2016,100.0
Dominican Republic,DOM,Americas,children,2018,117.0
Grenada,GRD,Americas,children,2003,118.0
Paraguay,PRY,Americas,children,2017,116.0
Gabon,GAB,Africa,children,2019,106.0
Kenya,KEN,Africa,children,2003,107.0
Palau,PLW,Western Pacific,children,2016,114.0
Peru,PER,Americas,children,2017,115.0
Malaysia,MYS,Western Pacific,children,2005,120.0
China,CHN,Western Pacific,children,2012,121.0
Venezuela (Bolivarian Republic of),VEN,Americas,children,2001,116.0
Mauritius,MUS,Africa,children,2019,116.0
Norway,NOR,Europe,children,2019,122.0
Russian Federation,RUS,Europe,children,2006,117.0
Equatorial Guinea,GNQ,Africa,children,2003,98.0
Myanmar,MMR,South-East Asia,children,2007,108.0
Ethiopia,ETH,Africa,children,2004,103.0
Angola,AGO,Africa,children,2012,105.0
Ecuador,ECU,Americas,children,2015,118.0
Brunei Darussalam,BRN,Western Pacific,children,2003,120.0
Cook Islands,COK,Western Pacific,children,2009,116.0
Tonga,TON,Western Pacific,children,2012,114.0
Solomon Islands,SLB,Western Pacific,children,2010,111.0
Belarus,BLR,Europe,children,2002,118.0
Nigeria,NGA,Africa,children,2001,96.0
Saint Kitts and Nevis,KNA,Americas,children,2019,120.0
Qatar,QAT,Eastern Mediterranean,children,2019,118.0
Niger,NER,Africa,children,2011,98.0
Bosnia and Herzegovina,BIH,Europe,children,2017,118.0
Singapore,SGP,Western Pacific,children,2018,122.0
Zambia,ZMB,Africa,children,2011,107.0
Sudan,SDN,Eastern Mediterranean,children,2003,106.0
Jordan,JOR,Eastern Mediterranean,children,2012,116.0
South Africa,ZAF,Africa,children,2007,112.0
Mali,MLI,Africa,children,2005,93.0
Burundi,BDI,Africa,children,2018,106.0
Democratic People's Republic of Korea,PRK,South-East Asia,children,2015,115.0
Cambodia,KHM,Western Pacific,children,2006,106.0
Poland,POL,Europe,children,2003,120.0
Belarus,BLR,Europe,children,2007,119.0
Bahamas,BHS,Americas,children,2011,121.0
Cuba,CUB,Americas,children,2011,119.0
Malaysia,MYS,Western Pacific,children,2010,119.0
Grenada,GRD,Americas,children,2013,118.0
Switzerland,CHE,Europe,children,2017,122.0
France,FRA,Europe,children,2014,122.0
Central African Republic,CAF,Africa,children,2011,97.0
Sudan,SDN,Eastern Mediterranean,children,2011,108.0
Oman,OMN,Eastern Mediterranean,children,2008,115.0
Oman,OMN,Eastern Mediterranean,children,2002,113.0
Ghana,GHA,Africa,children,2005,98.0
Argentina,ARG,Americas,children,2008,120.0
Chile,CHL,Americas,children,2018,120.0
Madagascar,MDG,Africa,children,2001,104.0
Ethiopia,ETH,Africa,children,2005,104.0
Montenegro,MNE,Europe,children,2012,121.0
Nepal,NPL,South-East Asia,children,2015,111.0
United Arab Emirates,ARE,Eastern Mediterranean,children,2009,120.0
Kiribati,KIR,Western Pacific,children,2003,108.0
Central African Republic,CAF,Africa,children,2013,97.0
Bosnia and Herzegovina,BIH,Europe,children,2012,118.0
Cameroon,CMR,Africa,children,2005,102.0
Uzbekistan,UZB,Europe,children,2009,115.0
Ghana,GHA,Africa,children,2013,102.0
Philippines,PHL,Western Pacific,children,2008,117.0
Democratic People's Republic of Korea,PRK,South-East Asia,children,2016,115.0
Monaco,MCO,Europe,children,2008,122.0
Luxembourg,LUX,Europe,children,2013,123.0
Lebanon,LBN,Eastern Mediterranean,children,2017,118.0
South Africa,ZAF,Africa,children,2016,113.0
Papua New Guinea,PNG,Western Pacific,children,2003,108.0
Bhutan,BTN,South-East Asia,children,2006,105.0
Ireland,IRL,Europe,children,2014,122.0
Papua New Guinea,PNG,Western Pacific,children,2009,108.0
Myanmar,MMR,South-East Asia,children,2019,109.0
Algeria,DZA,Africa,children,2003,113.0
Iraq,IRQ,Eastern Mediterranean,children,2009,116.0
Indonesia,IDN,Western Pacific,children,2009,113.0
Sao Tome and Principe,STP,Africa,children,2014,106.0
Bolivia (Plurinational State of),BOL,Americas,children,2007,107.0
Bhutan,BTN,South-East Asia,children,2010,107.0
Rwanda,RWA,Africa,children,2004,108.0
Kenya,KEN,Africa,children,2007,110.0
Mexico,MEX,Americas,children,2014,119.0
Belgium,BEL,Europe,children,2007,121.0
Yemen,YEM,Eastern Mediterranean,children,2000,91.0
Guinea-Bissau,GNB,Africa,children,2004,97.0
Nepal,NPL,South-East Asia,children,2003,107.0
Canada,CAN,Americas,children,2008,123.0
Uzbekistan,UZB,Europe,children,2013,117.0
Sudan,SDN,Eastern Mediterranean,children,2001,105.0
Canada,CAN,Americas,children,2018,122.0
Greece,GRC,Europe,children,2007,122.0
Antigua and Barbuda,ATG,Americas,children,2016,120.0
Suriname,SUR,Americas,children,2008,116.0
Eritrea,ERI,Africa,children,2009,108.0
Saint Lucia,LCA,Americas,children,2005,119.0
Ireland,IRL,Europe,children,2000,122.0
Senegal,SEN,Africa,children,2015,101.0
Kuwait,KWT,Eastern Mediterranean,children,2015,120.0
Saudi Arabia,SAU,Eastern Mediterranean,children,2002,117.0
Nicaragua,NIC,Americas,children,2004,119.0
Oman,OMN,Eastern Mediterranean,children,2005,114.0
Equatorial Guinea,GNQ,Africa,children,2004,99.0
Brazil,BRA,Americas,children,2001,119.0
Iran (Islamic Republic of),IRN,Eastern Mediterranean,children,2019,117.0
Denmark,DNK,Europe,children,2007,122.0
Lithuania,LTU,Europe,children,2017,120.0
Viet Nam,VNM,Western Pacific,children,2005,117.0
Seychelles,SYC,Africa,children,2017,116.0
Dominican Republic,DOM,Americas,children,2007,116.0
Niue,NIU,Western Pacific,children,2019,114.0
Tajikistan,TJK,Europe,children,2013,115.0
Tajikistan,TJK,Europe,children,2005,113.0
Vanuatu,VUT,Western Pacific,children,2003,114.0
Nigeria,NGA,Africa,children,2007,99.0
Rwanda,RWA,Africa,children,2011,113.0
China,CHN,Western Pacific,children,2019,120.0
Finland,FIN,Europe,children,2004,123.0
Austria,AUT,Europe,children,2018,121.0
Grenada,GRD,Americas,children,2005,118.0
Madagascar,MDG,Africa,children,2013,109.0
Democratic People's Republic of Korea,PRK,South-East Asia,children,2018,115.0
Japan,JPN,Western Pacific,children,2009,121.0
Niue,NIU,Western Pacific,children,2006,113.0
Israel,ISR,Europe,children,2008,122.0
Australia,AUS,Western Pacific,children,2019,122.0
Jamaica,JAM,Americas,children,2015,118.0
United States of America,USA,Americas,children,2009,124.0
Cuba,CUB,Americas,children,2000,117.0
Uganda,UGA,Africa,children,2018,108.0
Madagascar,MDG,Africa,children,2011,108.0
Israel,ISR,Europe,children,2012,122.0
Zimbabwe,ZWE,Africa,children,2012,110.0
Thailand,THA,South-East Asia,children,2004,117.0
Nepal,NPL,South-East Asia,children,2002,106.0
United Republic of Tanzania,TZA,Africa,children,2009,104.0
Luxembourg,LUX,Europe,children,2016,123.0
Naoero,NRU,Western Pacific,children,2012,110.0
Gambia,GMB,Africa,children,2015,103.0
Norway,NOR,Europe,children,2012,122.0
Mexico,MEX,Americas,children,2009,118.0
Viet Nam,VNM,Western Pacific,children,2016,119.0
Romania,ROU,Europe,children,2018,117.0
Bulgaria,BGR,Europe,children,2013,118.0
Bangladesh,BGD,South-East Asia,children,2019,111.0
Cote d'Ivoire,CIV,Africa,children,2010,99.0
Israel,ISR,Europe,children,2018,121.0
Burundi,BDI,Africa,children,2009,107.0
Austria,AUT,Europe,children,2019,121.0
Saint Lucia,LCA,Americas,children,2015,120.0
Morocco,MAR,Eastern Mediterranean,children,2003,114.0
France,FRA,Europe,children,2002,123.0
Cote d'Ivoire,CIV,Africa,children,2019,100.0
Tuvalu,TUV,Western Pacific,children,2008,109.0
Micronesia (Federated States of),FSM,Western Pacific,children,2001,114.0
Burundi,BDI,Africa,children,2012,108.0
Marshall Islands,MHL,Western Pacific,children,2005,111.0
Germany,DEU,Europe,children,2018,121.0
Lithuania,LTU,Europe,children,2014,120.0
Austria,AUT,Europe,children,2004,122.0
Seychelles,SYC,Africa,children,2018,116.0
Solomon Islands,SLB,Western Pacific,children,2019,113.0
San Marino,SMR,Europe,children,2009,122.0
Estonia,EST,Europe,children,2008,120.0
Brazil,BRA,Americas,children,2000,118.0
Australia,AUS,Western Pacific,children,2006,122.0
Barbados,BRB,Americas,children,2008,119.0
Mexico,MEX,Americas,children,2004,117.0
Republic of Moldova,MDA,Europe,children,2005,115.0
San Marino,SMR,Europe,children,2007,122.0
Estonia,EST,Europe,children,2003,119.0
Sudan,SDN,Eastern Mediterranean,children,2010,108.0
Madagascar,MDG,Africa,children,2018,109.0
Albania,ALB,Europe,children,2006,117.0
Brunei Darussalam,BRN,Western Pacific,children,2019,119.0
Oman,OMN,Eastern Mediterranean,children,2009,115.0
Namibia,NAM,Africa,children,2014,110.0
Antigua and Barbuda,ATG,Americas,children,2004,118.0
Cote d'Ivoire,CIV,Africa,children,2011,99.0
Suriname,SUR,Americas,children,2006,115.0
Trinidad and Tobago,TTO,Americas,children,2019,119.0
Eritrea,ERI,Africa,children,2017,109.0
Cabo Verde,CPV,Africa,children,2014,110.0
Serbia,SRB,Europe,children,2017,120.0
Serbia,SRB,Europe,children,2011,120.0
Libya,LBY,Eastern Mediterranean,children,2011,117.0
India,IND,South-East Asia,children,2006,104.0
Greece,GRC,Europe,children,2004,122.0
Austria,AUT,Europe,children,2007,122.0
Ethiopia,ETH,Africa,children,2008,106.0
Ireland,IRL,Europe,children,2011,122.0
Cameroon,CMR,Africa,children,2013,104.0
Ukraine,UKR,Europe,children,2011,118.0
Bangladesh,BGD,South-East Asia,children,2007,109.0
Slovakia,SVK,Europe,children,2004,118.0
Denmark,DNK,Europe,children,2011,122.0
Dominican Republic,DOM,Americas,children,2017,117.0
Chad,TCD,Africa,children,2015,100.0
Belgium,BEL,Europe,children,2000,121.0
Germany,DEU,Europe,children,2000,122.0
Guinea-Bissau,GNB,Africa,children,2006,98.0
Equatorial Guinea,GNQ,Africa,children,2018,103.0
Kyrgyzstan,KGZ,Europe,children,2012,114.0
Panama,PAN,Americas,children,2017,121.0
Zambia,ZMB,Africa,children,2015,107.0
Mexico,MEX,Americas,children,2000,116.0
Mozambique,MOZ,Africa,children,2007,102.0
Barbados,BRB,Americas,children,2005,119.0
Congo,COG,Africa,children,2014,104.0
Albania,ALB,Europe,children,2017,116.0
Mauritius,MUS,Africa,children,2010,117.0
Cabo Verde,CPV,Africa,children,2009,109.0
Dominica,DMA,Americas,children,2009,117.0
Niue,NIU,Western Pacific,children,2009,113.0
Cambodia,KHM,Western Pacific,children,2013,108.0
Serbia,SRB,Europe,children,2012,120.0
South Sudan,SSD,Africa,children,2012,105.0
Portugal,PRT,Europe,children,2000,121.0
Iran (Islamic Republic of),IRN,Eastern Mediterranean,children,2011,116.0
Democratic Republic of the Congo,COD,Africa,children,2008,101.0
Democratic People's Republic of Korea,PRK,South-East Asia,children,2005,114.0
Denmark,DNK,Europe,children,2014,122.0
Andorra,AND,Europe,children,2007,122.0
Brazil,BRA,Americas,children,2002,119.0
Madagascar,MDG,Africa,children,2003,105.0
Nicaragua,NIC,Americas,children,2007,120.0
Greece,GRC,Europe,children,2000,121.0
Slovakia,SVK,Europe,children,2013,119.0
Timor-Leste,TLS,South-East Asia,children,2019,110.0
Sri Lanka,LKA,South-East Asia,children,2007,116.0
Sweden,SWE,Europe,children,2017,121.0
Niger,NER,Africa,children,2002,94.0
Nepal,NPL,South-East Asia,children,2001,106.0
Cyprus,CYP,Europe,children,2004,122.0
Armenia,ARM,Europe,children,2000,116.0
Luxembourg,LUX,Europe,children,2011,123.0
Chile,CHL,Americas,children,2013,120.0
Cabo Verde,CPV,Africa,children,2011,109.0
United Arab Emirates,ARE,Eastern Mediterranean,children,2018,119.0
Croatia,HRV,Europe,children,2014,120.0
Ukraine,UKR,Europe,children,2010,118.0
Tonga,TON,Western Pacific,children,2015,114.0
Saint Vincent and the Grenadines,VCT,Americas,children,2009,118.0
Belgium,BEL,Europe,children,2019,120.0
Solomon Islands,SLB,Western Pacific,children,2009,111.0
Kuwait,KWT,Eastern Mediterranean,children,2019,119.0
Jordan,JOR,Eastern Mediterranean,children,2007,116.0
Papua New Guinea,PNG,Western Pacific,children,2014,109.0
Democratic People's Republic of Korea,PRK,South-East Asia,children,2006,114.0
Colombia,COL,Americas,children,2013,119.0
Solomon Islands,SLB,Western Pacific,children,2002,111.0
North Macedonia,MKD,Europe,children,2017,118.0
Sao Tome and Principe,STP,Africa,children,2011,105.0
Belize,BLZ,Americas,children,2017,119.0
Montenegro,MNE,Europe,children,2005,119.0
Sudan,SDN,Eastern Mediterranean,children,2012,108.0
El Salvador,SLV,Americas,children,2013,117.0
Zambia,ZMB,Africa,children,2000,102.0
Afghanistan,AFG,Eastern Mediterranean,children,2009,110.0
Samoa,WSM,Western Pacific,children,2009,114.0
Central African Republic,CAF,Africa,children,2009,96.0
Marshall Islands,MHL,Western Pacific,children,2013,112.0
Tuvalu,TUV,Western Pacific,children,2002,109.0
Uruguay,URY,Americas,children,2019,117.0
Maldives,MDV,South-East Asia,children,2019,113.0
France,FRA,Europe,children,2019,121.0
Guinea,GIN,Africa,children,2006,97.0
Cabo Verde,CPV,Africa,children,2001,106.0
Gambia,GMB,Africa,children,2003,97.0
Kiribati,KIR,Western Pacific,children,2004,108.0
Syrian Arab Republic,SYR,Eastern Mediterranean,children,2013,116.0
Armenia,ARM,Europe,children,2013,119.0
Lesotho,LSO,Africa,children,2002,109.0
Cook Islands,COK,Western Pacific,children,2008,116.0
Egypt,EGY,Eastern Mediterranean,children,2007,113.0
Democratic Republic of the Congo,COD,Africa,children,2017,102.0
Guinea,GIN,Africa,children,2005,97.0
Grenada,GRD,Americas,children,2007,118.0
Saudi Arabia,SAU,Eastern Mediterranean,children,2007,118.0
Netherlands (Kingdom of the),NLD,Europe,children,2000,122.0
Ghana,GHA,Africa,children,2006,99.0
Tuvalu,TUV,Western Pacific,children,2012,110.0
Iran (Islamic Republic of),IRN,Eastern Mediterranean,children,2007,115.0
Croatia,HRV,Europe,children,2009,120.0
Mauritania,MRT,Africa,children,2005,100.0
Belarus,BLR,Europe,children,2017,120.0
Portugal,PRT,Europe,children,2006,122.0
Romania,ROU,Europe,children,2015,116.0
Mauritius,MUS,Africa,children,2015,117.0
United Republic of Tanzania,TZA,Africa,children,2006,103.0
Thailand,THA,South-East Asia,children,2005,117.0
Nicaragua,NIC,Americas,children,2017,119.0
Cuba,CUB,Americas,children,2010,118.0
Cote d'Ivoire,CIV,Africa,children,2006,98.0
Myanmar,MMR,South-East Asia,children,2001,106.0
Cook Islands,COK,Western Pacific,children,2005,116.0
Argentina,ARG,Americas,children,2006,120.0
Republic of Korea,KOR,Western Pacific,children,2018,121.0
Denmark,DNK,Europe,children,2004,122.0
Bahrain,BHR,Eastern Mediterranean,children,2003,118.0
Kuwait,KWT,Eastern Mediterranean,children,2010,121.0
Djibouti,DJI,Eastern Mediterranean,children,2018,108.0
Oman,OMN,Eastern Mediterranean,children,2007,115.0
Pakistan,PAK,Eastern Mediterranean,children,2018,106.0
United Arab Emirates,ARE,Eastern Mediterranean,children,2011,120.0
Italy,ITA,Europe,children,2008,122.0
Belarus,BLR,Europe,children,2011,120.0
Egypt,EGY,Eastern Mediterranean,children,2003,113.0
Egypt,EGY,Eastern Mediterranean,children,2001,113.0
Belgium,BEL,Europe,children,2018,120.0
Viet Nam,VNM,Western Pacific,children,2014,119.0
Iran (Islamic Republic of),IRN,Eastern Mediterranean,children,2018,117.0
Antigua and Barbuda,ATG,Americas,children,2013,120.0
Angola,AGO,Africa,children,2018,105.0
Slovenia,SVN,Europe,children,2009,120.0
Benin,BEN,Africa,children,2001,95.0
Gabon,GAB,Africa,children,2017,106.0
Guatemala,GTM,Americas,children,2001,115.0
Germany,DEU,Europe,children,2006,122.0
Pakistan,PAK,Eastern Mediterranean,children,2014,105.0
Burkina Faso,BFA,Africa,children,2004,90.0
Estonia,EST,Europe,children,2017,120.0
Israel,ISR,Europe,children,2017,122.0
Italy,ITA,Europe,children,2014,122.0
Mexico,MEX,Americas,children,2017,120.0
Namibia,NAM,Africa,children,2004,109.0
Venezuela (Bolivarian Republic of),VEN,Americas,children,2009,117.0
Niger,NER,Africa,children,2005,95.0
Saint Lucia,LCA,Americas,children,2009,119.0
Myanmar,MMR,South-East Asia,children,2005,107.0
Djibouti,DJI,Eastern Mediterranean,children,2007,107.0
Democratic Republic of the Congo,COD,Africa,children,2004,99.0
Zambia,ZMB,Africa,children,2006,105.0
Rwanda,RWA,Africa,children,2000,104.0
Belgium,BEL,Europe,children,2013,121.0
United Republic of Tanzania,TZA,Africa,children,2001,100.0
Türkiye,TUR,Europe,children,2000,113.0
Slovenia,SVN,Europe,children,2019,120.0
United Arab Emirates,ARE,Eastern Mediterranean,children,2006,120.0
Switzerland,CHE,Europe,children,2006,123.0
Czechia,CZE,Europe,children,2006,121.0
Serbia,SRB,Europe,children,2001,119.0
Egypt,EGY,Eastern Mediterranean,children,2002,113.0
Angola,AGO,Africa,children,2003,102.0
Chad,TCD,Africa,children,2004,96.0
Syrian Arab Republic,SYR,Eastern Mediterranean,children,2012,116.0
China,CHN,Western Pacific,children,2009,120.0
Bosnia and Herzegovina,BIH,Europe,children,2015,118.0
Gabon,GAB,Africa,children,2013,105.0
Nicaragua,NIC,Americas,children,2000,116.0
Barbados,BRB,Americas,children,2000,119.0
Suriname,SUR,Americas,children,2010,116.0
Thailand,THA,South-East Asia,children,2019,117.0
Cambodia,KHM,Western Pacific,children,2011,108.0
Democratic Republic of the Congo,COD,Africa,children,2011,101.0
Russian Federation,RUS,Europe,children,2005,117.0
Antigua and Barbuda,ATG,Americas,children,2000,117.0
Bosnia and Herzegovina,BIH,Europe,children,2000,117.0
Haiti,HTI,Americas,children,2001,104.0
Papua New Guinea,PNG,Western Pacific,children,2019,110.0
Croatia,HRV,Europe,children,2016,120.0
Uzbekistan,UZB,Europe,children,2002,111.0
Benin,BEN,Africa,children,2000,95.0
Haiti,HTI,Americas,children,2002,104.0
United States of America,USA,Americas,children,2000,124.0
Solomon Islands,SLB,Western Pacific,children,2003,110.0
Bulgaria,BGR,Europe,children,2019,118.0
Hungary,HUN,Europe,children,2003,120.0
South Sudan,SSD,Africa,children,2011,105.0
Jordan,JOR,Eastern Mediterranean,children,2017,115.0
Sierra Leone,SLE,Africa,children,2001,95.0
Barbados,BRB,Americas,children,2013,119.0
Russian Federation,RUS,Europe,children,2018,119.0
India,IND,South-East Asia,children,2004,103.0
Tajikistan,TJK,Europe,children,2001,111.0
Estonia,EST,Europe,children,2016,120.0
Liberia,LBR,Africa,children,2007,101.0
Jamaica,JAM,Americas,children,2006,117.0
Viet Nam,VNM,Western Pacific,children,2011,119.0
Togo,TGO,Africa,children,2002,96.0
Nigeria,NGA,Africa,children,2019,102.0
Malaysia,MYS,Western Pacific,children,2002,120.0
Afghanistan,AFG,Eastern Mediterranean,children,2004,109.0
Uruguay,URY,Americas,children,2009,118.0
Poland,POL,Europe,children,2012,120.0
Sudan,SDN,Eastern Mediterranean,children,2018,108.0
Peru,PER,Americas,children,2012,113.0
Kenya,KEN,Africa,children,2013,112.0
Sierra Leone,SLE,Africa,children,2017,99.0
Venezuela (Bolivarian Republic of),VEN,Americas,children,2002,116.0
Guinea-Bissau,GNB,Africa,children,2009,99.0
Naoero,NRU,Western Pacific,children,2009,110.0
Congo,COG,Africa,children,2007,103.0
Belgium,BEL,Europe,children,2002,121.0
North Macedonia,MKD,Europe,children,2000,118.0
Naoero,NRU,Western Pacific,children,2019,112.0
Estonia,EST,Europe,children,2004,119.0
Libya,LBY,Eastern Mediterranean,children,2001,115.0
Guinea-Bissau,GNB,Africa,children,2010,99.0
Ukraine,UKR,Europe,children,2014,118.0
Burkina Faso,BFA,Africa,children,2006,90.0
Madagascar,MDG,Africa,children,2017,109.0
Bangladesh,BGD,South-East Asia,children,2006,109.0
Mauritius,MUS,Africa,children,2008,117.0
Seychelles,SYC,Africa,children,2012,117.0
Nigeria,NGA,Africa,children,2012,100.0
Israel,ISR,Europe,children,2000,121.0
Timor-Leste,TLS,South-East Asia,children,2010,111.0
Ukraine,UKR,Europe,children,2006,117.0
Singapore,SGP,Western Pacific,children,2013,122.0
Afghanistan,AFG,Eastern Mediterranean,children,2015,111.0
Finland,FIN,Europe,children,2015,123.0
Nicaragua,NIC,Americas,children,2011,120.0
Djibouti,DJI,Eastern Mediterranean,children,2009,107.0
Cote d'Ivoire,CIV,Africa,children,2013,99.0
Denmark,DNK,Europe,children,2008,122.0
Malaysia,MYS,Western Pacific,children,2007,120.0
Samoa,WSM,Western Pacific,children,2012,114.0
Israel,ISR,Europe,children,2004,122.0
Cyprus,CYP,Europe,children,2003,122.0
Egypt,EGY,Eastern Mediterranean,children,2005,113.0
Guatemala,GTM,Americas,children,2010,118.0
Ghana,GHA,Africa,children,2012,102.0
Pakistan,PAK,Eastern Mediterranean,children,2005,104.0
Argentina,ARG,Americas,children,2003,120.0
Mali,MLI,Africa,children,2008,94.0
Honduras,HND,Americas,children,2011,115.0
Vanuatu,VUT,Western Pacific,children,2005,114.0
Togo,TGO,Africa,children,2009,99.0
Turkmenistan,TKM,Europe,children,2011,116.0
Italy,ITA,Europe,children,2006,122.0
Papua New Guinea,PNG,Western Pacific,children,2005,108.0
Iceland,ISL,Europe,children,2010,123.0
Solomon Islands,SLB,Western Pacific,children,2014,112.0
Benin,BEN,Africa,children,2009,99.0
Mozambique,MOZ,Africa,children,2003,99.0
Armenia,ARM,Europe,children,2003,117.0
Gambia,GMB,Africa,children,2011,100.0
Bahrain,BHR,Eastern Mediterranean,children,2009,118.0
South Africa,ZAF,Africa,children,2005,112.0
"occupied Palestinian territory, including east Jerusalem",PSE,Eastern Mediterranean,children,2017,115.0
Comoros,COM,Africa,children,2019,107.0
Republic of Korea,KOR,Western Pacific,children,2002,121.0
Palau,PLW,Western Pacific,children,2007,113.0
Marshall Islands,MHL,Western Pacific,children,2008,111.0
Belgium,BEL,Europe,children,2001,121.0
Honduras,HND,Americas,children,2016,116.0
Viet Nam,VNM,Western Pacific,children,2002,115.0
Togo,TGO,Africa,children,2011,100.0
Türkiye,TUR,Europe,children,2018,117.0
Switzerland,CHE,Europe,children,2013,122.0
Guinea-Bissau,GNB,Africa,children,2012,100.0
Guatemala,GTM,Americas,children,2011,119.0
Venezuela (Bolivarian Republic of),VEN,Americas,children,2019,117.0
Brazil,BRA,Americas,children,2005,120.0
South Sudan,SSD,Africa,children,2006,103.0
Timor-Leste,TLS,South-East Asia,children,2006,110.0
Vanuatu,VUT,Western Pacific,children,2004,114.0
Kuwait,KWT,Eastern Mediterranean,children,2017,120.0
Montenegro,MNE,Europe,children,2002,118.0
Namibia,NAM,Africa,children,2015,110.0
United Arab Emirates,ARE,Eastern Mediterranean,children,2007,120.0
Mali,MLI,Africa,children,2000,92.0
Estonia,EST,Europe,children,2005,119.0
Libya,LBY,Eastern Mediterranean,children,2017,117.0
Paraguay,PRY,Americas,children,2004,115.0
Uganda,UGA,Africa,children,2001,99.0
United Arab Emirates,ARE,Eastern Mediterranean,children,2014,120.0
Malta,MLT,Europe,children,2008,121.0
Morocco,MAR,Eastern Mediterranean,children,2014,116.0
Namibia,NAM,Africa,children,2000,110.0
Argentina,ARG,Americas,children,2014,121.0
Haiti,HTI,Americas,children,2003,104.0
Myanmar,MMR,South-East Asia,children,2000,106.0
Bahamas,BHS,Americas,children,2006,120.0
Philippines,PHL,Western Pacific,children,2012,119.0
Australia,AUS,Western Pacific,children,2012,122.0
Guinea,GIN,Africa,children,2002,95.0
El Salvador,SLV,Americas,children,2003,118.0
Sweden,SWE,Europe,children,2001,122.0
Belarus,BLR,Europe,children,2014,120.0
Lao People's Democratic Republic,LAO,Western Pacific,children,2004,110.0
North Macedonia,MKD,Europe,children,2012,119.0
Malawi,MWI,Africa,children,2019,107.0
Bhutan,BTN,South-East Asia,children,2000,101.0
Finland,FIN,Europe,children,2008,123.0
Gabon,GAB,Africa,children,2012,105.0
Malaysia,MYS,Western Pacific,children,2014,119.0
Nicaragua,NIC,Americas,children,2001,117.0
United Arab Emirates,ARE,Eastern Mediterranean,children,2004,120.0
Guyana,GUY,Americas,children,2002,113.0
Portugal,PRT,Europe,children,2019,121.0
Bangladesh,BGD,South-East Asia,children,2009,110.0
Morocco,MAR,Eastern Mediterranean,children,2018,116.0
Mozambique,MOZ,Africa,children,2008,102.0
New Zealand,NZL,Western Pacific,children,2011,122.0
Georgia,GEO,Europe,children,2010,117.0
Afghanistan,AFG,Eastern Mediterranean,children,2019,110.0
Chile,CHL,Americas,children,2002,119.0
Bahrain,BHR,Eastern Mediterranean,children,2018,118.0
Cuba,CUB,Americas,children,2017,120.0
Lao People's Democratic Republic,LAO,Western Pacific,children,2007,111.0
Latvia,LVA,Europe,children,2017,119.0
Australia,AUS,Western Pacific,children,2004,122.0
Israel,ISR,Europe,children,2009,122.0
Cote d'Ivoire,CIV,Africa,children,2017,99.0
Costa Rica,CRI,Americas,children,2013,120.0
Austria,AUT,Europe,children,2002,122.0
Egypt,EGY,Eastern Mediterranean,children,2018,115.0
Algeria,DZA,Africa,children,2005,113.0
Peru,PER,Americas,children,2019,116.0
Indonesia,IDN,Western Pacific,children,2017,113.0
Central African Republic,CAF,Africa,children,2019,99.0
Lesotho,LSO,Africa,children,2012,109.0
Chile,CHL,Americas,children,2000,119.0
Cabo Verde,CPV,Africa,children,2019,111.0
Kyrgyzstan,KGZ,Europe,children,2015,114.0
Sudan,SDN,Eastern Mediterranean,children,2014,108.0
Montenegro,MNE,Europe,children,2006,119.0
Republic of Moldova,MDA,Europe,children,2014,117.0
Burkina Faso,BFA,Africa,children,2000,90.0
Senegal,SEN,Africa,children,2007,96.0
Botswana,BWA,Africa,children,2012,113.0
Philippines,PHL,Western Pacific,children,2009,118.0
Uganda,UGA,Africa,children,2009,104.0
Burundi,BDI,Africa,children,2019,105.0
Maldives,MDV,South-East Asia,children,2011,114.0
Lithuania,LTU,Europe,children,2010,120.0
Sao Tome and Principe,STP,Africa,children,2001,101.0
Mauritius,MUS,Africa,children,2005,116.0
Mozambique,MOZ,Africa,children,2005,100.0
Sao Tome and Principe,STP,Africa,children,2008,105.0
Guyana,GUY,Americas,children,2001,113.0
Singapore,SGP,Western Pacific,children,2009,122.0
Republic of Moldova,MDA,Europe,children,2002,114.0
Bahamas,BHS,Americas,children,2000,120.0
Lao People's Democratic Republic,LAO,Western Pacific,children,2015,112.0
Fiji,FJI,Western Pacific,children,2014,113.0
Zambia,ZMB,Africa,children,2012,107.0
Albania,ALB,Europe,children,2016,117.0
Kazakhstan,KAZ,Europe,children,2014,119.0
Slovenia,SVN,Europe,children,2003,120.0
Spain,ESP,Europe,children,2013,122.0
Morocco,MAR,Eastern Mediterranean,children,2011,115.0
Antigua and Barbuda,ATG,Americas,children,2007,119.0
Thailand,THA,South-East Asia,children,2012,118.0
Russian Federation,RUS,Europe,children,2007,118.0
Luxembourg,LUX,Europe,children,2009,123.0
"occupied Palestinian territory, including east Jerusalem",PSE,Eastern Mediterranean,children,2012,115.0
Angola,AGO,Africa,children,2001,100.0
Congo,COG,Africa,children,2013,104.0
Haiti,HTI,Americas,children,2012,105.0
Cambodia,KHM,Western Pacific,children,2015,109.0
Lao People's Democratic Republic,LAO,Western Pacific,children,2003,110.0
Republic of Moldova,MDA,Europe,children,2010,116.0
Ghana,GHA,Africa,children,2009,100.0
Namibia,NAM,Africa,children,2012,110.0
Haiti,HTI,Americas,children,2011,105.0
Lebanon,LBN,Eastern Mediterranean,children,2004,118.0
Zimbabwe,ZWE,Africa,children,2010,109.0
Fiji,FJI,Western Pacific,children,2017,113.0
Dominica,DMA,Americas,children,2015,117.0
Belarus,BLR,Europe,children,2006,119.0
Central African Republic,CAF,Africa,children,2016,98.0
Congo,COG,Africa,children,2018,105.0
Somalia,SOM,Eastern Mediterranean,children,2000,102.0
Cameroon,CMR,Africa,children,2019,105.0
Azerbaijan,AZE,Europe,children,2015,117.0
Honduras,HND,Americas,children,2018,117.0
Syrian Arab Republic,SYR,Eastern Mediterranean,children,2004,115.0
United States of America,USA,Americas,children,2004,124.0
Mauritania,MRT,Africa,children,2009,101.0
Haiti,HTI,Americas,children,2008,105.0
Kuwait,KWT,Eastern Mediterranean,children,2004,120.0
Nepal,NPL,South-East Asia,children,2012,110.0
Republic of Korea,KOR,Western Pacific,children,2012,121.0
Eswatini,SWZ,Africa,children,2019,112.0
Nicaragua,NIC,Americas,children,2015,120.0
Dominica,DMA,Americas,children,2005,117.0
Portugal,PRT,Europe,children,2016,122.0
Libya,LBY,Eastern Mediterranean,children,2000,115.0
Timor-Leste,TLS,South-East Asia,children,2011,111.0
Bosnia and Herzegovina,BIH,Europe,children,2014,118.0
Cameroon,CMR,Africa,children,2009,103.0
Oman,OMN,Eastern Mediterranean,children,2004,114.0
Trinidad and Tobago,TTO,Americas,children,2009,117.0
Botswana,BWA,Africa,children,2011,113.0
Bahrain,BHR,Eastern Mediterranean,children,2016,118.0
Montenegro,MNE,Europe,children,2011,121.0
"occupied Palestinian territory, including east Jerusalem",PSE,Eastern Mediterranean,children,2015,115.0
Georgia,GEO,Europe,children,2017,118.0
Grenada,GRD,Americas,children,2014,118.0
Namibia,NAM,Africa,children,2008,110.0
Ghana,GHA,Africa,children,2016,104.0
Dominica,DMA,Americas,children,2004,117.0
Malta,MLT,Europe,children,2007,121.0
Colombia,COL,Americas,children,2006,117.0
Ethiopia,ETH,Africa,children,2019,107.0
Liberia,LBR,Africa,children,2000,95.0
Costa Rica,CRI,Americas,children,2012,120.0
Zimbabwe,ZWE,Africa,children,2014,111.0
Bolivia (Plurinational State of),BOL,Americas,children,2019,114.0
Mauritania,MRT,Africa,children,2018,103.0
Guyana,GUY,Americas,children,2006,113.0
Cameroon,CMR,Africa,children,2011,104.0
Belgium,BEL,Europe,children,2014,121.0
Antigua and Barbuda,ATG,Americas,children,2017,121.0
Ukraine,UKR,Europe,children,2013,118.0
Spain,ESP,Europe,children,2001,122.0
Angola,AGO,Africa,children,2013,105.0
Italy,ITA,Europe,children,2015,121.0
Cabo Verde,CPV,Africa,children,2004,108.0
Argentina,ARG,Americas,children,2001,120.0
Burundi,BDI,Africa,children,2000,101.0
Guinea-Bissau,GNB,Africa,children,2013,100.0
Guinea-Bissau,GNB,Africa,children,2018,102.0
Saudi Arabia,SAU,Eastern Mediterranean,children,2019,119.0
Oman,OMN,Eastern Mediterranean,children,2003,113.0
Liberia,LBR,Africa,children,2016,101.0
Gabon,GAB,Africa,children,2018,106.0
Saudi Arabia,SAU,Eastern Mediterranean,children,2013,119.0
Equatorial Guinea,GNQ,Africa,children,2015,103.0
Mali,MLI,Africa,children,2002,92.0
Cook Islands,COK,Western Pacific,children,2006,116.0
Tajikistan,TJK,Europe,children,2018,113.0
Andorra,AND,Europe,children,2004,122.0
India,IND,South-East Asia,children,2012,106.0
Croatia,HRV,Europe,children,2011,120.0
Guyana,GUY,Americas,children,2015,115.0
Russian Federation,RUS,Europe,children,2010,118.0
Bulgaria,BGR,Europe,children,2001,116.0
Estonia,EST,Europe,children,2000,118.0
United Arab Emirates,ARE,Eastern Mediterranean,children,2001,120.0
New Zealand,NZL,Western Pacific,children,2003,122.0
United Republic of Tanzania,TZA,Africa,children,2008,104.0
Belgium,BEL,Europe,children,2009,121.0
Italy,ITA,Europe,children,2009,122.0
Cote d'Ivoire,CIV,Africa,children,2004,97.0
France,FRA,Europe,children,2005,123.0
Finland,FIN,Europe,children,2016,123.0
Philippines,PHL,Western Pacific,children,2002,114.0
Kenya,KEN,Africa,children,2015,112.0
Saint Vincent and the Grenadines,VCT,Americas,children,2008,118.0
India,IND,South-East Asia,children,2005,103.0
North Macedonia,MKD,Europe,children,2010,119.0
Belarus,BLR,Europe,children,2015,120.0
Italy,ITA,Europe,children,2005,122.0
Peru,PER,Americas,children,2001,111.0
Dominican Republic,DOM,Americas,children,2019,117.0
San Marino,SMR,Europe,children,2004,122.0
Vanuatu,VUT,Western Pacific,children,2017,115.0
Serbia,SRB,Europe,children,2019,120.0
Cameroon,CMR,Africa,children,2018,105.0
Cabo Verde,CPV,Africa,children,2016,110.0
Armenia,ARM,Europe,children,2019,119.0
Lithuania,LTU,Europe,children,2011,120.0
Bangladesh,BGD,South-East Asia,children,2011,110.0
Russian Federation,RUS,Europe,children,2017,119.0
Mozambique,MOZ,Africa,children,2004,100.0
Cyprus,CYP,Europe,children,2018,121.0
Madagascar,MDG,Africa,children,2006,107.0
Democratic Republic of the Congo,COD,Africa,children,2019,103.0
Kuwait,KWT,Eastern Mediterranean,children,2006,121.0
Germany,DEU,Europe,children,2001,122.0
Seychelles,SYC,Africa,children,2013,117.0
Belarus,BLR,Europe,children,2004,119.0
Mauritania,MRT,Africa,children,2000,98.0
Micronesia (Federated States of),FSM,Western Pacific,children,2015,113.0
Morocco,MAR,Eastern Mediterranean,children,2007,115.0
Latvia,LVA,Europe,children,2001,117.0
Greece,GRC,Europe,children,2009,121.0
Senegal,SEN,Africa,children,2017,102.0
Botswana,BWA,Africa,children,2013,113.0
Micronesia (Federated States of),FSM,Western Pacific,children,2013,113.0
Mongolia,MNG,Western Pacific,children,2018,120.0
Cameroon,CMR,Africa,children,2001,100.0
Jordan,JOR,Eastern Mediterranean,children,2009,116.0
United Republic of Tanzania,TZA,Africa,children,2010,105.0
Estonia,EST,Europe,children,2001,119.0
Malaysia,MYS,Western Pacific,children,2000,120.0
Papua New Guinea,PNG,Western Pacific,children,2016,109.0
Mexico,MEX,Americas,children,2003,117.0
Egypt,EGY,Eastern Mediterranean,children,2009,113.0
Nepal,NPL,South-East Asia,children,2000,105.0
China,CHN,Western Pacific,children,2002,118.0
Croatia,HRV,Europe,children,2005,119.0
Micronesia (Federated States of),FSM,Western Pacific,children,2016,113.0
Central African Republic,CAF,Africa,children,2010,97.0
Papua New Guinea,PNG,Western Pacific,children,2012,109.0
Comoros,COM,Africa,children,2000,104.0
Honduras,HND,Americas,children,2003,114.0
United Arab Emirates,ARE,Eastern Mediterranean,children,2012,119.0
Zimbabwe,ZWE,Africa,children,2019,113.0
Peru,PER,Americas,children,2015,114.0
Netherlands (Kingdom of the),NLD,Europe,children,2012,122.0
Guatemala,GTM,Americas,children,2004,115.0
Benin,BEN,Africa,children,2002,96.0
Grenada,GRD,Americas,children,2000,118.0
Namibia,NAM,Africa,children,2003,110.0
Namibia,NAM,Africa,children,2011,110.0
Algeria,DZA,Africa,children,2007,114.0
Chile,CHL,Americas,children,2010,120.0
Paraguay,PRY,Americas,children,2000,116.0
Mali,MLI,Africa,children,2015,95.0
Nepal,NPL,South-East Asia,children,2008,109.0
Dominican Republic,DOM,Americas,children,2015,116.0
Australia,AUS,Western Pacific,children,2005,122.0
China,CHN,Western Pacific,children,2015,121.0
Montenegro,MNE,Europe,children,2013,121.0
Lao People's Democratic Republic,LAO,Western Pacific,children,2011,112.0
Jordan,JOR,Eastern Mediterranean,children,2011,116.0
Republic of Korea,KOR,Western Pacific,children,2013,121.0
Slovenia,SVN,Europe,children,2018,120.0
Pakistan,PAK,Eastern Mediterranean,children,2015,105.0
Chile,CHL,Americas,children,2004,120.0
Viet Nam,VNM,Western Pacific,children,2003,116.0
Cabo Verde,CPV,Africa,children,2000,106.0
Benin,BEN,Africa,children,2015,100.0
Greece,GRC,Europe,children,2014,121.0
Saudi Arabia,SAU,Eastern Mediterranean,children,2003,117.0
Brunei Darussalam,BRN,Western Pacific,children,2000,120.0
Tuvalu,TUV,Western Pacific,children,2001,109.0
Qatar,QAT,Eastern Mediterranean,children,2016,119.0
Turkmenistan,TKM,Europe,children,2019,115.0
Sweden,SWE,Europe,children,2019,121.0
Gambia,GMB,Africa,children,2005,98.0
Haiti,HTI,Americas,children,2014,105.0
Saint Lucia,LCA,Americas,children,2013,120.0
Zimbabwe,ZWE,Africa,children,2011,110.0
Uruguay,URY,Americas,children,2014,118.0
Myanmar,MMR,South-East Asia,children,2002,107.0
Lesotho,LSO,Africa,children,2014,109.0
Sri Lanka,LKA,South-East Asia,children,2010,117.0
Poland,POL,Europe,children,2010,120.0
Iceland,ISL,Europe,children,2019,123.0
Somalia,SOM,Eastern Mediterranean,children,2005,103.0
Sweden,SWE,Europe,children,2013,122.0
New Zealand,NZL,Western Pacific,children,2008,122.0
Burundi,BDI,Africa,children,2001,102.0
Mali,MLI,Africa,children,2014,94.0
Libya,LBY,Eastern Mediterranean,children,2010,117.0
Indonesia,IDN,Western Pacific,children,2004,112.0
Yemen,YEM,Eastern Mediterranean,children,2002,91.0
Libya,LBY,Eastern Mediterranean,children,2016,117.0
San Marino,SMR,Europe,children,2008,122.0
Hungary,HUN,Europe,children,2010,120.0
Croatia,HRV,Europe,children,2013,120.0
United Republic of Tanzania,TZA,Africa,children,2019,107.0
Sweden,SWE,Europe,children,2018,121.0
Israel,ISR,Europe,children,2005,122.0
Lithuania,LTU,Europe,children,2009,120.0
Mexico,MEX,Americas,children,2016,120.0
Namibia,NAM,Africa,children,2007,110.0
Kyrgyzstan,KGZ,Europe,children,2009,114.0
Zambia,ZMB,Africa,children,2017,107.0
Maldives,MDV,South-East Asia,children,2018,113.0
Jamaica,JAM,Americas,children,2018,118.0
Gabon,GAB,Africa,children,2001,102.0
Singapore,SGP,Western Pacific,children,2001,122.0
Cuba,CUB,Americas,children,2013,119.0
Zimbabwe,ZWE,Africa,children,2017,113.0
Barbados,BRB,Americas,children,2017,120.0
Djibouti,DJI,Eastern Mediterranean,children,2012,108.0
Czechia,CZE,Europe,children,2004,120.0
Czechia,CZE,Europe,children,2000,120.0
Kyrgyzstan,KGZ,Europe,children,2016,114.0
Cook Islands,COK,Western Pacific,children,2010,116.0
Bolivia (Plurinational State of),BOL,Americas,children,2016,112.0
Tuvalu,TUV,Western Pacific,children,2004,109.0
Botswana,BWA,Africa,children,2001,111.0
Tonga,TON,Western Pacific,children,2001,115.0
Turkmenistan,TKM,Europe,children,2009,116.0
South Africa,ZAF,Africa,children,2019,111.0
Libya,LBY,Eastern Mediterranean,children,2009,116.0
Saudi Arabia,SAU,Eastern Mediterranean,children,2014,119.0
Gabon,GAB,Africa,children,2004,103.0
Spain,ESP,Europe,children,2005,122.0
Syrian Arab Republic,SYR,Eastern Mediterranean,children,2007,115.0
Mozambique,MOZ,Africa,children,2006,101.0
France,FRA,Europe,children,2016,122.0
Congo,COG,Africa,children,2009,104.0
Djibouti,DJI,Eastern Mediterranean,children,2003,105.0
Samoa,WSM,Western Pacific,children,2014,114.0
"occupied Palestinian territory, including east Jerusalem",PSE,Eastern Mediterranean,children,2010,115.0
Oman,OMN,Eastern Mediterranean,children,2013,117.0
Saudi Arabia,SAU,Eastern Mediterranean,children,2011,119.0
Thailand,THA,South-East Asia,children,2018,117.0
Syrian Arab Republic,SYR,Eastern Mediterranean,children,2016,115.0
Egypt,EGY,Eastern Mediterranean,children,2019,115.0
Grenada,GRD,Americas,children,2015,118.0
Liberia,LBR,Africa,children,2018,100.0
Vanuatu,VUT,Western Pacific,children,2015,115.0
Senegal,SEN,Africa,children,2019,103.0
Yemen,YEM,Eastern Mediterranean,children,2005,92.0
Solomon Islands,SLB,Western Pacific,children,2007,110.0
Guinea-Bissau,GNB,Africa,children,2017,101.0
Micronesia (Federated States of),FSM,Western Pacific,children,2004,113.0
Samoa,WSM,Western Pacific,children,2016,114.0
Uganda,UGA,Africa,children,2004,100.0
Cote d'Ivoire,CIV,Africa,children,2015,99.0
Kyrgyzstan,KGZ,Europe,children,2004,113.0
Guatemala,GTM,Americas,children,2000,115.0
Montenegro,MNE,Europe,children,2015,121.0
Syrian Arab Republic,SYR,Eastern Mediterranean,children,2014,115.0
Ecuador,ECU,Americas,children,2006,116.0
Slovenia,SVN,Europe,children,2017,120.0
Indonesia,IDN,Western Pacific,children,2000,111.0
San Marino,SMR,Europe,children,2019,122.0
Nepal,NPL,South-East Asia,children,2006,109.0
Switzerland,CHE,Europe,children,2015,122.0
Armenia,ARM,Europe,children,2004,117.0
Central African Republic,CAF,Africa,children,2003,95.0
Norway,NOR,Europe,children,2000,122.0
Naoero,NRU,Western Pacific,children,2001,111.0
Latvia,LVA,Europe,children,2010,119.0
Chad,TCD,Africa,children,2012,99.0
Haiti,HTI,Americas,children,2019,106.0
Ireland,IRL,Europe,children,2015,122.0
Slovenia,SVN,Europe,children,2008,120.0
Italy,ITA,Europe,children,2007,122.0
Bulgaria,BGR,Europe,children,2000,116.0
Qatar,QAT,Eastern Mediterranean,children,2003,118.0
Saudi Arabia,SAU,Eastern Mediterranean,children,2001,116.0
Djibouti,DJI,Eastern Mediterranean,children,2005,106.0
Argentina,ARG,Americas,children,2018,121.0
Peru,PER,Americas,children,2006,111.0
Tunisia,TUN,Eastern Mediterranean,children,2008,116.0
Tonga,TON,Western Pacific,children,2011,114.0
Democratic Republic of the Congo,COD,Africa,children,2009,101.0
India,IND,South-East Asia,children,2002,102.0
Hungary,HUN,Europe,children,2011,120.0
Finland,FIN,Europe,children,2000,123.0
Panama,PAN,Americas,children,2000,115.0
"occupied Palestinian territory, including east Jerusalem",PSE,Eastern Mediterranean,children,2001,114.0
United Republic of Tanzania,TZA,Africa,children,2005,102.0
Belize,BLZ,Americas,children,2004,118.0
Lebanon,LBN,Eastern Mediterranean,children,2005,118.0
Poland,POL,Europe,children,2005,120.0
Monaco,MCO,Europe,children,2004,122.0
Iceland,ISL,Europe,children,2002,123.0
Monaco,MCO,Europe,children,2005,122.0
Saint Lucia,LCA,Americas,children,2007,119.0
United States of America,USA,Americas,children,2002,124.0
Gambia,GMB,Africa,children,2008,99.0
Papua New Guinea,PNG,Western Pacific,children,2017,109.0
Paraguay,PRY,Americas,children,2007,115.0
Afghanistan,AFG,Eastern Mediterranean,children,2010,110.0
Slovenia,SVN,Europe,children,2010,120.0
Switzerland,CHE,Europe,children,2005,123.0
Bolivia (Plurinational State of),BOL,Americas,children,2011,109.0
Andorra,AND,Europe,children,2014,122.0
Mauritania,MRT,Africa,children,2012,101.0
Germany,DEU,Europe,children,2017,121.0
Ecuador,ECU,Americas,children,2005,116.0
Peru,PER,Americas,children,2007,111.0
Chad,TCD,Africa,children,2003,96.0
Saint Kitts and Nevis,KNA,Americas,children,2009,118.0
Burundi,BDI,Africa,children,2010,108.0
Bolivia (Plurinational State of),BOL,Americas,children,2012,109.0
Cabo Verde,CPV,Africa,children,2005,108.0
Czechia,CZE,Europe,children,2002,120.0
Bahamas,BHS,Americas,children,2016,121.0
Romania,ROU,Europe,children,2017,117.0
Mauritius,MUS,Africa,children,2000,115.0
Cook Islands,COK,Western Pacific,children,2017,117.0
Australia,AUS,Western Pacific,children,2010,122.0
Guinea-Bissau,GNB,Africa,children,2019,102.0
Kiribati,KIR,Western Pacific,children,2014,108.0
Luxembourg,LUX,Europe,children,2003,123.0
Kuwait,KWT,Eastern Mediterranean,children,2012,120.0
Kenya,KEN,Africa,children,2000,105.0
Namibia,NAM,Africa,children,2002,110.0
Colombia,COL,Americas,children,2003,117.0
Australia,AUS,Western Pacific,children,2001,122.0
Papua New Guinea,PNG,Western Pacific,children,2018,110.0
Equatorial Guinea,GNQ,Africa,children,2011,102.0
Suriname,SUR,Americas,children,2007,116.0
Albania,ALB,Europe,children,2001,115.0
Denmark,DNK,Europe,children,2009,122.0
Eritrea,ERI,Africa,children,2012,109.0
Saudi Arabia,SAU,Eastern Mediterranean,children,2018,119.0
Malta,MLT,Europe,children,2002,121.0
Cyprus,CYP,Europe,children,2001,122.0
Bolivia (Plurinational State of),BOL,Americas,children,2017,113.0
Tajikistan,TJK,Europe,children,2015,114.0
Guatemala,GTM,Americas,children,2003,115.0
Sao Tome and Principe,STP,Africa,children,2019,106.0
Jordan,JOR,Eastern Mediterranean,children,2016,115.0
Brazil,BRA,Americas,children,2008,121.0
Poland,POL,Europe,children,2009,120.0
Yemen,YEM,Eastern Mediterranean,children,2004,92.0
Costa Rica,CRI,Americas,children,2008,120.0
Haiti,HTI,Americas,children,2004,104.0
Kiribati,KIR,Western Pacific,children,2000,108.0
Kyrgyzstan,KGZ,Europe,children,2008,113.0
United Republic of Tanzania,TZA,Africa,children,2012,105.0
Kazakhstan,KAZ,Europe,children,2016,119.0
Madagascar,MDG,Africa,children,2010,108.0
Madagascar,MDG,Africa,children,2014,109.0
Slovenia,SVN,Europe,children,2005,120.0
Chad,TCD,Africa,children,2010,98.0
Mauritius,MUS,Africa,children,2006,117.0
Monaco,MCO,Europe,children,2018,121.0
Ethiopia,ETH,Africa,children,2012,108.0
Italy,ITA,Europe,children,2003,122.0
Madagascar,MDG,Africa,children,2012,109.0
Uganda,UGA,Africa,children,2017,108.0
Sierra Leone,SLE,Africa,children,2004,96.0
Estonia,EST,Europe,children,2012,120.0
Mauritius,MUS,Africa,children,2011,117.0
Finland,FIN,Europe,children,2001,123.0
Guatemala,GTM,Americas,children,2006,115.0
Poland,POL,Europe,children,2004,120.0
Australia,AUS,Western Pacific,children,2011,122.0
Yemen,YEM,Eastern Mediterranean,children,2003,92.0
China,CHN,Western Pacific,children,2007,120.0
Venezuela (Bolivarian Republic of),VEN,Americas,children,2017,117.0
Chad,TCD,Africa,children,2011,98.0
Jamaica,JAM,Americas,children,2016,118.0
Uganda,UGA,Africa,children,2006,102.0
Guatemala,GTM,Americas,children,2013,121.0
Libya,LBY,Eastern Mediterranean,children,2007,116.0
Kenya,KEN,Africa,children,2012,112.0
Burundi,BDI,Africa,children,2002,103.0
Cote d'Ivoire,CIV,Africa,children,2008,98.0
Tajikistan,TJK,Europe,children,2010,115.0
El Salvador,SLV,Americas,children,2018,118.0
Viet Nam,VNM,Western Pacific,children,2017,119.0
Czechia,CZE,Europe,children,2012,120.0
Bahrain,BHR,Eastern Mediterranean,children,2006,118.0
Qatar,QAT,Eastern Mediterranean,children,2008,118.0
Albania,ALB,Europe,children,2008,118.0
Sierra Leone,SLE,Africa,children,2014,98.0
Bangladesh,BGD,South-East Asia,children,2008,110.0
Suriname,SUR,Americas,children,2009,116.0
Uruguay,URY,Americas,children,2008,118.0
United Kingdom of Great Britain and Northern Ireland,GBR,Europe,children,2019,121.0
Antigua and Barbuda,ATG,Americas,children,2001,117.0
Türkiye,TUR,Europe,children,2003,114.0
Mauritania,MRT,Africa,children,2011,101.0
Paraguay,PRY,Americas,children,2006,115.0
Venezuela (Bolivarian Republic of),VEN,Americas,children,2013,117.0
Chad,TCD,Africa,children,2014,99.0
Suriname,SUR,Americas,children,2000,115.0
Samoa,WSM,Western Pacific,children,2019,114.0
Mauritania,MRT,Africa,children,2003,99.0
United Kingdom of Great Britain and Northern Ireland,GBR,Europe,children,2012,121.0
Andorra,AND,Europe,children,2006,122.0
Vanuatu,VUT,Western Pacific,children,2001,114.0
Solomon Islands,SLB,Western Pacific,children,2006,110.0
Burundi,BDI,Africa,children,2013,107.0
Sweden,SWE,Europe,children,2016,121.0
Slovenia,SVN,Europe,children,2011,120.0
France,FRA,Europe,children,2000,123.0
Norway,NOR,Europe,children,2009,122.0
Chile,CHL,Americas,children,2007,120.0
Saint Vincent and the Grenadines,VCT,Americas,children,2015,120.0
Panama,PAN,Americas,children,2013,119.0
Yemen,YEM,Eastern Mediterranean,children,2015,93.0
Lithuania,LTU,Europe,children,2001,118.0
Bulgaria,BGR,Europe,children,2010,117.0
Oman,OMN,Eastern Mediterranean,children,2018,118.0
Albania,ALB,Europe,children,2014,118.0
Portugal,PRT,Europe,children,2017,122.0
Ghana,GHA,Africa,children,2008,100.0
Croatia,HRV,Europe,children,2004,119.0
Kuwait,KWT,Eastern Mediterranean,children,2013,120.0
Cambodia,KHM,Western Pacific,children,2004,105.0
Nicaragua,NIC,Americas,children,2012,120.0
Suriname,SUR,Americas,children,2014,117.0
Kiribati,KIR,Western Pacific,children,2018,109.0
Jordan,JOR,Eastern Mediterranean,children,2019,115.0
Cambodia,KHM,Western Pacific,children,2000,103.0
Denmark,DNK,Europe,children,2018,121.0
Estonia,EST,Europe,children,2019,120.0
Slovakia,SVK,Europe,children,2003,118.0
Rwanda,RWA,Africa,children,2007,111.0
Marshall Islands,MHL,Western Pacific,children,2002,112.0
Guinea,GIN,Africa,children,2000,95.0
Uzbekistan,UZB,Europe,children,2004,112.0
Burkina Faso,BFA,Africa,children,2008,90.0
Pakistan,PAK,Eastern Mediterranean,children,2012,105.0
Andorra,AND,Europe,children,2019,121.0
Andorra,AND,Europe,children,2012,122.0
Egypt,EGY,Eastern Mediterranean,children,2010,113.0
Romania,ROU,Europe,children,2019,117.0
Dominican Republic,DOM,Americas,children,2000,114.0
Sudan,SDN,Eastern Mediterranean,children,2015,108.0
Nicaragua,NIC,Americas,children,2014,120.0
Monaco,MCO,Europe,children,2017,122.0
India,IND,South-East Asia,children,2001,101.0
Lebanon,LBN,Eastern Mediterranean,children,2013,119.0
Saint Kitts and Nevis,KNA,Americas,children,2012,119.0
Brunei Darussalam,BRN,Western Pacific,children,2001,120.0
Cyprus,CYP,Europe,children,2011,122.0
Slovenia,SVN,Europe,children,2000,120.0
Djibouti,DJI,Eastern Mediterranean,children,2000,103.0
Congo,COG,Africa,children,2000,100.0
Netherlands (Kingdom of the),NLD,Europe,children,2008,122.0
Tajikistan,TJK,Europe,children,2008,114.0
Saint Vincent and the Grenadines,VCT,Americas,children,2013,119.0
Slovakia,SVK,Europe,children,2002,118.0
Georgia,GEO,Europe,children,2019,118.0
Gambia,GMB,Africa,children,2007,99.0
Belize,BLZ,Americas,children,2016,119.0
Mongolia,MNG,Western Pacific,children,2001,119.0
Oman,OMN,Eastern Mediterranean,children,2010,116.0
Estonia,EST,Europe,children,2018,120.0
Somalia,SOM,Eastern Mediterranean,children,2015,106.0
Brazil,BRA,Americas,children,2006,120.0
Algeria,DZA,Africa,children,2015,114.0
Algeria,DZA,Africa,children,2004,113.0
Jordan,JOR,Eastern Mediterranean,children,2005,116.0
"occupied Palestinian territory, including east Jerusalem",PSE,Eastern Mediterranean,children,2019,115.0
Greece,GRC,Europe,children,2001,121.0
Saint Lucia,LCA,Americas,children,2019,120.0
Armenia,ARM,Europe,children,2001,116.0
Bulgaria,BGR,Europe,children,2005,117.0
Singapore,SGP,Western Pacific,children,2012,122.0
Hungary,HUN,Europe,children,2002,120.0
Bahrain,BHR,Eastern Mediterranean,children,2005,118.0
Fiji,FJI,Western Pacific,children,2006,113.0
Haiti,HTI,Americas,children,2017,105.0
Equatorial Guinea,GNQ,Africa,children,2013,102.0
Saint Vincent and the Grenadines,VCT,Americas,children,2019,120.0
Pakistan,PAK,Eastern Mediterranean,children,2006,104.0
Palau,PLW,Western Pacific,children,2008,114.0
Saint Lucia,LCA,Americas,children,2014,120.0
Kyrgyzstan,KGZ,Europe,children,2003,112.0
Belize,BLZ,Americas,children,2008,118.0
Madagascar,MDG,Africa,children,2000,103.0
Australia,AUS,Western Pacific,children,2009,122.0
Djibouti,DJI,Eastern Mediterranean,children,2006,106.0
Qatar,QAT,Eastern Mediterranean,children,2017,118.0
Ukraine,UKR,Europe,children,2004,117.0
Zimbabwe,ZWE,Africa,children,2005,110.0
Saint Lucia,LCA,Americas,children,2010,119.0
Ireland,IRL,Europe,children,2019,121.0
Niger,NER,Africa,children,2009,97.0
Comoros,COM,Africa,children,2017,107.0
Bahrain,BHR,Eastern Mediterranean,children,2000,117.0
Trinidad and Tobago,TTO,Americas,children,2014,118.0
Qatar,QAT,Eastern Mediterranean,children,2004,118.0
Saint Vincent and the Grenadines,VCT,Americas,children,2003,117.0
Jamaica,JAM,Americas,children,2013,118.0
Togo,TGO,Africa,children,2010,100.0
Saint Vincent and the Grenadines,VCT,Americas,children,2017,120.0
New Zealand,NZL,Western Pacific,children,2010,122.0
Armenia,ARM,Europe,children,2012,119.0
Kazakhstan,KAZ,Europe,children,2019,118.0
Bosnia and Herzegovina,BIH,Europe,children,2009,118.0
Democratic People's Republic of Korea,PRK,South-East Asia,children,2014,115.0
South Sudan,SSD,Africa,children,2019,105.0
Mexico,MEX,Americas,children,2013,119.0
Paraguay,PRY,Americas,children,2003,115.0
Kuwait,KWT,Eastern Mediterranean,children,2016,120.0
Cameroon,CMR,Africa,children,2014,104.0
Australia,AUS,Western Pacific,children,2008,122.0
United Kingdom of Great Britain and Northern Ireland,GBR,Europe,children,2017,121.0
Netherlands (Kingdom of the),NLD,Europe,children,2013,122.0
Eritrea,ERI,Africa,children,2019,109.0
Slovakia,SVK,Europe,children,2000,118.0
Costa Rica,CRI,Americas,children,2017,120.0
Micronesia (Federated States of),FSM,Western Pacific,children,2017,113.0
Qatar,QAT,Eastern Mediterranean,children,2000,117.0
Dominican Republic,DOM,Americas,children,2014,116.0
Burkina Faso,BFA,Africa,children,2010,91.0
Dominica,DMA,Americas,children,2013,117.0
Ethiopia,ETH,Africa,children,2000,100.0
South Africa,ZAF,Africa,children,2009,113.0
Iceland,ISL,Europe,children,2012,123.0
Ethiopia,ETH,Africa,children,2010,107.0
Japan,JPN,Western Pacific,children,2007,121.0
Senegal,SEN,Africa,children,2018,102.0
Eswatini,SWZ,Africa,children,2007,111.0
Poland,POL,Europe,children,2013,120.0
Saint Kitts and Nevis,KNA,Americas,children,2016,120.0
Uzbekistan,UZB,Europe,children,2012,116.0
Zimbabwe,ZWE,Africa,children,2008,109.0
United Republic of Tanzania,TZA,Africa,children,2004,102.0
Nicaragua,NIC,Americas,children,2005,119.0
Antigua and Barbuda,ATG,Americas,children,2006,118.0
Austria,AUT,Europe,children,2009,122.0
Italy,ITA,Europe,children,2013,122.0
Tajikistan,TJK,Europe,children,2004,113.0
Ethiopia,ETH,Africa,children,2007,106.0
Kazakhstan,KAZ,Europe,children,2011,118.0
Saudi Arabia,SAU,Eastern Mediterranean,children,2016,119.0
Cuba,CUB,Americas,children,2018,120.0
Latvia,LVA,Europe,children,2015,119.0
Netherlands (Kingdom of the),NLD,Europe,children,2015,121.0
United Republic of Tanzania,TZA,Africa,children,2017,106.0
Greece,GRC,Europe,children,2013,121.0
Kazakhstan,KAZ,Europe,children,2002,113.0
Argentina,ARG,Americas,children,2007,120.0
Togo,TGO,Africa,children,2014,100.0
Mauritania,MRT,Africa,children,2007,100.0
Mongolia,MNG,Western Pacific,children,2012,121.0
Uganda,UGA,Africa,children,2007,102.0
Togo,TGO,Africa,children,2000,95.0
Saudi Arabia,SAU,Eastern Mediterranean,children,2006,117.0
Tunisia,TUN,Eastern Mediterranean,children,2019,116.0
Comoros,COM,Africa,children,2012,107.0
New Zealand,NZL,Western Pacific,children,2005,122.0
Switzerland,CHE,Europe,children,2003,123.0
United Arab Emirates,ARE,Eastern Mediterranean,children,2003,120.0
Serbia,SRB,Europe,children,2018,120.0
Namibia,NAM,Africa,children,2017,110.0
Somalia,SOM,Eastern Mediterranean,children,2013,105.0
Lesotho,LSO,Africa,children,2003,109.0
Marshall Islands,MHL,Western Pacific,children,2012,111.0
Tonga,TON,Western Pacific,children,2004,115.0
Somalia,SOM,Eastern Mediterranean,children,2014,106.0
El Salvador,SLV,Americas,children,2002,118.0
Monaco,MCO,Europe,children,2011,122.0
Venezuela (Bolivarian Republic of),VEN,Americas,children,2003,116.0
Canada,CAN,Americas,children,2001,123.0
Saudi Arabia,SAU,Eastern Mediterranean,children,2000,116.0
Ghana,GHA,Africa,children,2017,104.0
Tunisia,TUN,Eastern Mediterranean,children,2013,116.0
Netherlands (Kingdom of the),NLD,Europe,children,2007,122.0
Portugal,PRT,Europe,children,2003,122.0
Cook Islands,COK,Western Pacific,children,2003,116.0
"occupied Palestinian territory, including east Jerusalem",PSE,Eastern Mediterranean,children,2003,114.0
Italy,ITA,Europe,children,2000,122.0
Norway,NOR,Europe,children,2018,122.0
Cambodia,KHM,Western Pacific,children,2007,106.0
China,CHN,Western Pacific,children,2000,117.0
Sao Tome and Principe,STP,Africa,children,2012,105.0
Slovakia,SVK,Europe,children,2014,118.0
Equatorial Guinea,GNQ,Africa,children,2016,103.0
Finland,FIN,Europe,children,2009,123.0
Kazakhstan,KAZ,Europe,children,2018,119.0
Sao Tome and Principe,STP,Africa,children,2002,102.0
Maldives,MDV,South-East Asia,children,2013,114.0
Palau,PLW,Western Pacific,children,2015,114.0
Panama,PAN,Americas,children,2019,121.0
Botswana,BWA,Africa,children,2000,111.0
Republic of Korea,KOR,Western Pacific,children,2011,121.0
Lesotho,LSO,Africa,children,2011,109.0
San Marino,SMR,Europe,children,2017,122.0
Yemen,YEM,Eastern Mediterranean,children,2014,93.0
Eritrea,ERI,Africa,children,2007,108.0
Germany,DEU,Europe,children,2005,122.0
Nigeria,NGA,Africa,children,2005,98.0
Serbia,SRB,Europe,children,2003,120.0
South Sudan,SSD,Africa,children,2003,101.0
Nicaragua,NIC,Americas,children,2010,120.0
Bolivia (Plurinational State of),BOL,Americas,children,2009,108.0
Equatorial Guinea,GNQ,Africa,children,2017,103.0
Israel,ISR,Europe,children,2014,122.0
Paraguay,PRY,Americas,children,2008,115.0
Bosnia and Herzegovina,BIH,Europe,children,2011,118.0
Bolivia (Plurinational State of),BOL,Americas,children,2008,107.0
Netherlands (Kingdom of the),NLD,Europe,children,2005,122.0
Eswatini,SWZ,Africa,children,2000,110.0
Oman,OMN,Eastern Mediterranean,children,2012,117.0
China,CHN,Western Pacific,children,2017,120.0
Zambia,ZMB,Africa,children,2013,107.0
Chile,CHL,Americas,children,2014,120.0
Greece,GRC,Europe,children,2011,121.0
New Zealand,NZL,Western Pacific,children,2001,122.0
Ethiopia,ETH,Africa,children,2017,108.0
Estonia,EST,Europe,children,2002,119.0
Lao People's Democratic Republic,LAO,Western Pacific,children,2016,112.0
Samoa,WSM,Western Pacific,children,2015,114.0
Czechia,CZE,Europe,children,2015,120.0
Lesotho,LSO,Africa,children,2006,109.0
South Africa,ZAF,Africa,children,2006,112.0
Brunei Darussalam,BRN,Western Pacific,children,2006,120.0
South Africa,ZAF,Africa,children,2017,112.0
Cote d'Ivoire,CIV,Africa,children,2002,96.0
Republic of Korea,KOR,Western Pacific,children,2015,121.0
Chad,TCD,Africa,children,2016,100.0
Israel,ISR,Europe,children,2015,122.0
Montenegro,MNE,Europe,children,2014,121.0
Seychelles,SYC,Africa,children,2004,117.0
Serbia,SRB,Europe,children,2013,120.0
Honduras,HND,Americas,children,2001,114.0
Central African Republic,CAF,Africa,children,2004,95.0
Georgia,GEO,Europe,children,2004,115.0
Mozambique,MOZ,Africa,children,2001,97.0
El Salvador,SLV,Americas,children,2010,117.0
Ireland,IRL,Europe,children,2003,122.0
Croatia,HRV,Europe,children,2003,119.0
Jordan,JOR,Eastern Mediterranean,children,2000,115.0
Bulgaria,BGR,Europe,children,2009,117.0
Belize,BLZ,Americas,children,2010,118.0
Djibouti,DJI,Eastern Mediterranean,children,2001,104.0
Gabon,GAB,Africa,children,2014,105.0
Iceland,ISL,Europe,children,2018,123.0
"occupied Palestinian territory, including east Jerusalem",PSE,Eastern Mediterranean,children,2018,115.0
Thailand,THA,South-East Asia,children,2011,118.0
Niue,NIU,Western Pacific,children,2017,114.0
Lebanon,LBN,Eastern Mediterranean,children,2016,118.0
Benin,BEN,Africa,children,2010,100.0
Azerbaijan,AZE,Europe,children,2001,112.0
Colombia,COL,Americas,children,2001,116.0
Pakistan,PAK,Eastern Mediterranean,children,2009,104.0
Serbia,SRB,Europe,children,2016,120.0
Niger,NER,Africa,children,2007,96.0
Samoa,WSM,Western Pacific,children,2013,114.0
Sweden,SWE,Europe,children,2008,122.0
Eritrea,ERI,Africa,children,2016,109.0
Dominican Republic,DOM,Americas,children,2003,115.0
Paraguay,PRY,Americas,children,2009,115.0
Cuba,CUB,Americas,children,2001,117.0
Nicaragua,NIC,Americas,children,2019,119.0
Latvia,LVA,Europe,children,2000,117.0
Philippines,PHL,Western Pacific,children,2006,116.0
Chad,TCD,Africa,children,2005,97.0
El Salvador,SLV,Americas,children,2015,118.0
Barbados,BRB,Americas,children,2007,119.0
Pakistan,PAK,Eastern Mediterranean,children,2010,104.0
Mongolia,MNG,Western Pacific,children,2013,121.0
Democratic Republic of the Congo,COD,Africa,children,2018,103.0
Congo,COG,Africa,children,2002,101.0
Albania,ALB,Europe,children,2002,115.0
Nigeria,NGA,Africa,children,2002,96.0
Togo,TGO,Africa,children,2012,100.0
India,IND,South-East Asia,children,2019,108.0
Mozambique,MOZ,Africa,children,2002,98.0
Libya,LBY,Eastern Mediterranean,children,2012,117.0
Australia,AUS,Western Pacific,children,2017,122.0
Morocco,MAR,Eastern Mediterranean,children,2013,116.0
Uganda,UGA,Africa,children,2000,98.0
Bulgaria,BGR,Europe,children,2007,117.0
Liberia,LBR,Africa,children,2013,101.0
Djibouti,DJI,Eastern Mediterranean,children,2014,108.0
North Macedonia,MKD,Europe,children,2005,118.0
Madagascar,MDG,Africa,children,2002,105.0
Latvia,LVA,Europe,children,2009,119.0
Lebanon,LBN,Eastern Mediterranean,children,2011,119.0
Algeria,DZA,Africa,children,2000,112.0
Malaysia,MYS,Western Pacific,children,2017,118.0
Saint Lucia,LCA,Americas,children,2011,120.0
Sri Lanka,LKA,South-East Asia,children,2002,115.0
Sweden,SWE,Europe,children,2000,122.0
Israel,ISR,Europe,children,2006,122.0
Argentina,ARG,Americas,children,2015,121.0
Iceland,ISL,Europe,children,2005,123.0
Nicaragua,NIC,Americas,children,2016,120.0
Zambia,ZMB,Africa,children,2010,107.0
Saint Lucia,LCA,Americas,children,2016,120.0
Pakistan,PAK,Eastern Mediterranean,children,2007,104.0
Cuba,CUB,Americas,children,2008,118.0
Jordan,JOR,Eastern Mediterranean,children,2003,116.0
Lebanon,LBN,Eastern Mediterranean,children,2010,119.0
Türkiye,TUR,Europe,children,2001,113.0
San Marino,SMR,Europe,children,2011,122.0
North Macedonia,MKD,Europe,children,2004,118.0
Samoa,WSM,Western Pacific,children,2002,115.0
Palau,PLW,Western Pacific,children,2009,114.0
Maldives,MDV,South-East Asia,children,2004,113.0
Central African Republic,CAF,Africa,children,2002,94.0
Italy,ITA,Europe,children,2011,122.0
Angola,AGO,Africa,children,2015,105.0
Tunisia,TUN,Eastern Mediterranean,children,2015,116.0
United Kingdom of Great Britain and Northern Ireland,GBR,Europe,children,2011,121.0
Angola,AGO,Africa,children,2007,104.0
Belize,BLZ,Americas,children,2014,119.0
Antigua and Barbuda,ATG,Americas,children,2018,121.0
Kyrgyzstan,KGZ,Europe,children,2013,114.0
United Kingdom of Great Britain and Northern Ireland,GBR,Europe,children,2007,121.0
Trinidad and Tobago,TTO,Americas,children,2002,116.0
Burundi,BDI,Africa,children,2015,107.0
Armenia,ARM,Europe,children,2009,118.0
Saint Vincent and the Grenadines,VCT,Americas,children,2004,118.0
Iran (Islamic Republic of),IRN,Eastern Mediterranean,children,2004,114.0
Saint Vincent and the Grenadines,VCT,Americas,children,2001,117.0
Seychelles,SYC,Africa,children,2015,116.0
United Kingdom of Great Britain and Northern Ireland,GBR,Europe,children,2004,121.0
Timor-Leste,TLS,South-East Asia,children,2001,109.0
Kiribati,KIR,Western Pacific,children,2006,108.0
Tonga,TON,Western Pacific,children,2010,114.0
New Zealand,NZL,Western Pacific,children,2018,121.0
United Kingdom of Great Britain and Northern Ireland,GBR,Europe,children,2010,121.0
Finland,FIN,Europe,children,2005,123.0
Croatia,HRV,Europe,children,2007,120.0
El Salvador,SLV,Americas,children,2007,118.0
Benin,BEN,Africa,children,2019,101.0
Panama,PAN,Americas,children,2018,121.0
Maldives,MDV,South-East Asia,children,2003,113.0
Uruguay,URY,Americas,children,2013,118.0
Turkmenistan,TKM,Europe,children,2010,116.0
Iran (Islamic Republic of),IRN,Eastern Mediterranean,children,2000,112.0
Chad,TCD,Africa,children,2007,97.0
Monaco,MCO,Europe,children,2002,122.0
Cameroon,CMR,Africa,children,2017,105.0
Croatia,HRV,Europe,children,2000,119.0
Morocco,MAR,Eastern Mediterranean,children,2019,116.0
Dominican Republic,DOM,Americas,children,2008,116.0
South Africa,ZAF,Africa,children,2000,112.0
Algeria,DZA,Africa,children,2010,114.0
Tunisia,TUN,Eastern Mediterranean,children,2018,116.0
Mauritania,MRT,Africa,children,2017,102.0
Micronesia (Federated States of),FSM,Western Pacific,children,2006,113.0
Comoros,COM,Africa,children,2014,107.0
Burundi,BDI,Africa,children,2006,106.0
Nepal,NPL,South-East Asia,children,2007,109.0
North Macedonia,MKD,Europe,children,2013,119.0
Finland,FIN,Europe,children,2012,123.0
Syrian Arab Republic,SYR,Eastern Mediterranean,children,2006,115.0
Cyprus,CYP,Europe,children,2013,122.0
Botswana,BWA,Africa,children,2005,112.0
South Africa,ZAF,Africa,children,2004,112.0
Micronesia (Federated States of),FSM,Western Pacific,children,2010,113.0
Israel,ISR,Europe,children,2001,122.0
Cambodia,KHM,Western Pacific,children,2019,109.0
Somalia,SOM,Eastern Mediterranean,children,2003,103.0
Nepal,NPL,South-East Asia,children,2019,111.0
Senegal,SEN,Africa,children,2011,98.0
Ethiopia,ETH,Africa,children,2006,105.0
Brunei Darussalam,BRN,Western Pacific,children,2004,120.0
Central African Republic,CAF,Africa,children,2001,94.0
Cote d'Ivoire,CIV,Africa,children,2005,97.0
South Sudan,SSD,Africa,children,2008,104.0
Colombia,COL,Americas,children,2011,119.0
Bulgaria,BGR,Europe,children,2017,118.0
Sudan,SDN,Eastern Mediterranean,children,2007,107.0
Ireland,IRL,Europe,children,2016,122.0
Austria,AUT,Europe,children,2014,122.0
Sri Lanka,LKA,South-East Asia,children,2017,117.0
"occupied Palestinian territory, including east Jerusalem",PSE,Eastern Mediterranean,children,2005,114.0
Sao Tome and Principe,STP,Africa,children,2017,106.0
United Arab Emirates,ARE,Eastern Mediterranean,children,2015,120.0
Belize,BLZ,Americas,children,2013,119.0
Czechia,CZE,Europe,children,2013,120.0
Sri Lanka,LKA,South-East Asia,children,2003,115.0
Venezuela (Bolivarian Republic of),VEN,Americas,children,2018,117.0
Niue,NIU,Western Pacific,children,2003,114.0
Greece,GRC,Europe,children,2005,122.0
Botswana,BWA,Africa,children,2003,112.0
India,IND,South-East Asia,children,2008,104.0
Barbados,BRB,Americas,children,2010,119.0
Sao Tome and Principe,STP,Africa,children,2010,105.0
Egypt,EGY,Eastern Mediterranean,children,2013,114.0
Paraguay,PRY,Americas,children,2015,116.0
Germany,DEU,Europe,children,2016,121.0
Uzbekistan,UZB,Europe,children,2019,119.0
Japan,JPN,Western Pacific,children,2005,121.0
Bulgaria,BGR,Europe,children,2002,116.0
North Macedonia,MKD,Europe,children,2003,118.0
Romania,ROU,Europe,children,2007,115.0
Naoero,NRU,Western Pacific,children,2002,111.0
Morocco,MAR,Eastern Mediterranean,children,2016,116.0
Dominica,DMA,Americas,children,2018,117.0
Argentina,ARG,Americas,children,2017,121.0
Bolivia (Plurinational State of),BOL,Americas,children,2010,108.0
Bolivia (Plurinational State of),BOL,Americas,children,2005,106.0
Gambia,GMB,Africa,children,2013,101.0
Saint Kitts and Nevis,KNA,Americas,children,2008,118.0
Armenia,ARM,Europe,children,2014,119.0
Naoero,NRU,Western Pacific,children,2010,110.0
Canada,CAN,Americas,children,2015,122.0
Kazakhstan,KAZ,Europe,children,2017,119.0
Eritrea,ERI,Africa,children,2013,109.0
Hungary,HUN,Europe,children,2004,120.0
Austria,AUT,Europe,children,2000,122.0
Congo,COG,Africa,children,2019,105.0
Greece,GRC,Europe,children,2015,121.0
Tuvalu,TUV,Western Pacific,children,2015,111.0
Portugal,PRT,Europe,children,2004,122.0
Senegal,SEN,Africa,children,2006,95.0
Lao People's Democratic Republic,LAO,Western Pacific,children,2017,112.0
Ukraine,UKR,Europe,children,2018,117.0
Namibia,NAM,Africa,children,2006,110.0
Niger,NER,Africa,children,2012,98.0
Slovakia,SVK,Europe,children,2019,118.0
Kuwait,KWT,Eastern Mediterranean,children,2000,120.0
Gabon,GAB,Africa,children,2010,104.0
Luxembourg,LUX,Europe,children,2018,123.0
Eswatini,SWZ,Africa,children,2012,112.0
United States of America,USA,Americas,children,2013,124.0
Ireland,IRL,Europe,children,2007,122.0
Singapore,SGP,Western Pacific,children,2016,122.0
Guinea,GIN,Africa,children,2003,96.0
Palau,PLW,Western Pacific,children,2005,114.0
Switzerland,CHE,Europe,children,2001,123.0
North Macedonia,MKD,Europe,children,2019,119.0
Libya,LBY,Eastern Mediterranean,children,2019,117.0
Kazakhstan,KAZ,Europe,children,2004,114.0
Guinea,GIN,Africa,children,2007,97.0
Indonesia,IDN,Western Pacific,children,2003,112.0
Netherlands (Kingdom of the),NLD,Europe,children,2011,122.0
Netherlands (Kingdom of the),NLD,Europe,children,2001,122.0
New Zealand,NZL,Western Pacific,children,2014,122.0
Malawi,MWI,Africa,children,2018,107.0
Sierra Leone,SLE,Africa,children,2013,98.0
Tonga,TON,Western Pacific,children,2003,115.0
Sierra Leone,SLE,Africa,children,2006,97.0
Singapore,SGP,Western Pacific,children,2004,122.0
Türkiye,TUR,Europe,children,2015,117.0
Canada,CAN,Americas,children,2003,123.0
Pakistan,PAK,Eastern Mediterranean,children,2019,107.0
Guinea-Bissau,GNB,Africa,children,2005,97.0
Rwanda,RWA,Africa,children,2013,113.0
United Arab Emirates,ARE,Eastern Mediterranean,children,2017,119.0
Romania,ROU,Europe,children,2005,114.0
Iraq,IRQ,Eastern Mediterranean,children,2007,115.0
Guyana,GUY,Americas,children,2016,116.0
Luxembourg,LUX,Europe,children,2001,123.0
Ireland,IRL,Europe,children,2001,122.0
Japan,JPN,Western Pacific,children,2010,121.0
Finland,FIN,Europe,children,2011,123.0
Yemen,YEM,Eastern Mediterranean,children,2011,93.0
Nepal,NPL,South-East Asia,children,2011,110.0
Jordan,JOR,Eastern Mediterranean,children,2004,116.0
Latvia,LVA,Europe,children,2019,119.0
Vanuatu,VUT,Western Pacific,children,2008,114.0
Indonesia,IDN,Western Pacific,children,2002,111.0
Andorra,AND,Europe,children,2003,122.0
Equatorial Guinea,GNQ,Africa,children,2000,96.0
Botswana,BWA,Africa,children,2018,111.0
Oman,OMN,Eastern Mediterranean,children,2015,117.0
Saudi Arabia,SAU,Eastern Mediterranean,children,2010,118.0
Comoros,COM,Africa,children,2008,106.0
China,CHN,Western Pacific,children,2018,120.0
Afghanistan,AFG,Eastern Mediterranean,children,2002,108.0
Hungary,HUN,Europe,children,2018,120.0
El Salvador,SLV,Americas,children,2004,118.0
Uzbekistan,UZB,Europe,children,2016,118.0
Sao Tome and Principe,STP,Africa,children,2004,103.0
North Macedonia,MKD,Europe,children,2001,118.0
Uzbekistan,UZB,Europe,children,2011,116.0
Austria,AUT,Europe,children,2010,122.0
Rwanda,RWA,Africa,children,2010,112.0
Latvia,LVA,Europe,children,2006,118.0
Georgia,GEO,Europe,children,2005,116.0
Latvia,LVA,Europe,children,2004,118.0
Lebanon,LBN,Eastern Mediterranean,children,2000,117.0
Serbia,SRB,Europe,children,2010,120.0
Uzbekistan,UZB,Europe,children,2015,118.0
Colombia,COL,Americas,children,2000,116.0
Malta,MLT,Europe,children,2012,121.0
Eswatini,SWZ,Africa,children,2017,111.0
Spain,ESP,Europe,children,2008,122.0
Yemen,YEM,Eastern Mediterranean,children,2007,92.0
Cambodia,KHM,Western Pacific,children,2014,108.0
United Arab Emirates,ARE,Eastern Mediterranean,children,2019,119.0
Colombia,COL,Americas,children,2015,120.0
Burkina Faso,BFA,Africa,children,2018,97.0
United Republic of Tanzania,TZA,Africa,children,2015,106.0
San Marino,SMR,Europe,children,2001,122.0
Sudan,SDN,Eastern Mediterranean,children,2004,106.0
United Arab Emirates,ARE,Eastern Mediterranean,children,2010,120.0
Micronesia (Federated States of),FSM,Western Pacific,children,2002,114.0
Bosnia and Herzegovina,BIH,Europe,children,2008,118.0
Equatorial Guinea,GNQ,Africa,children,2012,102.0
Solomon Islands,SLB,Western Pacific,children,2004,110.0
Canada,CAN,Americas,children,2002,123.0
Russian Federation,RUS,Europe,children,2011,118.0
Kyrgyzstan,KGZ,Europe,children,2014,114.0
Sri Lanka,LKA,South-East Asia,children,2013,117.0
Paraguay,PRY,Americas,children,2012,116.0
El Salvador,SLV,Americas,children,2011,117.0
Chile,CHL,Americas,children,2003,120.0
Saint Vincent and the Grenadines,VCT,Americas,children,2018,120.0
Georgia,GEO,Europe,children,2007,116.0
Iceland,ISL,Europe,children,2009,123.0
Czechia,CZE,Europe,children,2016,120.0
Algeria,DZA,Africa,children,2016,114.0
Georgia,GEO,Europe,children,2001,114.0
Republic of Moldova,MDA,Europe,children,2016,117.0
Eritrea,ERI,Africa,children,2005,107.0
Ukraine,UKR,Europe,children,2003,117.0
Nepal,NPL,South-East Asia,children,2016,111.0
Sudan,SDN,Eastern Mediterranean,children,2008,107.0
"occupied Palestinian territory, including east Jerusalem",PSE,Eastern Mediterranean,children,2002,114.0
Fiji,FJI,Western Pacific,children,2011,112.0
Colombia,COL,Americas,children,2010,118.0
Sri Lanka,LKA,South-East Asia,children,2015,117.0
Iraq,IRQ,Eastern Mediterranean,children,2019,116.0
Trinidad and Tobago,TTO,Americas,children,2001,116.0
Chad,TCD,Africa,children,2019,102.0
Norway,NOR,Europe,children,2015,122.0
Central African Republic,CAF,Africa,children,2018,98.0
Germany,DEU,Europe,children,2003,122.0
Namibia,NAM,Africa,children,2013,110.0
Lao People's Democratic Republic,LAO,Western Pacific,children,2009,111.0
Armenia,ARM,Europe,children,2017,120.0
Eritrea,ERI,Africa,children,2006,107.0
Mozambique,MOZ,Africa,children,2011,103.0
Azerbaijan,AZE,Europe,children,2014,117.0
Iran (Islamic Republic of),IRN,Eastern Mediterranean,children,2006,114.0
Comoros,COM,Africa,children,2011,107.0
Bosnia and Herzegovina,BIH,Europe,children,2005,118.0
Latvia,LVA,Europe,children,2011,119.0
El Salvador,SLV,Americas,children,2001,119.0
Sierra Leone,SLE,Africa,children,2011,98.0
Maldives,MDV,South-East Asia,children,2001,111.0
Canada,CAN,Americas,children,2013,123.0
Croatia,HRV,Europe,children,2019,119.0
China,CHN,Western Pacific,children,2003,119.0
Ghana,GHA,Africa,children,2001,97.0
Mexico,MEX,Americas,children,2018,120.0
Somalia,SOM,Eastern Mediterranean,children,2006,103.0
Monaco,MCO,Europe,children,2014,122.0
Suriname,SUR,Americas,children,2017,117.0
Solomon Islands,SLB,Western Pacific,children,2005,110.0
Iraq,IRQ,Eastern Mediterranean,children,2008,115.0
Egypt,EGY,Eastern Mediterranean,children,2004,113.0
Morocco,MAR,Eastern Mediterranean,children,2008,115.0
Iraq,IRQ,Eastern Mediterranean,children,2005,115.0
United Kingdom of Great Britain and Northern Ireland,GBR,Europe,children,2014,121.0
Barbados,BRB,Americas,children,2014,119.0
Monaco,MCO,Europe,children,2015,122.0
Nigeria,NGA,Africa,children,2015,100.0
Sudan,SDN,Eastern Mediterranean,children,2000,104.0
"occupied Palestinian territory, including east Jerusalem",PSE,Eastern Mediterranean,children,2011,115.0
Malawi,MWI,Africa,children,2009,102.0
Comoros,COM,Africa,children,2003,105.0
Armenia,ARM,Europe,children,2002,117.0
Malaysia,MYS,Western Pacific,children,2006,120.0
Malta,MLT,Europe,children,2005,121.0
Jordan,JOR,Eastern Mediterranean,children,2018,115.0
Barbados,BRB,Americas,children,2002,119.0
United States of America,USA,Americas,children,2012,124.0
Ecuador,ECU,Americas,children,2018,118.0
Mexico,MEX,Americas,children,2010,119.0
Oman,OMN,Eastern Mediterranean,children,2019,118.0
Bahrain,BHR,Eastern Mediterranean,children,2004,118.0
Trinidad and Tobago,TTO,Americas,children,2004,116.0
Malta,MLT,Europe,children,2003,121.0
Mauritius,MUS,Africa,children,2017,116.0
Türkiye,TUR,Europe,children,2010,116.0
Ethiopia,ETH,Africa,children,2003,103.0
Samoa,WSM,Western Pacific,children,2001,115.0
Comoros,COM,Africa,children,2015,107.0
Belgium,BEL,Europe,nonpregnant,2011,132.0
Chad,TCD,Africa,nonpregnant,2017,120.0
France,FRA,Europe,nonpregnant,2013,133.0
Madagascar,MDG,Africa,nonpregnant,2000,122.0
Bahamas,BHS,Americas,nonpregnant,2012,133.0
Lesotho,LSO,Africa,nonpregnant,2010,127.0
Brazil,BRA,Americas,nonpregnant,2007,129.0
Afghanistan,AFG,Eastern Mediterranean,nonpregnant,2001,125.0
Tuvalu,TUV,Western Pacific,nonpregnant,2000,127.0
Mozambique,MOZ,Africa,nonpregnant,2011,119.0
India,IND,South-East Asia,nonpregnant,2008,117.0
Nepal,NPL,South-East Asia,nonpregnant,2004,123.0
Grenada,GRD,Americas,nonpregnant,2000,128.0
Central African Republic,CAF,Africa,nonpregnant,2009,120.0
Dominican Republic,DOM,Americas,nonpregnant,2019,127.0
Kuwait,KWT,Eastern Mediterranean,nonpregnant,2001,128.0
Guyana,GUY,Americas,nonpregnant,2012,124.0
Philippines,PHL,Western Pacific,nonpregnant,2011,130.0
Uganda,UGA,Africa,nonpregnant,2008,126.0
Nepal,NPL,South-East Asia,nonpregnant,2017,124.0
Cote d'Ivoire,CIV,Africa,nonpregnant,2019,118.0
Dominican Republic,DOM,Americas,nonpregnant,2001,124.0
Sudan,SDN,Eastern Mediterranean,nonpregnant,2018,123.0
Djibouti,DJI,Eastern Mediterranean,nonpregnant,2005,126.0
Norway,NOR,Europe,nonpregnant,2015,132.0
Niue,NIU,Western Pacific,nonpregnant,2000,127.0
Ghana,GHA,Africa,nonpregnant,2006,119.0
Albania,ALB,Europe,nonpregnant,2000,127.0
Republic of Korea,KOR,Western Pacific,nonpregnant,2002,128.0
Benin,BEN,Africa,nonpregnant,2011,117.0
Madagascar,MDG,Africa,nonpregnant,2007,123.0
Monaco,MCO,Europe,nonpregnant,2003,132.0
Gabon,GAB,Africa,nonpregnant,2007,116.0
Romania,ROU,Europe,nonpregnant,2003,128.0
Guyana,GUY,Americas,nonpregnant,2014,125.0
Italy,ITA,Europe,nonpregnant,2012,132.0
Libya,LBY,Eastern Mediterranean,nonpregnant,2000,125.0
Kazakhstan,KAZ,Europe,nonpregnant,2005,126.0
Mozambique,MOZ,Africa,nonpregnant,2017,120.0
Saint Vincent and the Grenadines,VCT,Americas,nonpregnant,2005,130.0
Saudi Arabia,SAU,Eastern Mediterranean,nonpregnant,2008,127.0
Haiti,HTI,Americas,nonpregnant,2017,119.0
Saudi Arabia,SAU,Eastern Mediterranean,nonpregnant,2018,127.0
Cameroon,CMR,Africa,nonpregnant,2017,122.0
Cote d'Ivoire,CIV,Africa,nonpregnant,2015,118.0
Ethiopia,ETH,Africa,nonpregnant,2019,129.0
Seychelles,SYC,Africa,nonpregnant,2009,129.0
Japan,JPN,Western Pacific,nonpregnant,2002,127.0
United States of America,USA,Americas,nonpregnant,2003,135.0
Myanmar,MMR,South-East Asia,nonpregnant,2018,122.0
Lebanon,LBN,Eastern Mediterranean,nonpregnant,2013,127.0
Bolivia (Plurinational State of),BOL,Americas,nonpregnant,2011,127.0
United States of America,USA,Americas,nonpregnant,2017,132.0
Estonia,EST,Europe,nonpregnant,2011,129.0
Fiji,FJI,Western Pacific,nonpregnant,2019,124.0
Ecuador,ECU,Americas,nonpregnant,2017,129.0
Estonia,EST,Europe,nonpregnant,2003,129.0
Brazil,BRA,Americas,nonpregnant,2009,130.0
Denmark,DNK,Europe,nonpregnant,2003,131.0
Argentina,ARG,Americas,nonpregnant,2018,133.0
France,FRA,Europe,nonpregnant,2008,133.0
Spain,ESP,Europe,nonpregnant,2001,132.0
Poland,POL,Europe,nonpregnant,2015,130.0
Georgia,GEO,Europe,nonpregnant,2018,126.0
India,IND,South-East Asia,nonpregnant,2005,116.0
Cameroon,CMR,Africa,nonpregnant,2016,122.0
Sierra Leone,SLE,Africa,nonpregnant,2001,117.0
Marshall Islands,MHL,Western Pacific,nonpregnant,2006,126.0
Micronesia (Federated States of),FSM,Western Pacific,nonpregnant,2017,128.0
Micronesia (Federated States of),FSM,Western Pacific,nonpregnant,2010,129.0
Haiti,HTI,Americas,nonpregnant,2016,119.0
Belarus,BLR,Europe,nonpregnant,2003,129.0
Saint Kitts and Nevis,KNA,Americas,nonpregnant,2016,132.0
Kuwait,KWT,Eastern Mediterranean,nonpregnant,2011,129.0
Grenada,GRD,Americas,nonpregnant,2006,130.0
Dominica,DMA,Americas,nonpregnant,2009,129.0
Tunisia,TUN,Eastern Mediterranean,nonpregnant,2014,125.0
Solomon Islands,SLB,Western Pacific,nonpregnant,2003,122.0
Saint Kitts and Nevis,KNA,Americas,nonpregnant,2015,132.0
Guinea,GIN,Africa,nonpregnant,2015,119.0
Guyana,GUY,Americas,nonpregnant,2018,125.0
Bosnia and Herzegovina,BIH,Europe,nonpregnant,2019,128.0
Ireland,IRL,Europe,nonpregnant,2019,132.0
Haiti,HTI,Americas,nonpregnant,2000,116.0
Spain,ESP,Europe,nonpregnant,2015,131.0
Japan,JPN,Western Pacific,nonpregnant,2017,128.0
Cabo Verde,CPV,Africa,nonpregnant,2018,128.0
Colombia,COL,Americas,nonpregnant,2017,130.0
Mali,MLI,Africa,nonpregnant,2010,115.0
Vanuatu,VUT,Western Pacific,nonpregnant,2005,127.0
Kenya,KEN,Africa,nonpregnant,2005,127.0
Viet Nam,VNM,Western Pacific,nonpregnant,2016,130.0
Kazakhstan,KAZ,Europe,nonpregnant,2017,126.0
Malaysia,MYS,Western Pacific,nonpregnant,2017,124.0
Dominican Republic,DOM,Americas,nonpregnant,2014,127.0
Iceland,ISL,Europe,nonpregnant,2014,133.0
Tuvalu,TUV,Western Pacific,nonpregnant,2014,127.0
Brazil,BRA,Americas,nonpregnant,2018,132.0
Sierra Leone,SLE,Africa,nonpregnant,2007,119.0
Lesotho,LSO,Africa,nonpregnant,2002,125.0
Mauritania,MRT,Africa,nonpregnant,2003,120.0
Saint Lucia,LCA,Americas,nonpregnant,2016,133.0
Samoa,WSM,Western Pacific,nonpregnant,2013,129.0
Botswana,BWA,Africa,nonpregnant,2004,124.0
Kazakhstan,KAZ,Europe,nonpregnant,2003,125.0
Romania,ROU,Europe,nonpregnant,2012,128.0
Jordan,JOR,Eastern Mediterranean,nonpregnant,2004,126.0
Rwanda,RWA,Africa,nonpregnant,2012,132.0
Afghanistan,AFG,Eastern Mediterranean,nonpregnant,2007,124.0
North Macedonia,MKD,Europe,nonpregnant,2015,131.0
Honduras,HND,Americas,nonpregnant,2004,131.0
Gabon,GAB,Africa,nonpregnant,2001,115.0
Saudi Arabia,SAU,Eastern Mediterranean,nonpregnant,2002,126.0
Democratic Republic of the Congo,COD,Africa,nonpregnant,2002,118.0
Viet Nam,VNM,Western Pacific,nonpregnant,2017,130.0
Türkiye,TUR,Europe,nonpregnant,2001,124.0
Kyrgyzstan,KGZ,Europe,nonpregnant,2019,123.0
United Arab Emirates,ARE,Eastern Mediterranean,nonpregnant,2011,128.0
Mali,MLI,Africa,nonpregnant,2004,114.0
Oman,OMN,Eastern Mediterranean,nonpregnant,2018,126.0
Sweden,SWE,Europe,nonpregnant,2009,131.0
Liberia,LBR,Africa,nonpregnant,2014,122.0
Bahrain,BHR,Eastern Mediterranean,nonpregnant,2016,124.0
Uzbekistan,UZB,Europe,nonpregnant,2016,127.0
Slovakia,SVK,Europe,nonpregnant,2011,128.0
United Arab Emirates,ARE,Eastern Mediterranean,nonpregnant,2016,128.0
Armenia,ARM,Europe,nonpregnant,2007,130.0
United States of America,USA,Americas,nonpregnant,2011,133.0
Jordan,JOR,Eastern Mediterranean,nonpregnant,2019,123.0
Tuvalu,TUV,Western Pacific,nonpregnant,2008,128.0
Cuba,CUB,Americas,nonpregnant,2004,127.0
Costa Rica,CRI,Americas,nonpregnant,2000,130.0
Republic of Moldova,MDA,Europe,nonpregnant,2016,127.0
Central African Republic,CAF,Africa,nonpregnant,2010,120.0
Thailand,THA,South-East Asia,nonpregnant,2006,128.0
Mauritius,MUS,Africa,nonpregnant,2013,131.0
Belarus,BLR,Europe,nonpregnant,2002,129.0
Iceland,ISL,Europe,nonpregnant,2006,133.0
Latvia,LVA,Europe,nonpregnant,2012,129.0
Czechia,CZE,Europe,nonpregnant,2013,129.0
Serbia,SRB,Europe,nonpregnant,2005,129.0
Suriname,SUR,Americas,nonpregnant,2011,130.0
Cambodia,KHM,Western Pacific,nonpregnant,2015,120.0
Mexico,MEX,Americas,nonpregnant,2019,133.0
Naoero,NRU,Western Pacific,nonpregnant,2019,126.0
Seychelles,SYC,Africa,nonpregnant,2000,127.0
Kazakhstan,KAZ,Europe,nonpregnant,2002,125.0
Bosnia and Herzegovina,BIH,Europe,nonpregnant,2003,128.0
Portugal,PRT,Europe,nonpregnant,2016,131.0
Slovakia,SVK,Europe,nonpregnant,2016,128.0
Japan,JPN,Western Pacific,nonpregnant,2000,127.0
Democratic Republic of the Congo,COD,Africa,nonpregnant,2013,121.0
Guatemala,GTM,Americas,nonpregnant,2006,132.0
Ghana,GHA,Africa,nonpregnant,2015,122.0
Eswatini,SWZ,Africa,nonpregnant,2003,126.0
Seychelles,SYC,Africa,nonpregnant,2003,128.0
Finland,FIN,Europe,nonpregnant,2017,132.0
Algeria,DZA,Africa,nonpregnant,2007,124.0
Israel,ISR,Europe,nonpregnant,2017,132.0
Denmark,DNK,Europe,nonpregnant,2013,131.0
Botswana,BWA,Africa,nonpregnant,2016,125.0
Ecuador,ECU,Americas,nonpregnant,2019,129.0
Kazakhstan,KAZ,Europe,nonpregnant,2018,126.0
Togo,TGO,Africa,nonpregnant,2008,119.0
India,IND,South-East Asia,nonpregnant,2006,116.0
Burundi,BDI,Africa,nonpregnant,2002,126.0
Ecuador,ECU,Americas,nonpregnant,2007,128.0
Iran (Islamic Republic of),IRN,Eastern Mediterranean,nonpregnant,2007,128.0
Fiji,FJI,Western Pacific,nonpregnant,2009,124.0
Mauritania,MRT,Africa,nonpregnant,2014,121.0
Bangladesh,BGD,South-East Asia,nonpregnant,2000,124.0
Argentina,ARG,Americas,nonpregnant,2009,132.0
Mauritania,MRT,Africa,nonpregnant,2010,120.0
Qatar,QAT,Eastern Mediterranean,nonpregnant,2004,126.0
Mali,MLI,Africa,nonpregnant,2018,115.0
Iraq,IRQ,Eastern Mediterranean,nonpregnant,2010,124.0
United Arab Emirates,ARE,Eastern Mediterranean,nonpregnant,2006,128.0
Guinea-Bissau,GNB,Africa,nonpregnant,2001,117.0
Mongolia,MNG,Western Pacific,nonpregnant,2014,132.0
Portugal,PRT,Europe,nonpregnant,2004,132.0
Republic of Korea,KOR,Western Pacific,nonpregnant,2004,129.0
Somalia,SOM,Eastern Mediterranean,nonpregnant,2008,120.0
Cambodia,KHM,Western Pacific,nonpregnant,2016,120.0
Switzerland,CHE,Europe,nonpregnant,2015,132.0
Papua New Guinea,PNG,Western Pacific,nonpregnant,2006,126.0
Croatia,HRV,Europe,nonpregnant,2013,129.0
Croatia,HRV,Europe,nonpregnant,2003,129.0
Equatorial Guinea,GNQ,Africa,nonpregnant,2012,119.0
Pakistan,PAK,Eastern Mediterranean,nonpregnant,2014,121.0
Palau,PLW,Western Pacific,nonpregnant,2002,127.0
Hungary,HUN,Europe,nonpregnant,2008,130.0
Bangladesh,BGD,South-East Asia,nonpregnant,2008,123.0
Israel,ISR,Europe,nonpregnant,2011,132.0
Vanuatu,VUT,Western Pacific,nonpregnant,2014,128.0
Malta,MLT,Europe,nonpregnant,2016,131.0
Australia,AUS,Western Pacific,nonpregnant,2004,134.0
Norway,NOR,Europe,nonpregnant,2009,132.0
Saudi Arabia,SAU,Eastern Mediterranean,nonpregnant,2013,127.0
Malaysia,MYS,Western Pacific,nonpregnant,2015,125.0
Guinea-Bissau,GNB,Africa,nonpregnant,2008,118.0
Nepal,NPL,South-East Asia,nonpregnant,2010,124.0
Lesotho,LSO,Africa,nonpregnant,2003,125.0
Russian Federation,RUS,Europe,nonpregnant,2005,129.0
Viet Nam,VNM,Western Pacific,nonpregnant,2009,130.0
Gambia,GMB,Africa,nonpregnant,2003,113.0
Paraguay,PRY,Americas,nonpregnant,2009,129.0
Lithuania,LTU,Europe,nonpregnant,2002,129.0
Slovenia,SVN,Europe,nonpregnant,2018,129.0
Maldives,MDV,South-East Asia,nonpregnant,2014,120.0
Uganda,UGA,Africa,nonpregnant,2005,125.0
Guatemala,GTM,Americas,nonpregnant,2005,132.0
Nepal,NPL,South-East Asia,nonpregnant,2002,122.0
Latvia,LVA,Europe,nonpregnant,2018,129.0
France,FRA,Europe,nonpregnant,2004,133.0
Pakistan,PAK,Eastern Mediterranean,nonpregnant,2005,121.0
Bolivia (Plurinational State of),BOL,Americas,nonpregnant,2018,129.0
Bolivia (Plurinational State of),BOL,Americas,nonpregnant,2005,126.0
Sao Tome and Principe,STP,Africa,nonpregnant,2000,118.0
Finland,FIN,Europe,nonpregnant,2002,132.0
Cabo Verde,CPV,Africa,nonpregnant,2008,127.0
Panama,PAN,Americas,nonpregnant,2008,128.0
Australia,AUS,Western Pacific,nonpregnant,2010,134.0
Belgium,BEL,Europe,nonpregnant,2006,132.0
Ecuador,ECU,Americas,nonpregnant,2002,127.0
Botswana,BWA,Africa,nonpregnant,2009,125.0
Panama,PAN,Americas,nonpregnant,2019,129.0
Nigeria,NGA,Africa,nonpregnant,2004,116.0
Antigua and Barbuda,ATG,Americas,nonpregnant,2004,130.0
Algeria,DZA,Africa,nonpregnant,2015,124.0
Chile,CHL,Americas,nonpregnant,2013,134.0
Cuba,CUB,Americas,nonpregnant,2005,128.0
Kuwait,KWT,Eastern Mediterranean,nonpregnant,2008,130.0
Dominica,DMA,Americas,nonpregnant,2018,130.0
Niger,NER,Africa,nonpregnant,2010,119.0
Togo,TGO,Africa,nonpregnant,2017,120.0
Tonga,TON,Western Pacific,nonpregnant,2015,127.0
Jamaica,JAM,Americas,nonpregnant,2004,129.0
Tunisia,TUN,Eastern Mediterranean,nonpregnant,2016,125.0
Armenia,ARM,Europe,nonpregnant,2001,129.0
Sweden,SWE,Europe,nonpregnant,2017,131.0
Timor-Leste,TLS,South-East Asia,nonpregnant,2018,126.0
France,FRA,Europe,nonpregnant,2001,133.0
Switzerland,CHE,Europe,nonpregnant,2004,132.0
Venezuela (Bolivarian Republic of),VEN,Americas,nonpregnant,2004,128.0
Czechia,CZE,Europe,nonpregnant,2019,129.0
Samoa,WSM,Western Pacific,nonpregnant,2016,129.0
Sao Tome and Principe,STP,Africa,nonpregnant,2009,120.0
Naoero,NRU,Western Pacific,nonpregnant,2015,126.0
Greece,GRC,Europe,nonpregnant,2011,131.0
Yemen,YEM,Eastern Mediterranean,nonpregnant,2001,110.0
Armenia,ARM,Europe,nonpregnant,2008,130.0
United Kingdom of Great Britain and Northern Ireland,GBR,Europe,nonpregnant,2016,132.0
Eswatini,SWZ,Africa,nonpregnant,2004,126.0
United States of America,USA,Americas,nonpregnant,2018,132.0
Morocco,MAR,Eastern Mediterranean,nonpregnant,2007,125.0
Brunei Darussalam,BRN,Western Pacific,nonpregnant,2013,131.0
Iraq,IRQ,Eastern Mediterranean,nonpregnant,2005,122.0
Ireland,IRL,Europe,nonpregnant,2015,132.0
Bolivia (Plurinational State of),BOL,Americas,nonpregnant,2019,129.0
Venezuela (Bolivarian Republic of),VEN,Americas,nonpregnant,2011,130.0
Mauritania,MRT,Africa,nonpregnant,2017,121.0
Switzerland,CHE,Europe,nonpregnant,2000,132.0
Austria,AUT,Europe,nonpregnant,2014,131.0
Algeria,DZA,Africa,nonpregnant,2014,124.0
"occupied Palestinian territory, including east Jerusalem",PSE,Eastern Mediterranean,nonpregnant,2002,125.0
Canada,CAN,Americas,nonpregnant,2003,133.0
Georgia,GEO,Europe,nonpregnant,2003,125.0
Tajikistan,TJK,Europe,nonpregnant,2008,125.0
Bolivia (Plurinational State of),BOL,Americas,nonpregnant,2007,126.0
Colombia,COL,Americas,nonpregnant,2013,129.0
Central African Republic,CAF,Africa,nonpregnant,2001,119.0
United Kingdom of Great Britain and Northern Ireland,GBR,Europe,nonpregnant,2015,132.0
Niger,NER,Africa,nonpregnant,2018,119.0
Kiribati,KIR,Western Pacific,nonpregnant,2019,125.0
Burkina Faso,BFA,Africa,nonpregnant,2001,116.0
Marshall Islands,MHL,Western Pacific,nonpregnant,2013,126.0
Dominican Republic,DOM,Americas,nonpregnant,2008,126.0
Sri Lanka,LKA,South-East Asia,nonpregnant,2008,124.0
Cote d'Ivoire,CIV,Africa,nonpregnant,2016,118.0
Namibia,NAM,Africa,nonpregnant,2015,129.0
Viet Nam,VNM,Western Pacific,nonpregnant,2000,126.0
Nicaragua,NIC,Americas,nonpregnant,2017,132.0
United States of America,USA,Americas,nonpregnant,2006,134.0
Tonga,TON,Western Pacific,nonpregnant,2014,127.0
Niger,NER,Africa,nonpregnant,2012,119.0
Iraq,IRQ,Eastern Mediterranean,nonpregnant,2008,123.0
Brazil,BRA,Americas,nonpregnant,2002,128.0
Papua New Guinea,PNG,Western Pacific,nonpregnant,2002,126.0
Eritrea,ERI,Africa,nonpregnant,2014,124.0
Haiti,HTI,Americas,nonpregnant,2007,118.0
Netherlands (Kingdom of the),NLD,Europe,nonpregnant,2018,131.0
Norway,NOR,Europe,nonpregnant,2008,132.0
Tajikistan,TJK,Europe,nonpregnant,2012,125.0
Mexico,MEX,Americas,nonpregnant,2005,132.0
Togo,TGO,Africa,nonpregnant,2014,120.0
Senegal,SEN,Africa,nonpregnant,2000,114.0
Lao People's Democratic Republic,LAO,Western Pacific,nonpregnant,2013,124.0
Naoero,NRU,Western Pacific,nonpregnant,2001,127.0
Armenia,ARM,Europe,nonpregnant,2003,129.0
Republic of Korea,KOR,Western Pacific,nonpregnant,2010,130.0
Slovenia,SVN,Europe,nonpregnant,2011,129.0
Bolivia (Plurinational State of),BOL,Americas,nonpregnant,2004,126.0
Nepal,NPL,South-East Asia,nonpregnant,2000,121.0
Uzbekistan,UZB,Europe,nonpregnant,2018,127.0
Lithuania,LTU,Europe,nonpregnant,2001,129.0
Nicaragua,NIC,Americas,nonpregnant,2016,132.0
Romania,ROU,Europe,nonpregnant,2000,128.0
Micronesia (Federated States of),FSM,Western Pacific,nonpregnant,2003,130.0
Uruguay,URY,Americas,nonpregnant,2012,132.0
Palau,PLW,Western Pacific,nonpregnant,2008,127.0
Indonesia,IDN,Western Pacific,nonpregnant,2007,126.0
Kiribati,KIR,Western Pacific,nonpregnant,2000,125.0
Naoero,NRU,Western Pacific,nonpregnant,2006,126.0
Malawi,MWI,Africa,nonpregnant,2011,127.0
Eritrea,ERI,Africa,nonpregnant,2016,124.0
Morocco,MAR,Eastern Mediterranean,nonpregnant,2005,125.0
Peru,PER,Americas,nonpregnant,2005,127.0
Jamaica,JAM,Americas,nonpregnant,2002,129.0
Myanmar,MMR,South-East Asia,nonpregnant,2012,122.0
Republic of Korea,KOR,Western Pacific,nonpregnant,2012,130.0
Madagascar,MDG,Africa,nonpregnant,2018,124.0
Bolivia (Plurinational State of),BOL,Americas,nonpregnant,2000,126.0
Romania,ROU,Europe,nonpregnant,2017,129.0
Guatemala,GTM,Americas,nonpregnant,2014,136.0
Ethiopia,ETH,Africa,nonpregnant,2001,126.0
Guyana,GUY,Americas,nonpregnant,2004,122.0
Madagascar,MDG,Africa,nonpregnant,2012,124.0
Cameroon,CMR,Africa,nonpregnant,2009,122.0
Djibouti,DJI,Eastern Mediterranean,nonpregnant,2013,126.0
Türkiye,TUR,Europe,nonpregnant,2011,125.0
Argentina,ARG,Americas,nonpregnant,2004,131.0
Netherlands (Kingdom of the),NLD,Europe,nonpregnant,2006,132.0
Australia,AUS,Western Pacific,nonpregnant,2017,134.0
Ethiopia,ETH,Africa,nonpregnant,2010,130.0
Zambia,ZMB,Africa,nonpregnant,2009,126.0
Azerbaijan,AZE,Europe,nonpregnant,2014,124.0
Madagascar,MDG,Africa,nonpregnant,2017,124.0
Gambia,GMB,Africa,nonpregnant,2012,116.0
Ecuador,ECU,Americas,nonpregnant,2010,129.0
Gambia,GMB,Africa,nonpregnant,2008,115.0
Latvia,LVA,Europe,nonpregnant,2001,128.0
Honduras,HND,Americas,nonpregnant,2015,132.0
Barbados,BRB,Americas,nonpregnant,2001,130.0
Cabo Verde,CPV,Africa,nonpregnant,2003,126.0
Micronesia (Federated States of),FSM,Western Pacific,nonpregnant,2019,128.0
Chile,CHL,Americas,nonpregnant,2017,134.0
Nigeria,NGA,Africa,nonpregnant,2019,117.0
Democratic People's Republic of Korea,PRK,South-East Asia,nonpregnant,2003,125.0
Guyana,GUY,Americas,nonpregnant,2006,122.0
Chile,CHL,Americas,nonpregnant,2010,134.0
Bhutan,BTN,South-East Asia,nonpregnant,2014,123.0
Comoros,COM,Africa,nonpregnant,2015,126.0
Georgia,GEO,Europe,nonpregnant,2000,125.0
Mauritius,MUS,Africa,nonpregnant,2011,131.0
Belgium,BEL,Europe,nonpregnant,2004,132.0
Sierra Leone,SLE,Africa,nonpregnant,2009,120.0
Andorra,AND,Europe,nonpregnant,2003,132.0
Benin,BEN,Africa,nonpregnant,2015,117.0
Egypt,EGY,Eastern Mediterranean,nonpregnant,2017,126.0
Bangladesh,BGD,South-East Asia,nonpregnant,2007,123.0
India,IND,South-East Asia,nonpregnant,2010,117.0
Sao Tome and Principe,STP,Africa,nonpregnant,2014,121.0
Denmark,DNK,Europe,nonpregnant,2015,131.0
Ireland,IRL,Europe,nonpregnant,2001,132.0
Sudan,SDN,Eastern Mediterranean,nonpregnant,2019,123.0
Marshall Islands,MHL,Western Pacific,nonpregnant,2011,126.0
Nepal,NPL,South-East Asia,nonpregnant,2011,124.0
Somalia,SOM,Eastern Mediterranean,nonpregnant,2019,121.0
China,CHN,Western Pacific,nonpregnant,2013,133.0
Antigua and Barbuda,ATG,Americas,nonpregnant,2013,131.0
Belgium,BEL,Europe,nonpregnant,2014,131.0
Botswana,BWA,Africa,nonpregnant,2011,126.0
Trinidad and Tobago,TTO,Americas,nonpregnant,2011,130.0
Niue,NIU,Western Pacific,nonpregnant,2015,127.0
Denmark,DNK,Europe,nonpregnant,2009,132.0
Madagascar,MDG,Africa,nonpregnant,2002,122.0
Ethiopia,ETH,Africa,nonpregnant,2017,129.0
United Republic of Tanzania,TZA,Africa,nonpregnant,2016,123.0
Micronesia (Federated States of),FSM,Western Pacific,nonpregnant,2004,130.0
Poland,POL,Europe,nonpregnant,2016,130.0
Argentina,ARG,Americas,nonpregnant,2019,133.0
Tonga,TON,Western Pacific,nonpregnant,2013,127.0
Tonga,TON,Western Pacific,nonpregnant,2016,127.0
Israel,ISR,Europe,nonpregnant,2010,132.0
Uganda,UGA,Africa,nonpregnant,2011,127.0
Argentina,ARG,Americas,nonpregnant,2006,131.0
Iran (Islamic Republic of),IRN,Eastern Mediterranean,nonpregnant,2009,128.0
United Kingdom of Great Britain and Northern Ireland,GBR,Europe,nonpregnant,2019,132.0
Benin,BEN,Africa,nonpregnant,2007,116.0
Central African Republic,CAF,Africa,nonpregnant,2012,120.0
Greece,GRC,Europe,nonpregnant,2018,130.0
Ethiopia,ETH,Africa,nonpregnant,2002,127.0
Equatorial Guinea,GNQ,Africa,nonpregnant,2007,118.0
Malawi,MWI,Africa,nonpregnant,2012,127.0
Dominica,DMA,Americas,nonpregnant,2007,129.0
Bolivia (Plurinational State of),BOL,Americas,nonpregnant,2009,127.0
Bolivia (Plurinational State of),BOL,Americas,nonpregnant,2008,126.0
Malaysia,MYS,Western Pacific,nonpregnant,2010,125.0
Greece,GRC,Europe,nonpregnant,2001,131.0
South Africa,ZAF,Africa,nonpregnant,2019,127.0
Luxembourg,LUX,Europe,nonpregnant,2003,133.0
Zimbabwe,ZWE,Africa,nonpregnant,2018,127.0
Zimbabwe,ZWE,Africa,nonpregnant,2003,125.0
Cabo Verde,CPV,Africa,nonpregnant,2002,126.0
Kuwait,KWT,Eastern Mediterranean,nonpregnant,2018,128.0
Kazakhstan,KAZ,Europe,nonpregnant,2010,127.0
Sweden,SWE,Europe,nonpregnant,2018,131.0
Yemen,YEM,Eastern Mediterranean,nonpregnant,2019,113.0
Somalia,SOM,Eastern Mediterranean,nonpregnant,2007,120.0
Saint Lucia,LCA,Americas,nonpregnant,2007,132.0
Nigeria,NGA,Africa,nonpregnant,2015,117.0
Honduras,HND,Americas,nonpregnant,2000,129.0
Argentina,ARG,Americas,nonpregnant,2015,133.0
Bolivia (Plurinational State of),BOL,Americas,nonpregnant,2013,128.0
Niue,NIU,Western Pacific,nonpregnant,2018,127.0
Switzerland,CHE,Europe,nonpregnant,2009,132.0
Guinea-Bissau,GNB,Africa,nonpregnant,2019,120.0
Cameroon,CMR,Africa,nonpregnant,2015,122.0
Namibia,NAM,Africa,nonpregnant,2000,127.0
Italy,ITA,Europe,nonpregnant,2005,132.0
Sudan,SDN,Eastern Mediterranean,nonpregnant,2000,121.0
Jordan,JOR,Eastern Mediterranean,nonpregnant,2006,126.0
Gabon,GAB,Africa,nonpregnant,2005,115.0
Democratic People's Republic of Korea,PRK,South-East Asia,nonpregnant,2017,125.0
Kyrgyzstan,KGZ,Europe,nonpregnant,2006,123.0
Kiribati,KIR,Western Pacific,nonpregnant,2004,126.0
Comoros,COM,Africa,nonpregnant,2006,125.0
Chile,CHL,Americas,nonpregnant,2002,134.0
Dominica,DMA,Americas,nonpregnant,2014,130.0
Rwanda,RWA,Africa,nonpregnant,2002,130.0
Oman,OMN,Eastern Mediterranean,nonpregnant,2011,126.0
Burkina Faso,BFA,Africa,nonpregnant,2003,117.0
Benin,BEN,Africa,nonpregnant,2016,117.0
Cambodia,KHM,Western Pacific,nonpregnant,2019,120.0
Tuvalu,TUV,Western Pacific,nonpregnant,2004,128.0
Bangladesh,BGD,South-East Asia,nonpregnant,2005,123.0
Iceland,ISL,Europe,nonpregnant,2007,133.0
Congo,COG,Africa,nonpregnant,2004,116.0
Afghanistan,AFG,Eastern Mediterranean,nonpregnant,2003,124.0
Seychelles,SYC,Africa,nonpregnant,2007,128.0
Kuwait,KWT,Eastern Mediterranean,nonpregnant,2005,129.0
Venezuela (Bolivarian Republic of),VEN,Americas,nonpregnant,2013,129.0
Dominican Republic,DOM,Americas,nonpregnant,2013,127.0
Qatar,QAT,Eastern Mediterranean,nonpregnant,2007,126.0
Chad,TCD,Africa,nonpregnant,2011,119.0
Cyprus,CYP,Europe,nonpregnant,2018,131.0
Cyprus,CYP,Europe,nonpregnant,2012,131.0
Cameroon,CMR,Africa,nonpregnant,2006,122.0
Kazakhstan,KAZ,Europe,nonpregnant,2004,125.0
Saint Kitts and Nevis,KNA,Americas,nonpregnant,2004,131.0
Belarus,BLR,Europe,nonpregnant,2004,129.0
Burkina Faso,BFA,Africa,nonpregnant,2005,117.0
Sao Tome and Principe,STP,Africa,nonpregnant,2013,121.0
Tunisia,TUN,Eastern Mediterranean,nonpregnant,2011,125.0
Dominica,DMA,Americas,nonpregnant,2010,130.0
Equatorial Guinea,GNQ,Africa,nonpregnant,2013,120.0
Uruguay,URY,Americas,nonpregnant,2000,133.0
Kyrgyzstan,KGZ,Europe,nonpregnant,2002,123.0
Bahrain,BHR,Eastern Mediterranean,nonpregnant,2014,124.0
Algeria,DZA,Africa,nonpregnant,2010,124.0
Guyana,GUY,Americas,nonpregnant,2007,122.0
Zimbabwe,ZWE,Africa,nonpregnant,2014,127.0
Trinidad and Tobago,TTO,Americas,nonpregnant,2008,130.0
Malta,MLT,Europe,nonpregnant,2013,131.0
Niue,NIU,Western Pacific,nonpregnant,2011,127.0
Hungary,HUN,Europe,nonpregnant,2007,130.0
Viet Nam,VNM,Western Pacific,nonpregnant,2015,130.0
Venezuela (Bolivarian Republic of),VEN,Americas,nonpregnant,2007,129.0
Guinea,GIN,Africa,nonpregnant,2016,119.0
India,IND,South-East Asia,nonpregnant,2019,117.0
Philippines,PHL,Western Pacific,nonpregnant,2006,128.0
Indonesia,IDN,Western Pacific,nonpregnant,2012,126.0
Cabo Verde,CPV,Africa,nonpregnant,2000,125.0
Germany,DEU,Europe,nonpregnant,2019,132.0
Nicaragua,NIC,Americas,nonpregnant,2009,132.0
Croatia,HRV,Europe,nonpregnant,2015,129.0
Russian Federation,RUS,Europe,nonpregnant,2016,129.0
Albania,ALB,Europe,nonpregnant,2008,128.0
Azerbaijan,AZE,Europe,nonpregnant,2012,123.0
Romania,ROU,Europe,nonpregnant,2006,129.0
Cabo Verde,CPV,Africa,nonpregnant,2001,126.0
Guinea-Bissau,GNB,Africa,nonpregnant,2007,118.0
Brunei Darussalam,BRN,Western Pacific,nonpregnant,2016,130.0
China,CHN,Western Pacific,nonpregnant,2002,131.0
Oman,OMN,Eastern Mediterranean,nonpregnant,2003,124.0
Bulgaria,BGR,Europe,nonpregnant,2014,128.0
San Marino,SMR,Europe,nonpregnant,2015,132.0
Zambia,ZMB,Africa,nonpregnant,2018,126.0
Gambia,GMB,Africa,nonpregnant,2002,113.0
El Salvador,SLV,Americas,nonpregnant,2012,135.0
Kuwait,KWT,Eastern Mediterranean,nonpregnant,2013,129.0
Indonesia,IDN,Western Pacific,nonpregnant,2006,126.0
Burkina Faso,BFA,Africa,nonpregnant,2008,117.0
Austria,AUT,Europe,nonpregnant,2017,131.0
Fiji,FJI,Western Pacific,nonpregnant,2003,124.0
Estonia,EST,Europe,nonpregnant,2008,129.0
Gabon,GAB,Africa,nonpregnant,2014,117.0
San Marino,SMR,Europe,nonpregnant,2016,132.0
Myanmar,MMR,South-East Asia,nonpregnant,2006,121.0
Oman,OMN,Eastern Mediterranean,nonpregnant,2001,123.0
Israel,ISR,Europe,nonpregnant,2015,132.0
Belize,BLZ,Americas,nonpregnant,2019,130.0
Mozambique,MOZ,Africa,nonpregnant,2006,119.0
Malaysia,MYS,Western Pacific,nonpregnant,2002,123.0
United Kingdom of Great Britain and Northern Ireland,GBR,Europe,nonpregnant,2006,133.0
Portugal,PRT,Europe,nonpregnant,2000,131.0
Mauritania,MRT,Africa,nonpregnant,2001,119.0
Qatar,QAT,Eastern Mediterranean,nonpregnant,2000,125.0
Romania,ROU,Europe,nonpregnant,2001,128.0
Albania,ALB,Europe,nonpregnant,2018,127.0
South Sudan,SSD,Africa,nonpregnant,2018,125.0
Bahrain,BHR,Eastern Mediterranean,nonpregnant,2017,124.0
Suriname,SUR,Americas,nonpregnant,2013,130.0
Myanmar,MMR,South-East Asia,nonpregnant,2000,119.0
Cyprus,CYP,Europe,nonpregnant,2000,131.0
Timor-Leste,TLS,South-East Asia,nonpregnant,2012,127.0
Honduras,HND,Americas,nonpregnant,2005,131.0
Haiti,HTI,Americas,nonpregnant,2014,119.0
Papua New Guinea,PNG,Western Pacific,nonpregnant,2016,125.0
Belize,BLZ,Americas,nonpregnant,2010,129.0
Singapore,SGP,Western Pacific,nonpregnant,2006,131.0
Sri Lanka,LKA,South-East Asia,nonpregnant,2000,122.0
Somalia,SOM,Eastern Mediterranean,nonpregnant,2014,121.0
Costa Rica,CRI,Americas,nonpregnant,2016,132.0
Comoros,COM,Africa,nonpregnant,2005,125.0
Namibia,NAM,Africa,nonpregnant,2010,129.0
Luxembourg,LUX,Europe,nonpregnant,2009,133.0
Qatar,QAT,Eastern Mediterranean,nonpregnant,2005,126.0
Romania,ROU,Europe,nonpregnant,2016,129.0
South Africa,ZAF,Africa,nonpregnant,2016,127.0
Hungary,HUN,Europe,nonpregnant,2001,130.0
Spain,ESP,Europe,nonpregnant,2010,132.0
Australia,AUS,Western Pacific,nonpregnant,2013,134.0
Latvia,LVA,Europe,nonpregnant,2000,128.0
Mali,MLI,Africa,nonpregnant,2001,113.0
Iceland,ISL,Europe,nonpregnant,2009,133.0
Ethiopia,ETH,Africa,nonpregnant,2014,130.0
Armenia,ARM,Europe,nonpregnant,2004,129.0
Colombia,COL,Americas,nonpregnant,2019,130.0
Dominica,DMA,Americas,nonpregnant,2011,130.0
Ghana,GHA,Africa,nonpregnant,2018,124.0
Mauritania,MRT,Africa,nonpregnant,2019,121.0
United Arab Emirates,ARE,Eastern Mediterranean,nonpregnant,2008,128.0
Chad,TCD,Africa,nonpregnant,2013,119.0
Cook Islands,COK,Western Pacific,nonpregnant,2015,127.0
Djibouti,DJI,Eastern Mediterranean,nonpregnant,2017,126.0
Bahrain,BHR,Eastern Mediterranean,nonpregnant,2013,124.0
Grenada,GRD,Americas,nonpregnant,2011,130.0
Australia,AUS,Western Pacific,nonpregnant,2007,134.0
Philippines,PHL,Western Pacific,nonpregnant,2013,131.0
Germany,DEU,Europe,nonpregnant,2010,132.0
Russian Federation,RUS,Europe,nonpregnant,2000,129.0
Syrian Arab Republic,SYR,Eastern Mediterranean,nonpregnant,2006,124.0
Kenya,KEN,Africa,nonpregnant,2010,129.0
Bangladesh,BGD,South-East Asia,nonpregnant,2006,123.0
Lithuania,LTU,Europe,nonpregnant,2018,129.0
New Zealand,NZL,Western Pacific,nonpregnant,2009,133.0
Palau,PLW,Western Pacific,nonpregnant,2013,127.0
Indonesia,IDN,Western Pacific,nonpregnant,2015,126.0
Niger,NER,Africa,nonpregnant,2004,119.0
Nepal,NPL,South-East Asia,nonpregnant,2014,124.0
Uganda,UGA,Africa,nonpregnant,2004,125.0
Bahamas,BHS,Americas,nonpregnant,2019,132.0
Morocco,MAR,Eastern Mediterranean,nonpregnant,2003,125.0
Rwanda,RWA,Africa,nonpregnant,2016,132.0
Morocco,MAR,Eastern Mediterranean,nonpregnant,2013,126.0
Seychelles,SYC,Africa,nonpregnant,2004,128.0
Hungary,HUN,Europe,nonpregnant,2013,129.0
Oman,OMN,Eastern Mediterranean,nonpregnant,2012,126.0
Republic of Korea,KOR,Western Pacific,nonpregnant,2017,130.0
Haiti,HTI,Americas,nonpregnant,2002,117.0
Sao Tome and Principe,STP,Africa,nonpregnant,2002,118.0
Tunisia,TUN,Eastern Mediterranean,nonpregnant,2012,125.0
Monaco,MCO,Europe,nonpregnant,2013,132.0
Nicaragua,NIC,Americas,nonpregnant,2015,132.0
Sierra Leone,SLE,Africa,nonpregnant,2018,120.0
Oman,OMN,Eastern Mediterranean,nonpregnant,2009,126.0
Democratic Republic of the Congo,COD,Africa,nonpregnant,2014,121.0
Australia,AUS,Western Pacific,nonpregnant,2014,134.0
Costa Rica,CRI,Americas,nonpregnant,2001,131.0
Palau,PLW,Western Pacific,nonpregnant,2010,127.0
Sao Tome and Principe,STP,Africa,nonpregnant,2007,119.0
Comoros,COM,Africa,nonpregnant,2009,125.0
Bosnia and Herzegovina,BIH,Europe,nonpregnant,2008,128.0
Monaco,MCO,Europe,nonpregnant,2016,132.0
China,CHN,Western Pacific,nonpregnant,2018,133.0
Sierra Leone,SLE,Africa,nonpregnant,2000,117.0
Iran (Islamic Republic of),IRN,Eastern Mediterranean,nonpregnant,2011,128.0
Saudi Arabia,SAU,Eastern Mediterranean,nonpregnant,2009,127.0
Iceland,ISL,Europe,nonpregnant,2000,133.0
South Sudan,SSD,Africa,nonpregnant,2001,124.0
Central African Republic,CAF,Africa,nonpregnant,2015,120.0
Egypt,EGY,Eastern Mediterranean,nonpregnant,2007,124.0
Latvia,LVA,Europe,nonpregnant,2008,129.0
Ukraine,UKR,Europe,nonpregnant,2001,134.0
Botswana,BWA,Africa,nonpregnant,2017,125.0
Democratic Republic of the Congo,COD,Africa,nonpregnant,2004,118.0
Cameroon,CMR,Africa,nonpregnant,2002,122.0
Sweden,SWE,Europe,nonpregnant,2002,131.0
Uganda,UGA,Africa,nonpregnant,2006,125.0
Papua New Guinea,PNG,Western Pacific,nonpregnant,2007,126.0
Libya,LBY,Eastern Mediterranean,nonpregnant,2006,125.0
Mauritania,MRT,Africa,nonpregnant,2018,121.0
Naoero,NRU,Western Pacific,nonpregnant,2008,126.0
Rwanda,RWA,Africa,nonpregnant,2005,130.0
Zambia,ZMB,Africa,nonpregnant,2001,125.0
Saint Lucia,LCA,Americas,nonpregnant,2012,133.0
Latvia,LVA,Europe,nonpregnant,2016,129.0
Germany,DEU,Europe,nonpregnant,2009,132.0
Lao People's Democratic Republic,LAO,Western Pacific,nonpregnant,2005,122.0
Dominica,DMA,Americas,nonpregnant,2019,129.0
Mozambique,MOZ,Africa,nonpregnant,2015,119.0
Egypt,EGY,Eastern Mediterranean,nonpregnant,2011,125.0
Eritrea,ERI,Africa,nonpregnant,2004,123.0
Niger,NER,Africa,nonpregnant,2001,118.0
Paraguay,PRY,Americas,nonpregnant,2003,129.0
Spain,ESP,Europe,nonpregnant,2004,132.0
Lithuania,LTU,Europe,nonpregnant,2000,129.0
Eritrea,ERI,Africa,nonpregnant,2007,123.0
Mauritius,MUS,Africa,nonpregnant,2017,130.0
Tonga,TON,Western Pacific,nonpregnant,2006,127.0
Peru,PER,Americas,nonpregnant,2004,127.0
Ecuador,ECU,Americas,nonpregnant,2009,129.0
Lao People's Democratic Republic,LAO,Western Pacific,nonpregnant,2009,123.0
Malaysia,MYS,Western Pacific,nonpregnant,2018,124.0
Marshall Islands,MHL,Western Pacific,nonpregnant,2010,126.0
Nigeria,NGA,Africa,nonpregnant,2017,117.0
Djibouti,DJI,Eastern Mediterranean,nonpregnant,2015,126.0
United States of America,USA,Americas,nonpregnant,2001,135.0
Venezuela (Bolivarian Republic of),VEN,Americas,nonpregnant,2000,127.0
Eritrea,ERI,Africa,nonpregnant,2012,124.0
Maldives,MDV,South-East Asia,nonpregnant,2019,118.0
South Sudan,SSD,Africa,nonpregnant,2000,123.0
Grenada,GRD,Americas,nonpregnant,2019,130.0
Finland,FIN,Europe,nonpregnant,2009,133.0
Jordan,JOR,Eastern Mediterranean,nonpregnant,2018,124.0
United States of America,USA,Americas,nonpregnant,2007,134.0
Russian Federation,RUS,Europe,nonpregnant,2004,129.0
Eswatini,SWZ,Africa,nonpregnant,2016,127.0
Malta,MLT,Europe,nonpregnant,2019,131.0
Singapore,SGP,Western Pacific,nonpregnant,2003,131.0
Antigua and Barbuda,ATG,Americas,nonpregnant,2009,131.0
Kazakhstan,KAZ,Europe,nonpregnant,2013,127.0
Indonesia,IDN,Western Pacific,nonpregnant,2018,125.0
New Zealand,NZL,Western Pacific,nonpregnant,2007,133.0
Guinea,GIN,Africa,nonpregnant,2012,119.0
Austria,AUT,Europe,nonpregnant,2015,131.0
"occupied Palestinian territory, including east Jerusalem",PSE,Eastern Mediterranean,nonpregnant,2006,126.0
Luxembourg,LUX,Europe,nonpregnant,2018,132.0
San Marino,SMR,Europe,nonpregnant,2017,131.0
Tonga,TON,Western Pacific,nonpregnant,2009,128.0
Papua New Guinea,PNG,Western Pacific,nonpregnant,2010,126.0
Ukraine,UKR,Europe,nonpregnant,2017,131.0
Algeria,DZA,Africa,nonpregnant,2000,123.0
Belarus,BLR,Europe,nonpregnant,2006,129.0
Cook Islands,COK,Western Pacific,nonpregnant,2003,127.0
Honduras,HND,Americas,nonpregnant,2018,131.0
Saudi Arabia,SAU,Eastern Mediterranean,nonpregnant,2019,126.0
Germany,DEU,Europe,nonpregnant,2001,132.0
Suriname,SUR,Americas,nonpregnant,2000,127.0
Czechia,CZE,Europe,nonpregnant,2008,129.0
Sao Tome and Principe,STP,Africa,nonpregnant,2008,120.0
United Arab Emirates,ARE,Eastern Mediterranean,nonpregnant,2004,128.0
Albania,ALB,Europe,nonpregnant,2013,128.0
Antigua and Barbuda,ATG,Americas,nonpregnant,2001,129.0
Vanuatu,VUT,Western Pacific,nonpregnant,2012,128.0
Syrian Arab Republic,SYR,Eastern Mediterranean,nonpregnant,2017,125.0
Brazil,BRA,Americas,nonpregnant,2006,129.0
Palau,PLW,Western Pacific,nonpregnant,2006,127.0
Serbia,SRB,Europe,nonpregnant,2013,129.0
Niger,NER,Africa,nonpregnant,2005,119.0
Bangladesh,BGD,South-East Asia,nonpregnant,2013,123.0
Portugal,PRT,Europe,nonpregnant,2012,132.0
Dominica,DMA,Americas,nonpregnant,2012,130.0
Equatorial Guinea,GNQ,Africa,nonpregnant,2000,116.0
Antigua and Barbuda,ATG,Americas,nonpregnant,2014,131.0
Cuba,CUB,Americas,nonpregnant,2006,128.0
Republic of Korea,KOR,Western Pacific,nonpregnant,2011,130.0
Cameroon,CMR,Africa,nonpregnant,2018,122.0
Andorra,AND,Europe,nonpregnant,2017,132.0
Burundi,BDI,Africa,nonpregnant,2016,125.0
Latvia,LVA,Europe,nonpregnant,2015,129.0
Tunisia,TUN,Eastern Mediterranean,nonpregnant,2004,125.0
Antigua and Barbuda,ATG,Americas,nonpregnant,2016,131.0
Naoero,NRU,Western Pacific,nonpregnant,2010,126.0
Portugal,PRT,Europe,nonpregnant,2010,132.0
Panama,PAN,Americas,nonpregnant,2015,129.0
Sri Lanka,LKA,South-East Asia,nonpregnant,2006,123.0
Saint Kitts and Nevis,KNA,Americas,nonpregnant,2000,130.0
Canada,CAN,Americas,nonpregnant,2000,133.0
Lebanon,LBN,Eastern Mediterranean,nonpregnant,2012,127.0
Equatorial Guinea,GNQ,Africa,nonpregnant,2006,118.0
Micronesia (Federated States of),FSM,Western Pacific,nonpregnant,2011,129.0
Bosnia and Herzegovina,BIH,Europe,nonpregnant,2014,128.0
Greece,GRC,Europe,nonpregnant,2017,131.0
Kuwait,KWT,Eastern Mediterranean,nonpregnant,2014,128.0
Bangladesh,BGD,South-East Asia,nonpregnant,2004,124.0
Timor-Leste,TLS,South-East Asia,nonpregnant,2006,126.0
Iceland,ISL,Europe,nonpregnant,2004,133.0
Denmark,DNK,Europe,nonpregnant,2004,131.0
Cote d'Ivoire,CIV,Africa,nonpregnant,2008,118.0
Bhutan,BTN,South-East Asia,nonpregnant,2001,121.0
Eswatini,SWZ,Africa,nonpregnant,2017,127.0
Bahamas,BHS,Americas,nonpregnant,2001,131.0
Eritrea,ERI,Africa,nonpregnant,2017,124.0
Uruguay,URY,Americas,nonpregnant,2010,132.0
Rwanda,RWA,Africa,nonpregnant,2000,129.0
Saint Vincent and the Grenadines,VCT,Americas,nonpregnant,2007,131.0
Libya,LBY,Eastern Mediterranean,nonpregnant,2009,126.0
Congo,COG,Africa,nonpregnant,2019,120.0
Togo,TGO,Africa,nonpregnant,2011,120.0
Bahrain,BHR,Eastern Mediterranean,nonpregnant,2011,123.0
Samoa,WSM,Western Pacific,nonpregnant,2012,129.0
China,CHN,Western Pacific,nonpregnant,2019,133.0
United Republic of Tanzania,TZA,Africa,nonpregnant,2015,123.0
Lebanon,LBN,Eastern Mediterranean,nonpregnant,2009,127.0
Brazil,BRA,Americas,nonpregnant,2010,130.0
Palau,PLW,Western Pacific,nonpregnant,2014,127.0
Antigua and Barbuda,ATG,Americas,nonpregnant,2017,131.0
Indonesia,IDN,Western Pacific,nonpregnant,2001,125.0
Zimbabwe,ZWE,Africa,nonpregnant,2012,127.0
Serbia,SRB,Europe,nonpregnant,2001,128.0
San Marino,SMR,Europe,nonpregnant,2013,132.0
Seychelles,SYC,Africa,nonpregnant,2014,129.0
Qatar,QAT,Eastern Mediterranean,nonpregnant,2018,126.0
Rwanda,RWA,Africa,nonpregnant,2009,132.0
Iran (Islamic Republic of),IRN,Eastern Mediterranean,nonpregnant,2002,127.0
Finland,FIN,Europe,nonpregnant,2005,133.0
Singapore,SGP,Western Pacific,nonpregnant,2013,131.0
North Macedonia,MKD,Europe,nonpregnant,2019,130.0
Yemen,YEM,Eastern Mediterranean,nonpregnant,2000,110.0
Iraq,IRQ,Eastern Mediterranean,nonpregnant,2015,125.0
Romania,ROU,Europe,nonpregnant,2008,129.0
Brazil,BRA,Americas,nonpregnant,2013,131.0
San Marino,SMR,Europe,nonpregnant,2008,132.0
El Salvador,SLV,Americas,nonpregnant,2010,135.0
Benin,BEN,Africa,nonpregnant,2018,117.0
Fiji,FJI,Western Pacific,nonpregnant,2007,124.0
South Africa,ZAF,Africa,nonpregnant,2001,124.0
Angola,AGO,Africa,nonpregnant,2011,121.0
Panama,PAN,Americas,nonpregnant,2007,128.0
Republic of Korea,KOR,Western Pacific,nonpregnant,2000,128.0
Costa Rica,CRI,Americas,nonpregnant,2011,132.0
Jordan,JOR,Eastern Mediterranean,nonpregnant,2013,125.0
United Kingdom of Great Britain and Northern Ireland,GBR,Europe,nonpregnant,2011,132.0
Tajikistan,TJK,Europe,nonpregnant,2005,124.0
Timor-Leste,TLS,South-East Asia,nonpregnant,2016,126.0
India,IND,South-East Asia,nonpregnant,2011,117.0
Georgia,GEO,Europe,nonpregnant,2012,126.0
Marshall Islands,MHL,Western Pacific,nonpregnant,2001,126.0
San Marino,SMR,Europe,nonpregnant,2000,132.0
Bulgaria,BGR,Europe,nonpregnant,2003,128.0
Georgia,GEO,Europe,nonpregnant,2014,127.0
Türkiye,TUR,Europe,nonpregnant,2010,125.0
India,IND,South-East Asia,nonpregnant,2016,117.0
South Sudan,SSD,Africa,nonpregnant,2004,124.0
Romania,ROU,Europe,nonpregnant,2005,129.0
Panama,PAN,Americas,nonpregnant,2017,129.0
Vanuatu,VUT,Western Pacific,nonpregnant,2001,126.0
Djibouti,DJI,Eastern Mediterranean,nonpregnant,2000,124.0
United Kingdom of Great Britain and Northern Ireland,GBR,Europe,nonpregnant,2014,132.0
South Africa,ZAF,Africa,nonpregnant,2009,127.0
Chad,TCD,Africa,nonpregnant,2019,120.0
Mali,MLI,Africa,nonpregnant,2017,115.0
Brunei Darussalam,BRN,Western Pacific,nonpregnant,2002,130.0
Guatemala,GTM,Americas,nonpregnant,2003,131.0
Croatia,HRV,Europe,nonpregnant,2001,129.0
Netherlands (Kingdom of the),NLD,Europe,nonpregnant,2011,132.0
Belgium,BEL,Europe,nonpregnant,2002,132.0
Slovenia,SVN,Europe,nonpregnant,2002,129.0
North Macedonia,MKD,Europe,nonpregnant,2013,131.0
Kazakhstan,KAZ,Europe,nonpregnant,2016,127.0
Samoa,WSM,Western Pacific,nonpregnant,2018,129.0
Poland,POL,Europe,nonpregnant,2014,130.0
Barbados,BRB,Americas,nonpregnant,2016,131.0
Chile,CHL,Americas,nonpregnant,2001,134.0
Nigeria,NGA,Africa,nonpregnant,2000,115.0
Eswatini,SWZ,Africa,nonpregnant,2012,127.0
Comoros,COM,Africa,nonpregnant,2002,124.0
United States of America,USA,Americas,nonpregnant,2014,133.0
Kazakhstan,KAZ,Europe,nonpregnant,2009,127.0
Cote d'Ivoire,CIV,Africa,nonpregnant,2012,118.0
Jordan,JOR,Eastern Mediterranean,nonpregnant,2010,126.0
South Sudan,SSD,Africa,nonpregnant,2007,124.0
Bahamas,BHS,Americas,nonpregnant,2003,132.0
Viet Nam,VNM,Western Pacific,nonpregnant,2007,129.0
Paraguay,PRY,Americas,nonpregnant,2008,129.0
Canada,CAN,Americas,nonpregnant,2011,133.0
Serbia,SRB,Europe,nonpregnant,2015,129.0
Mauritania,MRT,Africa,nonpregnant,2000,119.0
Fiji,FJI,Western Pacific,nonpregnant,2013,124.0
Norway,NOR,Europe,nonpregnant,2014,132.0
Saint Kitts and Nevis,KNA,Americas,nonpregnant,2001,130.0
Bhutan,BTN,South-East Asia,nonpregnant,2013,122.0
Marshall Islands,MHL,Western Pacific,nonpregnant,2016,126.0
Costa Rica,CRI,Americas,nonpregnant,2004,131.0
Guinea-Bissau,GNB,Africa,nonpregnant,2015,119.0
Malta,MLT,Europe,nonpregnant,2001,131.0
Iraq,IRQ,Eastern Mediterranean,nonpregnant,2000,121.0
Sierra Leone,SLE,Africa,nonpregnant,2005,119.0
Israel,ISR,Europe,nonpregnant,2014,132.0
Austria,AUT,Europe,nonpregnant,2000,132.0
Qatar,QAT,Eastern Mediterranean,nonpregnant,2011,126.0
Algeria,DZA,Africa,nonpregnant,2001,123.0
Oman,OMN,Eastern Mediterranean,nonpregnant,2007,125.0
Fiji,FJI,Western Pacific,nonpregnant,2011,124.0
Ghana,GHA,Africa,nonpregnant,2016,123.0
New Zealand,NZL,Western Pacific,nonpregnant,2018,132.0
Cabo Verde,CPV,Africa,nonpregnant,2005,126.0
Sri Lanka,LKA,South-East Asia,nonpregnant,2009,124.0
Paraguay,PRY,Americas,nonpregnant,2012,129.0
Tuvalu,TUV,Western Pacific,nonpregnant,2016,127.0
New Zealand,NZL,Western Pacific,nonpregnant,2017,132.0
Zimbabwe,ZWE,Africa,nonpregnant,2007,126.0
Norway,NOR,Europe,nonpregnant,2012,132.0
Libya,LBY,Eastern Mediterranean,nonpregnant,2002,125.0
Nigeria,NGA,Africa,nonpregnant,2016,117.0
Monaco,MCO,Europe,nonpregnant,2018,131.0
Cameroon,CMR,Africa,nonpregnant,2011,122.0
Slovakia,SVK,Europe,nonpregnant,2003,128.0
Argentina,ARG,Americas,nonpregnant,2008,131.0
Grenada,GRD,Americas,nonpregnant,2010,130.0
Grenada,GRD,Americas,nonpregnant,2013,130.0
Tajikistan,TJK,Europe,nonpregnant,2000,122.0
Greece,GRC,Europe,nonpregnant,2006,131.0
Senegal,SEN,Africa,nonpregnant,2001,114.0
Liberia,LBR,Africa,nonpregnant,2006,120.0
Democratic People's Republic of Korea,PRK,South-East Asia,nonpregnant,2008,125.0
Kenya,KEN,Africa,nonpregnant,2007,128.0
Colombia,COL,Americas,nonpregnant,2014,130.0
Benin,BEN,Africa,nonpregnant,2008,116.0
Zimbabwe,ZWE,Africa,nonpregnant,2006,125.0
Guyana,GUY,Americas,nonpregnant,2008,123.0
India,IND,South-East Asia,nonpregnant,2013,117.0
Democratic Republic of the Congo,COD,Africa,nonpregnant,2000,118.0
United Arab Emirates,ARE,Eastern Mediterranean,nonpregnant,2017,128.0
United Arab Emirates,ARE,Eastern Mediterranean,nonpregnant,2015,128.0
Comoros,COM,Africa,nonpregnant,2001,124.0
Belize,BLZ,Americas,nonpregnant,2002,128.0
San Marino,SMR,Europe,nonpregnant,2005,132.0
Türkiye,TUR,Europe,nonpregnant,2012,125.0
Republic of Korea,KOR,Western Pacific,nonpregnant,2009,129.0
Malawi,MWI,Africa,nonpregnant,2013,127.0
Bangladesh,BGD,South-East Asia,nonpregnant,2011,123.0
Cook Islands,COK,Western Pacific,nonpregnant,2014,127.0
Botswana,BWA,Africa,nonpregnant,2008,125.0
Italy,ITA,Europe,nonpregnant,2017,131.0
Samoa,WSM,Western Pacific,nonpregnant,2008,129.0
Saint Lucia,LCA,Americas,nonpregnant,2018,133.0
Guyana,GUY,Americas,nonpregnant,2017,125.0
Canada,CAN,Americas,nonpregnant,2002,133.0
United Kingdom of Great Britain and Northern Ireland,GBR,Europe,nonpregnant,2010,132.0
Kyrgyzstan,KGZ,Europe,nonpregnant,2013,124.0
Eswatini,SWZ,Africa,nonpregnant,2000,125.0
Peru,PER,Americas,nonpregnant,2008,128.0
Micronesia (Federated States of),FSM,Western Pacific,nonpregnant,2002,130.0
Mexico,MEX,Americas,nonpregnant,2004,131.0
Lithuania,LTU,Europe,nonpregnant,2010,130.0
Madagascar,MDG,Africa,nonpregnant,2006,123.0
Dominican Republic,DOM,Americas,nonpregnant,2011,127.0
Burkina Faso,BFA,Africa,nonpregnant,2018,118.0
Somalia,SOM,Eastern Mediterranean,nonpregnant,2009,121.0
United Republic of Tanzania,TZA,Africa,nonpregnant,2001,120.0
Israel,ISR,Europe,nonpregnant,2002,132.0
Equatorial Guinea,GNQ,Africa,nonpregnant,2014,120.0
Turkmenistan,TKM,Europe,nonpregnant,2000,125.0
Oman,OMN,Eastern Mediterranean,nonpregnant,2008,125.0
Suriname,SUR,Americas,nonpregnant,2009,129.0
Netherlands (Kingdom of the),NLD,Europe,nonpregnant,2007,132.0
Namibia,NAM,Africa,nonpregnant,2011,129.0
San Marino,SMR,Europe,nonpregnant,2009,132.0
Hungary,HUN,Europe,nonpregnant,2010,129.0
Bangladesh,BGD,South-East Asia,nonpregnant,2003,124.0
Monaco,MCO,Europe,nonpregnant,2008,132.0
Romania,ROU,Europe,nonpregnant,2010,128.0
Dominican Republic,DOM,Americas,nonpregnant,2005,125.0
Benin,BEN,Africa,nonpregnant,2006,115.0
United Republic of Tanzania,TZA,Africa,nonpregnant,2004,121.0
Saint Kitts and Nevis,KNA,Americas,nonpregnant,2006,131.0
Zambia,ZMB,Africa,nonpregnant,2014,126.0
South Africa,ZAF,Africa,nonpregnant,2002,124.0
Trinidad and Tobago,TTO,Americas,nonpregnant,2003,128.0
Chad,TCD,Africa,nonpregnant,2000,118.0
Thailand,THA,South-East Asia,nonpregnant,2008,128.0
Slovakia,SVK,Europe,nonpregnant,2015,128.0
Switzerland,CHE,Europe,nonpregnant,2018,132.0
Philippines,PHL,Western Pacific,nonpregnant,2005,128.0
Thailand,THA,South-East Asia,nonpregnant,2011,128.0
Andorra,AND,Europe,nonpregnant,2016,132.0
Estonia,EST,Europe,nonpregnant,2016,129.0
Kazakhstan,KAZ,Europe,nonpregnant,2011,127.0
Greece,GRC,Europe,nonpregnant,2010,131.0
"occupied Palestinian territory, including east Jerusalem",PSE,Eastern Mediterranean,nonpregnant,2000,125.0
Oman,OMN,Eastern Mediterranean,nonpregnant,2010,126.0
Lao People's Democratic Republic,LAO,Western Pacific,nonpregnant,2007,123.0
Ethiopia,ETH,Africa,nonpregnant,2004,128.0
Romania,ROU,Europe,nonpregnant,2007,129.0
Bosnia and Herzegovina,BIH,Europe,nonpregnant,2005,128.0
Democratic People's Republic of Korea,PRK,South-East Asia,nonpregnant,2013,125.0
Guatemala,GTM,Americas,nonpregnant,2012,135.0
Estonia,EST,Europe,nonpregnant,2012,129.0
Saint Kitts and Nevis,KNA,Americas,nonpregnant,2003,131.0
Burkina Faso,BFA,Africa,nonpregnant,2010,118.0
Brazil,BRA,Americas,nonpregnant,2015,132.0
Kazakhstan,KAZ,Europe,nonpregnant,2015,127.0
Greece,GRC,Europe,nonpregnant,2007,131.0
Eritrea,ERI,Africa,nonpregnant,2001,122.0
Andorra,AND,Europe,nonpregnant,2000,132.0
Denmark,DNK,Europe,nonpregnant,2006,131.0
Bahrain,BHR,Eastern Mediterranean,nonpregnant,2000,121.0
Sudan,SDN,Eastern Mediterranean,nonpregnant,2001,121.0
Qatar,QAT,Eastern Mediterranean,nonpregnant,2013,126.0
Finland,FIN,Europe,nonpregnant,2013,132.0
Armenia,ARM,Europe,nonpregnant,2011,130.0
Republic of Moldova,MDA,Europe,nonpregnant,2012,127.0
Peru,PER,Americas,nonpregnant,2000,125.0
Honduras,HND,Americas,nonpregnant,2019,131.0
Ukraine,UKR,Europe,nonpregnant,2011,133.0
Democratic Republic of the Congo,COD,Africa,nonpregnant,2006,119.0
United States of America,USA,Americas,nonpregnant,2002,135.0
Viet Nam,VNM,Western Pacific,nonpregnant,2003,128.0
Monaco,MCO,Europe,nonpregnant,2011,132.0
Bhutan,BTN,South-East Asia,nonpregnant,2004,121.0
Suriname,SUR,Americas,nonpregnant,2006,128.0
Namibia,NAM,Africa,nonpregnant,2007,128.0
Republic of Moldova,MDA,Europe,nonpregnant,2011,127.0
Russian Federation,RUS,Europe,nonpregnant,2017,129.0
Suriname,SUR,Americas,nonpregnant,2012,130.0
Albania,ALB,Europe,nonpregnant,2017,127.0
Italy,ITA,Europe,nonpregnant,2013,131.0
Kyrgyzstan,KGZ,Europe,nonpregnant,2009,124.0
Belize,BLZ,Americas,nonpregnant,2000,127.0
Comoros,COM,Africa,nonpregnant,2011,126.0
Burkina Faso,BFA,Africa,nonpregnant,2016,118.0
Burkina Faso,BFA,Africa,nonpregnant,2015,118.0
South Africa,ZAF,Africa,nonpregnant,2017,127.0
Samoa,WSM,Western Pacific,nonpregnant,2003,129.0
Germany,DEU,Europe,nonpregnant,2002,132.0
Switzerland,CHE,Europe,nonpregnant,2011,132.0
Dominica,DMA,Americas,nonpregnant,2005,129.0
Philippines,PHL,Western Pacific,nonpregnant,2016,131.0
Israel,ISR,Europe,nonpregnant,2006,132.0
Burkina Faso,BFA,Africa,nonpregnant,2002,116.0
Thailand,THA,South-East Asia,nonpregnant,2012,128.0
Serbia,SRB,Europe,nonpregnant,2009,129.0
El Salvador,SLV,Americas,nonpregnant,2009,135.0
Iraq,IRQ,Eastern Mediterranean,nonpregnant,2007,123.0
Denmark,DNK,Europe,nonpregnant,2016,131.0
Vanuatu,VUT,Western Pacific,nonpregnant,2002,127.0
Guyana,GUY,Americas,nonpregnant,2001,121.0
Belize,BLZ,Americas,nonpregnant,2015,130.0
Brunei Darussalam,BRN,Western Pacific,nonpregnant,2009,130.0
India,IND,South-East Asia,nonpregnant,2012,117.0
Ukraine,UKR,Europe,nonpregnant,2004,134.0
El Salvador,SLV,Americas,nonpregnant,2008,136.0
Spain,ESP,Europe,nonpregnant,2017,131.0
Sudan,SDN,Eastern Mediterranean,nonpregnant,2011,123.0
Sudan,SDN,Eastern Mediterranean,nonpregnant,2008,123.0
Mexico,MEX,Americas,nonpregnant,2016,133.0
Algeria,DZA,Africa,nonpregnant,2013,124.0
Armenia,ARM,Europe,nonpregnant,2018,131.0
Bhutan,BTN,South-East Asia,nonpregnant,2006,121.0
Kenya,KEN,Africa,nonpregnant,2011,129.0
Libya,LBY,Eastern Mediterranean,nonpregnant,2016,126.0
Andorra,AND,Europe,nonpregnant,2011,132.0
Saint Vincent and the Grenadines,VCT,Americas,nonpregnant,2010,131.0
Afghanistan,AFG,Eastern Mediterranean,nonpregnant,2018,121.0
Saint Lucia,LCA,Americas,nonpregnant,2006,132.0
Malawi,MWI,Africa,nonpregnant,2002,124.0
Switzerland,CHE,Europe,nonpregnant,2002,132.0
Georgia,GEO,Europe,nonpregnant,2008,126.0
Mongolia,MNG,Western Pacific,nonpregnant,2019,132.0
Chile,CHL,Americas,nonpregnant,2004,134.0
Cyprus,CYP,Europe,nonpregnant,2007,131.0
Czechia,CZE,Europe,nonpregnant,2004,130.0
Palau,PLW,Western Pacific,nonpregnant,2012,127.0
Morocco,MAR,Eastern Mediterranean,nonpregnant,2019,126.0
Czechia,CZE,Europe,nonpregnant,2012,129.0
Bolivia (Plurinational State of),BOL,Americas,nonpregnant,2015,128.0
Peru,PER,Americas,nonpregnant,2006,127.0
Germany,DEU,Europe,nonpregnant,2013,132.0
Palau,PLW,Western Pacific,nonpregnant,2000,127.0
India,IND,South-East Asia,nonpregnant,2017,117.0
Algeria,DZA,Africa,nonpregnant,2012,124.0
Cabo Verde,CPV,Africa,nonpregnant,2009,127.0
Republic of Korea,KOR,Western Pacific,nonpregnant,2018,130.0
Eswatini,SWZ,Africa,nonpregnant,2007,126.0
Italy,ITA,Europe,nonpregnant,2018,131.0
India,IND,South-East Asia,nonpregnant,2007,116.0
Bhutan,BTN,South-East Asia,nonpregnant,2008,122.0
Belize,BLZ,Americas,nonpregnant,2001,127.0
Mongolia,MNG,Western Pacific,nonpregnant,2017,132.0
Honduras,HND,Americas,nonpregnant,2001,130.0
South Sudan,SSD,Africa,nonpregnant,2002,124.0
Gabon,GAB,Africa,nonpregnant,2016,117.0
Chile,CHL,Americas,nonpregnant,2016,134.0
Belize,BLZ,Americas,nonpregnant,2007,129.0
Cambodia,KHM,Western Pacific,nonpregnant,2013,120.0
Viet Nam,VNM,Western Pacific,nonpregnant,2002,127.0
Liberia,LBR,Africa,nonpregnant,2004,119.0
Sierra Leone,SLE,Africa,nonpregnant,2012,120.0
Solomon Islands,SLB,Western Pacific,nonpregnant,2014,123.0
Sierra Leone,SLE,Africa,nonpregnant,2015,120.0
Mauritania,MRT,Africa,nonpregnant,2013,121.0
Greece,GRC,Europe,nonpregnant,2019,130.0
Mali,MLI,Africa,nonpregnant,2005,114.0
Latvia,LVA,Europe,nonpregnant,2017,129.0
Montenegro,MNE,Europe,nonpregnant,2011,131.0
Tuvalu,TUV,Western Pacific,nonpregnant,2003,128.0
Micronesia (Federated States of),FSM,Western Pacific,nonpregnant,2015,129.0
South Africa,ZAF,Africa,nonpregnant,2015,127.0
Saint Lucia,LCA,Americas,nonpregnant,2000,131.0
Sao Tome and Principe,STP,Africa,nonpregnant,2017,121.0
Cambodia,KHM,Western Pacific,nonpregnant,2002,118.0
Burundi,BDI,Africa,nonpregnant,2009,127.0
Ethiopia,ETH,Africa,nonpregnant,2018,129.0
New Zealand,NZL,Western Pacific,nonpregnant,2016,132.0
Morocco,MAR,Eastern Mediterranean,nonpregnant,2000,124.0
Singapore,SGP,Western Pacific,nonpregnant,2012,131.0
Dominica,DMA,Americas,nonpregnant,2015,130.0
Saint Lucia,LCA,Americas,nonpregnant,2004,132.0
Cabo Verde,CPV,Africa,nonpregnant,2007,126.0
Dominican Republic,DOM,Americas,nonpregnant,2017,127.0
India,IND,South-East Asia,nonpregnant,2002,116.0
Thailand,THA,South-East Asia,nonpregnant,2009,128.0
Switzerland,CHE,Europe,nonpregnant,2016,132.0
Mexico,MEX,Americas,nonpregnant,2011,133.0
Liberia,LBR,Africa,nonpregnant,2005,119.0
Czechia,CZE,Europe,nonpregnant,2001,130.0
Ethiopia,ETH,Africa,nonpregnant,2008,129.0
Slovenia,SVN,Europe,nonpregnant,2007,129.0
Luxembourg,LUX,Europe,nonpregnant,2008,133.0
Kyrgyzstan,KGZ,Europe,nonpregnant,2008,124.0
Canada,CAN,Americas,nonpregnant,2018,133.0
Cuba,CUB,Americas,nonpregnant,2007,128.0
Slovenia,SVN,Europe,nonpregnant,2016,129.0
Syrian Arab Republic,SYR,Eastern Mediterranean,nonpregnant,2002,124.0
United Arab Emirates,ARE,Eastern Mediterranean,nonpregnant,2002,128.0
Bahamas,BHS,Americas,nonpregnant,2017,132.0
Kiribati,KIR,Western Pacific,nonpregnant,2001,126.0
Colombia,COL,Americas,nonpregnant,2008,128.0
Poland,POL,Europe,nonpregnant,2018,130.0
Monaco,MCO,Europe,nonpregnant,2006,132.0
Iceland,ISL,Europe,nonpregnant,2017,133.0
Mongolia,MNG,Western Pacific,nonpregnant,2001,132.0
Georgia,GEO,Europe,nonpregnant,2006,126.0
Haiti,HTI,Americas,nonpregnant,2013,119.0
United Republic of Tanzania,TZA,Africa,nonpregnant,2017,123.0
Israel,ISR,Europe,nonpregnant,2018,132.0
Bulgaria,BGR,Europe,nonpregnant,2013,128.0
Dominican Republic,DOM,Americas,nonpregnant,2018,127.0
Angola,AGO,Africa,nonpregnant,2012,121.0
Zimbabwe,ZWE,Africa,nonpregnant,2011,127.0
Serbia,SRB,Europe,nonpregnant,2016,129.0
Bahamas,BHS,Americas,nonpregnant,2007,132.0
Ecuador,ECU,Americas,nonpregnant,2015,129.0
Latvia,LVA,Europe,nonpregnant,2003,128.0
Cabo Verde,CPV,Africa,nonpregnant,2013,127.0
Honduras,HND,Americas,nonpregnant,2006,131.0
Benin,BEN,Africa,nonpregnant,2003,114.0
Eswatini,SWZ,Africa,nonpregnant,2019,126.0
Iran (Islamic Republic of),IRN,Eastern Mediterranean,nonpregnant,2014,128.0
Honduras,HND,Americas,nonpregnant,2017,131.0
Canada,CAN,Americas,nonpregnant,2017,133.0
Belarus,BLR,Europe,nonpregnant,2013,130.0
Austria,AUT,Europe,nonpregnant,2005,132.0
Ireland,IRL,Europe,nonpregnant,2010,132.0
Gabon,GAB,Africa,nonpregnant,2000,115.0
Lebanon,LBN,Eastern Mediterranean,nonpregnant,2000,127.0
Zambia,ZMB,Africa,nonpregnant,2004,125.0
Mauritius,MUS,Africa,nonpregnant,2002,132.0
United Republic of Tanzania,TZA,Africa,nonpregnant,2003,120.0
Seychelles,SYC,Africa,nonpregnant,2015,129.0
Syrian Arab Republic,SYR,Eastern Mediterranean,nonpregnant,2015,125.0
Nicaragua,NIC,Americas,nonpregnant,2018,132.0
Peru,PER,Americas,nonpregnant,2013,129.0
Israel,ISR,Europe,nonpregnant,2019,131.0
Bahamas,BHS,Americas,nonpregnant,2014,133.0
Ecuador,ECU,Americas,nonpregnant,2012,129.0
Brazil,BRA,Americas,nonpregnant,2016,132.0
Slovakia,SVK,Europe,nonpregnant,2000,128.0
Central African Republic,CAF,Africa,nonpregnant,2017,120.0
Guinea,GIN,Africa,nonpregnant,2005,118.0
Bosnia and Herzegovina,BIH,Europe,nonpregnant,2009,128.0
Libya,LBY,Eastern Mediterranean,nonpregnant,2007,126.0
"occupied Palestinian territory, including east Jerusalem",PSE,Eastern Mediterranean,nonpregnant,2009,127.0
Algeria,DZA,Africa,nonpregnant,2009,124.0
Madagascar,MDG,Africa,nonpregnant,2004,122.0
Iceland,ISL,Europe,nonpregnant,2019,132.0
Viet Nam,VNM,Western Pacific,nonpregnant,2013,130.0
Bhutan,BTN,South-East Asia,nonpregnant,2002,121.0
Turkmenistan,TKM,Europe,nonpregnant,2019,127.0
New Zealand,NZL,Western Pacific,nonpregnant,2008,133.0
Saint Vincent and the Grenadines,VCT,Americas,nonpregnant,2016,132.0
Togo,TGO,Africa,nonpregnant,2016,120.0
Tunisia,TUN,Eastern Mediterranean,nonpregnant,2006,125.0
Bhutan,BTN,South-East Asia,nonpregnant,2000,120.0
Saint Lucia,LCA,Americas,nonpregnant,2017,133.0
Oman,OMN,Eastern Mediterranean,nonpregnant,2000,123.0
Lesotho,LSO,Africa,nonpregnant,2014,128.0
Central African Republic,CAF,Africa,nonpregnant,2016,120.0
Czechia,CZE,Europe,nonpregnant,2006,130.0
Solomon Islands,SLB,Western Pacific,nonpregnant,2018,123.0
Australia,AUS,Western Pacific,nonpregnant,2018,134.0
Solomon Islands,SLB,Western Pacific,nonpregnant,2005,122.0
Chad,TCD,Africa,nonpregnant,2010,118.0
Portugal,PRT,Europe,nonpregnant,2003,132.0
Burundi,BDI,Africa,nonpregnant,2006,127.0
Brunei Darussalam,BRN,Western Pacific,nonpregnant,2005,130.0
Ecuador,ECU,Americas,nonpregnant,2005,128.0
Angola,AGO,Africa,nonpregnant,2014,121.0
Malta,MLT,Europe,nonpregnant,2014,131.0
Guatemala,GTM,Americas,nonpregnant,2013,136.0
Chile,CHL,Americas,nonpregnant,2000,134.0
Norway,NOR,Europe,nonpregnant,2005,132.0
Kazakhstan,KAZ,Europe,nonpregnant,2008,126.0
Cote d'Ivoire,CIV,Africa,nonpregnant,2011,118.0
Malawi,MWI,Africa,nonpregnant,2008,126.0
Cambodia,KHM,Western Pacific,nonpregnant,2017,120.0
Palau,PLW,Western Pacific,nonpregnant,2011,127.0
Serbia,SRB,Europe,nonpregnant,2014,129.0
Dominica,DMA,Americas,nonpregnant,2006,129.0
Rwanda,RWA,Africa,nonpregnant,2014,132.0
Bulgaria,BGR,Europe,nonpregnant,2000,128.0
Grenada,GRD,Americas,nonpregnant,2014,131.0
Iraq,IRQ,Eastern Mediterranean,nonpregnant,2012,124.0
France,FRA,Europe,nonpregnant,2010,133.0
Kenya,KEN,Africa,nonpregnant,2000,124.0
Croatia,HRV,Europe,nonpregnant,2016,129.0
Brunei Darussalam,BRN,Western Pacific,nonpregnant,2012,131.0
Denmark,DNK,Europe,nonpregnant,2017,131.0
Burundi,BDI,Africa,nonpregnant,2015,126.0
Sweden,SWE,Europe,nonpregnant,2012,131.0
Qatar,QAT,Eastern Mediterranean,nonpregnant,2002,125.0
Grenada,GRD,Americas,nonpregnant,2005,129.0
Bulgaria,BGR,Europe,nonpregnant,2019,128.0
Tajikistan,TJK,Europe,nonpregnant,2002,123.0
Botswana,BWA,Africa,nonpregnant,2015,125.0
Naoero,NRU,Western Pacific,nonpregnant,2004,126.0
Sierra Leone,SLE,Africa,nonpregnant,2004,118.0
South Africa,ZAF,Africa,nonpregnant,2007,126.0
Sao Tome and Principe,STP,Africa,nonpregnant,2001,118.0
Mauritania,MRT,Africa,nonpregnant,2015,121.0
Philippines,PHL,Western Pacific,nonpregnant,2000,127.0
Bosnia and Herzegovina,BIH,Europe,nonpregnant,2018,128.0
Canada,CAN,Americas,nonpregnant,2016,133.0
Ecuador,ECU,Americas,nonpregnant,2000,127.0
Canada,CAN,Americas,nonpregnant,2004,133.0
Kuwait,KWT,Eastern Mediterranean,nonpregnant,2006,130.0
Belgium,BEL,Europe,nonpregnant,2018,131.0
Egypt,EGY,Eastern Mediterranean,nonpregnant,2004,124.0
Chad,TCD,Africa,nonpregnant,2007,118.0
Djibouti,DJI,Eastern Mediterranean,nonpregnant,2002,125.0
Nicaragua,NIC,Americas,nonpregnant,2002,130.0
Japan,JPN,Western Pacific,nonpregnant,2016,128.0
Belize,BLZ,Americas,nonpregnant,2006,128.0
Egypt,EGY,Eastern Mediterranean,nonpregnant,2003,124.0
Central African Republic,CAF,Africa,nonpregnant,2019,120.0
Togo,TGO,Africa,nonpregnant,2013,120.0
Luxembourg,LUX,Europe,nonpregnant,2011,133.0
South Africa,ZAF,Africa,nonpregnant,2013,127.0
Niue,NIU,Western Pacific,nonpregnant,2016,127.0
Poland,POL,Europe,nonpregnant,2009,130.0
Bangladesh,BGD,South-East Asia,nonpregnant,2017,123.0
Monaco,MCO,Europe,nonpregnant,2007,132.0
South Africa,ZAF,Africa,nonpregnant,2004,125.0
Timor-Leste,TLS,South-East Asia,nonpregnant,2015,126.0
Haiti,HTI,Americas,nonpregnant,2004,117.0
Eritrea,ERI,Africa,nonpregnant,2003,123.0
Democratic Republic of the Congo,COD,Africa,nonpregnant,2009,120.0
Djibouti,DJI,Eastern Mediterranean,nonpregnant,2016,126.0
Ecuador,ECU,Americas,nonpregnant,2003,127.0
Cote d'Ivoire,CIV,Africa,nonpregnant,2004,117.0
El Salvador,SLV,Americas,nonpregnant,2001,136.0
Argentina,ARG,Americas,nonpregnant,2012,132.0
Paraguay,PRY,Americas,nonpregnant,2004,129.0
Slovakia,SVK,Europe,nonpregnant,2001,128.0
Canada,CAN,Americas,nonpregnant,2019,132.0
New Zealand,NZL,Western Pacific,nonpregnant,2019,132.0
Mongolia,MNG,Western Pacific,nonpregnant,2003,132.0
Costa Rica,CRI,Americas,nonpregnant,2010,132.0
Cook Islands,COK,Western Pacific,nonpregnant,2016,127.0
Uganda,UGA,Africa,nonpregnant,2015,127.0
United Kingdom of Great Britain and Northern Ireland,GBR,Europe,nonpregnant,2007,133.0
Uzbekistan,UZB,Europe,nonpregnant,2000,119.0
Timor-Leste,TLS,South-East Asia,nonpregnant,2004,125.0
Venezuela (Bolivarian Republic of),VEN,Americas,nonpregnant,2017,128.0
Turkmenistan,TKM,Europe,nonpregnant,2017,127.0
Tunisia,TUN,Eastern Mediterranean,nonpregnant,2003,125.0
Bosnia and Herzegovina,BIH,Europe,nonpregnant,2000,128.0
Brunei Darussalam,BRN,Western Pacific,nonpregnant,2007,130.0
United Republic of Tanzania,TZA,Africa,nonpregnant,2011,122.0
Republic of Korea,KOR,Western Pacific,nonpregnant,2015,130.0
Seychelles,SYC,Africa,nonpregnant,2008,128.0
Viet Nam,VNM,Western Pacific,nonpregnant,2005,129.0
Netherlands (Kingdom of the),NLD,Europe,nonpregnant,2016,131.0
Mozambique,MOZ,Africa,nonpregnant,2009,119.0
Italy,ITA,Europe,nonpregnant,2016,131.0
Morocco,MAR,Eastern Mediterranean,nonpregnant,2015,126.0
Malawi,MWI,Africa,nonpregnant,2005,125.0
Zambia,ZMB,Africa,nonpregnant,2007,126.0
Sao Tome and Principe,STP,Africa,nonpregnant,2006,119.0
Benin,BEN,Africa,nonpregnant,2005,115.0
Estonia,EST,Europe,nonpregnant,2019,129.0
Marshall Islands,MHL,Western Pacific,nonpregnant,2007,126.0
Uganda,UGA,Africa,nonpregnant,2017,126.0
Cyprus,CYP,Europe,nonpregnant,2006,131.0
Rwanda,RWA,Africa,nonpregnant,2017,132.0
Fiji,FJI,Western Pacific,nonpregnant,2001,124.0
Saint Vincent and the Grenadines,VCT,Americas,nonpregnant,2017,132.0
Timor-Leste,TLS,South-East Asia,nonpregnant,2001,124.0
Cyprus,CYP,Europe,nonpregnant,2008,131.0
Guinea,GIN,Africa,nonpregnant,2001,118.0
Viet Nam,VNM,Western Pacific,nonpregnant,2001,127.0
Costa Rica,CRI,Americas,nonpregnant,2008,132.0
Andorra,AND,Europe,nonpregnant,2006,132.0
Ecuador,ECU,Americas,nonpregnant,2018,129.0
Montenegro,MNE,Europe,nonpregnant,2017,131.0
Gambia,GMB,Africa,nonpregnant,2018,119.0
Finland,FIN,Europe,nonpregnant,2014,132.0
Senegal,SEN,Africa,nonpregnant,2012,116.0
Sudan,SDN,Eastern Mediterranean,nonpregnant,2013,123.0
Cook Islands,COK,Western Pacific,nonpregnant,2018,127.0
Guyana,GUY,Americas,nonpregnant,2010,124.0
Georgia,GEO,Europe,nonpregnant,2017,127.0
Eritrea,ERI,Africa,nonpregnant,2013,124.0
Afghanistan,AFG,Eastern Mediterranean,nonpregnant,2010,123.0
United States of America,USA,Americas,nonpregnant,2005,135.0
Croatia,HRV,Europe,nonpregnant,2005,129.0
Montenegro,MNE,Europe,nonpregnant,2015,131.0
Maldives,MDV,South-East Asia,nonpregnant,2018,118.0
Barbados,BRB,Americas,nonpregnant,2019,131.0
Democratic Republic of the Congo,COD,Africa,nonpregnant,2008,119.0
Algeria,DZA,Africa,nonpregnant,2008,124.0
Lesotho,LSO,Africa,nonpregnant,2012,128.0
Jamaica,JAM,Americas,nonpregnant,2019,130.0
Armenia,ARM,Europe,nonpregnant,2012,130.0
Netherlands (Kingdom of the),NLD,Europe,nonpregnant,2005,132.0
Central African Republic,CAF,Africa,nonpregnant,2004,119.0
Oman,OMN,Eastern Mediterranean,nonpregnant,2002,124.0
Comoros,COM,Africa,nonpregnant,2012,126.0
Somalia,SOM,Eastern Mediterranean,nonpregnant,2012,121.0
Slovakia,SVK,Europe,nonpregnant,2010,128.0
Colombia,COL,Americas,nonpregnant,2002,126.0
Georgia,GEO,Europe,nonpregnant,2010,126.0
Paraguay,PRY,Americas,nonpregnant,2017,128.0
Ireland,IRL,Europe,nonpregnant,2018,132.0
North Macedonia,MKD,Europe,nonpregnant,2016,130.0
United Republic of Tanzania,TZA,Africa,nonpregnant,2019,123.0
Albania,ALB,Europe,nonpregnant,2016,128.0
Kuwait,KWT,Eastern Mediterranean,nonpregnant,2003,129.0
Bangladesh,BGD,South-East Asia,nonpregnant,2018,123.0
Republic of Moldova,MDA,Europe,nonpregnant,2006,127.0
Costa Rica,CRI,Americas,nonpregnant,2017,132.0
Brazil,BRA,Americas,nonpregnant,2019,132.0
Mozambique,MOZ,Africa,nonpregnant,2019,120.0
Botswana,BWA,Africa,nonpregnant,2010,125.0
Uzbekistan,UZB,Europe,nonpregnant,2006,123.0
Papua New Guinea,PNG,Western Pacific,nonpregnant,2008,126.0
Jordan,JOR,Eastern Mediterranean,nonpregnant,2015,125.0
Mongolia,MNG,Western Pacific,nonpregnant,2009,132.0
Norway,NOR,Europe,nonpregnant,2002,132.0
Rwanda,RWA,Africa,nonpregnant,2013,132.0
Montenegro,MNE,Europe,nonpregnant,2004,132.0
Democratic Republic of the Congo,COD,Africa,nonpregnant,2005,118.0
China,CHN,Western Pacific,nonpregnant,2014,133.0
Hungary,HUN,Europe,nonpregnant,2003,130.0
Israel,ISR,Europe,nonpregnant,2016,132.0
Sri Lanka,LKA,South-East Asia,nonpregnant,2019,124.0
Liberia,LBR,Africa,nonpregnant,2012,121.0
Myanmar,MMR,South-East Asia,nonpregnant,2013,122.0
Lebanon,LBN,Eastern Mediterranean,nonpregnant,2007,127.0
Samoa,WSM,Western Pacific,nonpregnant,2011,129.0
Sierra Leone,SLE,Africa,nonpregnant,2003,118.0
Andorra,AND,Europe,nonpregnant,2010,132.0
Gabon,GAB,Africa,nonpregnant,2006,115.0
Mozambique,MOZ,Africa,nonpregnant,2018,120.0
Colombia,COL,Americas,nonpregnant,2003,126.0
Nicaragua,NIC,Americas,nonpregnant,2004,131.0
Congo,COG,Africa,nonpregnant,2015,119.0
Malta,MLT,Europe,nonpregnant,2015,131.0
Belgium,BEL,Europe,nonpregnant,2007,132.0
South Sudan,SSD,Africa,nonpregnant,2009,125.0
Democratic People's Republic of Korea,PRK,South-East Asia,nonpregnant,2004,125.0
Myanmar,MMR,South-East Asia,nonpregnant,2002,120.0
Argentina,ARG,Americas,nonpregnant,2017,133.0
Greece,GRC,Europe,nonpregnant,2015,131.0
Congo,COG,Africa,nonpregnant,2011,118.0
Bhutan,BTN,South-East Asia,nonpregnant,2009,122.0
Vanuatu,VUT,Western Pacific,nonpregnant,2000,126.0
Sudan,SDN,Eastern Mediterranean,nonpregnant,2006,122.0
Malaysia,MYS,Western Pacific,nonpregnant,2009,125.0
Cote d'Ivoire,CIV,Africa,nonpregnant,2017,118.0
Monaco,MCO,Europe,nonpregnant,2000,132.0
Türkiye,TUR,Europe,nonpregnant,2006,124.0
Fiji,FJI,Western Pacific,nonpregnant,2006,124.0
Sierra Leone,SLE,Africa,nonpregnant,2016,120.0
Papua New Guinea,PNG,Western Pacific,nonpregnant,2004,126.0
Ukraine,UKR,Europe,nonpregnant,2002,134.0
Kuwait,KWT,Eastern Mediterranean,nonpregnant,2010,129.0
Indonesia,IDN,Western Pacific,nonpregnant,2014,126.0
Estonia,EST,Europe,nonpregnant,2006,129.0
Kuwait,KWT,Eastern Mediterranean,nonpregnant,2002,129.0
Bahamas,BHS,Americas,nonpregnant,2008,132.0
Sierra Leone,SLE,Africa,nonpregnant,2008,119.0
Gabon,GAB,Africa,nonpregnant,2019,118.0
Ecuador,ECU,Americas,nonpregnant,2014,129.0
Tuvalu,TUV,Western Pacific,nonpregnant,2001,128.0
Myanmar,MMR,South-East Asia,nonpregnant,2003,120.0
Iran (Islamic Republic of),IRN,Eastern Mediterranean,nonpregnant,2005,128.0
Norway,NOR,Europe,nonpregnant,2017,132.0
Switzerland,CHE,Europe,nonpregnant,2013,132.0
Australia,AUS,Western Pacific,nonpregnant,2011,134.0
Sao Tome and Principe,STP,Africa,nonpregnant,2004,119.0
Maldives,MDV,South-East Asia,nonpregnant,2009,121.0
Niger,NER,Africa,nonpregnant,2002,119.0
Nepal,NPL,South-East Asia,nonpregnant,2016,124.0
Slovenia,SVN,Europe,nonpregnant,2000,129.0
Kiribati,KIR,Western Pacific,nonpregnant,2015,126.0
Iran (Islamic Republic of),IRN,Eastern Mediterranean,nonpregnant,2018,128.0
Slovakia,SVK,Europe,nonpregnant,2002,128.0
Mauritania,MRT,Africa,nonpregnant,2012,121.0
Kyrgyzstan,KGZ,Europe,nonpregnant,2003,123.0
Naoero,NRU,Western Pacific,nonpregnant,2002,127.0
Germany,DEU,Europe,nonpregnant,2003,132.0
Seychelles,SYC,Africa,nonpregnant,2010,129.0
Uganda,UGA,Africa,nonpregnant,2014,127.0
Guatemala,GTM,Americas,nonpregnant,2017,137.0
Mongolia,MNG,Western Pacific,nonpregnant,2008,132.0
Bosnia and Herzegovina,BIH,Europe,nonpregnant,2006,128.0
Russian Federation,RUS,Europe,nonpregnant,2012,129.0
Bahrain,BHR,Eastern Mediterranean,nonpregnant,2001,121.0
Spain,ESP,Europe,nonpregnant,2006,132.0
Iraq,IRQ,Eastern Mediterranean,nonpregnant,2009,123.0
Austria,AUT,Europe,nonpregnant,2009,132.0
Guinea,GIN,Africa,nonpregnant,2008,118.0
Malta,MLT,Europe,nonpregnant,2012,131.0
Somalia,SOM,Eastern Mediterranean,nonpregnant,2011,121.0
Uganda,UGA,Africa,nonpregnant,2007,126.0
Cyprus,CYP,Europe,nonpregnant,2005,131.0
San Marino,SMR,Europe,nonpregnant,2010,132.0
Burundi,BDI,Africa,nonpregnant,2011,127.0
Belgium,BEL,Europe,nonpregnant,2010,132.0
Croatia,HRV,Europe,nonpregnant,2006,129.0
Panama,PAN,Americas,nonpregnant,2011,129.0
Argentina,ARG,Americas,nonpregnant,2011,132.0
Eswatini,SWZ,Africa,nonpregnant,2010,127.0
Iraq,IRQ,Eastern Mediterranean,nonpregnant,2013,125.0
Germany,DEU,Europe,nonpregnant,2012,132.0
United States of America,USA,Americas,nonpregnant,2019,132.0
Venezuela (Bolivarian Republic of),VEN,Americas,nonpregnant,2014,129.0
Micronesia (Federated States of),FSM,Western Pacific,nonpregnant,2000,130.0
Niue,NIU,Western Pacific,nonpregnant,2006,127.0
Nigeria,NGA,Africa,nonpregnant,2012,117.0
Niger,NER,Africa,nonpregnant,2006,119.0
Georgia,GEO,Europe,nonpregnant,2002,125.0
Trinidad and Tobago,TTO,Americas,nonpregnant,2016,131.0
Montenegro,MNE,Europe,nonpregnant,2000,132.0
Guatemala,GTM,Americas,nonpregnant,2007,133.0
Togo,TGO,Africa,nonpregnant,2002,119.0
Papua New Guinea,PNG,Western Pacific,nonpregnant,2001,126.0
Vanuatu,VUT,Western Pacific,nonpregnant,2009,128.0
Nepal,NPL,South-East Asia,nonpregnant,2012,124.0
Slovakia,SVK,Europe,nonpregnant,2012,128.0
Chad,TCD,Africa,nonpregnant,2004,118.0
Cabo Verde,CPV,Africa,nonpregnant,2012,127.0
Trinidad and Tobago,TTO,Americas,nonpregnant,2006,129.0
Serbia,SRB,Europe,nonpregnant,2019,128.0
Switzerland,CHE,Europe,nonpregnant,2005,132.0
Mexico,MEX,Americas,nonpregnant,2003,131.0
Fiji,FJI,Western Pacific,nonpregnant,2016,124.0
Senegal,SEN,Africa,nonpregnant,2010,115.0
Indonesia,IDN,Western Pacific,nonpregnant,2010,126.0
Papua New Guinea,PNG,Western Pacific,nonpregnant,2019,125.0
Angola,AGO,Africa,nonpregnant,2007,119.0
Ecuador,ECU,Americas,nonpregnant,2004,128.0
Denmark,DNK,Europe,nonpregnant,2014,131.0
Dominica,DMA,Americas,nonpregnant,2001,128.0
Tunisia,TUN,Eastern Mediterranean,nonpregnant,2009,125.0
Guinea,GIN,Africa,nonpregnant,2017,119.0
Guinea-Bissau,GNB,Africa,nonpregnant,2018,120.0
Palau,PLW,Western Pacific,nonpregnant,2016,126.0
United Arab Emirates,ARE,Eastern Mediterranean,nonpregnant,2003,128.0
Albania,ALB,Europe,nonpregnant,2005,128.0
Slovakia,SVK,Europe,nonpregnant,2004,128.0
Gabon,GAB,Africa,nonpregnant,2004,115.0
Trinidad and Tobago,TTO,Americas,nonpregnant,2010,130.0
Guinea-Bissau,GNB,Africa,nonpregnant,2006,118.0
Ethiopia,ETH,Africa,nonpregnant,2007,129.0
Yemen,YEM,Eastern Mediterranean,nonpregnant,2004,111.0
Lao People's Democratic Republic,LAO,Western Pacific,nonpregnant,2016,123.0
Angola,AGO,Africa,nonpregnant,2001,118.0
Norway,NOR,Europe,nonpregnant,2000,132.0
Niue,NIU,Western Pacific,nonpregnant,2008,127.0
Slovakia,SVK,Europe,nonpregnant,2009,128.0
Sierra Leone,SLE,Africa,nonpregnant,2011,120.0
Jordan,JOR,Eastern Mediterranean,nonpregnant,2012,126.0
Burundi,BDI,Africa,nonpregnant,2013,127.0
Rwanda,RWA,Africa,nonpregnant,2008,131.0
New Zealand,NZL,Western Pacific,nonpregnant,2000,134.0
Malawi,MWI,Africa,nonpregnant,2014,127.0
Kenya,KEN,Africa,nonpregnant,2013,129.0
Kenya,KEN,Africa,nonpregnant,2014,129.0
Madagascar,MDG,Africa,nonpregnant,2009,124.0
Rwanda,RWA,Africa,nonpregnant,2019,132.0
Montenegro,MNE,Europe,nonpregnant,2010,131.0
Niger,NER,Africa,nonpregnant,2000,118.0
Togo,TGO,Africa,nonpregnant,2018,121.0
Germany,DEU,Europe,nonpregnant,2011,132.0
Nicaragua,NIC,Americas,nonpregnant,2010,132.0
Colombia,COL,Americas,nonpregnant,2001,126.0
Syrian Arab Republic,SYR,Eastern Mediterranean,nonpregnant,2000,123.0
Micronesia (Federated States of),FSM,Western Pacific,nonpregnant,2009,129.0
Marshall Islands,MHL,Western Pacific,nonpregnant,2017,126.0
India,IND,South-East Asia,nonpregnant,2015,117.0
Liberia,LBR,Africa,nonpregnant,2019,122.0
Rwanda,RWA,Africa,nonpregnant,2003,130.0
Luxembourg,LUX,Europe,nonpregnant,2015,133.0
Nicaragua,NIC,Americas,nonpregnant,2006,131.0
Hungary,HUN,Europe,nonpregnant,2011,129.0
Indonesia,IDN,Western Pacific,nonpregnant,2009,126.0
Bosnia and Herzegovina,BIH,Europe,nonpregnant,2001,128.0
Poland,POL,Europe,nonpregnant,2006,130.0
United Kingdom of Great Britain and Northern Ireland,GBR,Europe,nonpregnant,2003,133.0
Czechia,CZE,Europe,nonpregnant,2018,129.0
Trinidad and Tobago,TTO,Americas,nonpregnant,2004,129.0
Japan,JPN,Western Pacific,nonpregnant,2006,127.0
Montenegro,MNE,Europe,nonpregnant,2005,131.0
Bhutan,BTN,South-East Asia,nonpregnant,2019,123.0
Nigeria,NGA,Africa,nonpregnant,2010,117.0
Democratic Republic of the Congo,COD,Africa,nonpregnant,2011,120.0
Rwanda,RWA,Africa,nonpregnant,2001,129.0
Burkina Faso,BFA,Africa,nonpregnant,2014,118.0
Slovenia,SVN,Europe,nonpregnant,2005,129.0
United States of America,USA,Americas,nonpregnant,2000,135.0
Egypt,EGY,Eastern Mediterranean,nonpregnant,2015,126.0
Belgium,BEL,Europe,nonpregnant,2019,131.0
Zambia,ZMB,Africa,nonpregnant,2005,125.0
Jamaica,JAM,Americas,nonpregnant,2005,129.0
Spain,ESP,Europe,nonpregnant,2014,131.0
Tajikistan,TJK,Europe,nonpregnant,2013,125.0
Maldives,MDV,South-East Asia,nonpregnant,2017,119.0
Iraq,IRQ,Eastern Mediterranean,nonpregnant,2011,124.0
Zimbabwe,ZWE,Africa,nonpregnant,2010,126.0
Nepal,NPL,South-East Asia,nonpregnant,2005,123.0
Germany,DEU,Europe,nonpregnant,2018,132.0
Pakistan,PAK,Eastern Mediterranean,nonpregnant,2002,121.0
Lebanon,LBN,Eastern Mediterranean,nonpregnant,2004,127.0
Morocco,MAR,Eastern Mediterranean,nonpregnant,2016,126.0
Somalia,SOM,Eastern Mediterranean,nonpregnant,2000,120.0
Saint Vincent and the Grenadines,VCT,Americas,nonpregnant,2003,129.0
Slovakia,SVK,Europe,nonpregnant,2014,128.0
Cook Islands,COK,Western Pacific,nonpregnant,2006,127.0
Cyprus,CYP,Europe,nonpregnant,2016,131.0
France,FRA,Europe,nonpregnant,2002,133.0
Libya,LBY,Eastern Mediterranean,nonpregnant,2019,126.0
Honduras,HND,Americas,nonpregnant,2008,131.0
Iraq,IRQ,Eastern Mediterranean,nonpregnant,2002,121.0
Latvia,LVA,Europe,nonpregnant,2002,128.0
United Kingdom of Great Britain and Northern Ireland,GBR,Europe,nonpregnant,2012,132.0
Albania,ALB,Europe,nonpregnant,2011,128.0
Bolivia (Plurinational State of),BOL,Americas,nonpregnant,2012,127.0
Cote d'Ivoire,CIV,Africa,nonpregnant,2009,118.0
Saint Kitts and Nevis,KNA,Americas,nonpregnant,2008,131.0
Zambia,ZMB,Africa,nonpregnant,2012,127.0
Bahamas,BHS,Americas,nonpregnant,2018,132.0
Saint Lucia,LCA,Americas,nonpregnant,2015,133.0
Italy,ITA,Europe,nonpregnant,2019,131.0
Sudan,SDN,Eastern Mediterranean,nonpregnant,2004,122.0
Indonesia,IDN,Western Pacific,nonpregnant,2000,124.0
Sao Tome and Principe,STP,Africa,nonpregnant,2011,120.0
Gabon,GAB,Africa,nonpregnant,2012,117.0
Costa Rica,CRI,Americas,nonpregnant,2013,132.0
Botswana,BWA,Africa,nonpregnant,2019,125.0
South Sudan,SSD,Africa,nonpregnant,2006,124.0
Namibia,NAM,Africa,nonpregnant,2013,129.0
Syrian Arab Republic,SYR,Eastern Mediterranean,nonpregnant,2010,125.0
Mali,MLI,Africa,nonpregnant,2008,115.0
Poland,POL,Europe,nonpregnant,2000,130.0
Azerbaijan,AZE,Europe,nonpregnant,2000,121.0
Japan,JPN,Western Pacific,nonpregnant,2001,127.0
Afghanistan,AFG,Eastern Mediterranean,nonpregnant,2017,122.0
Monaco,MCO,Europe,nonpregnant,2004,132.0
Romania,ROU,Europe,nonpregnant,2019,128.0
Tonga,TON,Western Pacific,nonpregnant,2018,127.0
Iran (Islamic Republic of),IRN,Eastern Mediterranean,nonpregnant,2019,128.0
Lesotho,LSO,Africa,nonpregnant,2008,127.0
Mauritius,MUS,Africa,nonpregnant,2018,129.0
Myanmar,MMR,South-East Asia,nonpregnant,2011,122.0
United Kingdom of Great Britain and Northern Ireland,GBR,Europe,nonpregnant,2013,132.0
China,CHN,Western Pacific,nonpregnant,2015,133.0
Romania,ROU,Europe,nonpregnant,2013,128.0
Poland,POL,Europe,nonpregnant,2013,130.0
Yemen,YEM,Eastern Mediterranean,nonpregnant,2014,113.0
Fiji,FJI,Western Pacific,nonpregnant,2012,124.0
Venezuela (Bolivarian Republic of),VEN,Americas,nonpregnant,2015,129.0
Czechia,CZE,Europe,nonpregnant,2016,129.0
Denmark,DNK,Europe,nonpregnant,2000,131.0
Comoros,COM,Africa,nonpregnant,2000,124.0
Lao People's Democratic Republic,LAO,Western Pacific,nonpregnant,2019,123.0
Andorra,AND,Europe,nonpregnant,2001,132.0
Zambia,ZMB,Africa,nonpregnant,2011,127.0
Bahamas,BHS,Americas,nonpregnant,2015,133.0
Türkiye,TUR,Europe,nonpregnant,2015,126.0
Peru,PER,Americas,nonpregnant,2001,125.0
Morocco,MAR,Eastern Mediterranean,nonpregnant,2014,126.0
Uganda,UGA,Africa,nonpregnant,2013,127.0
Vanuatu,VUT,Western Pacific,nonpregnant,2006,128.0
Dominica,DMA,Americas,nonpregnant,2000,128.0
Mali,MLI,Africa,nonpregnant,2015,116.0
Niger,NER,Africa,nonpregnant,2013,119.0
Ireland,IRL,Europe,nonpregnant,2017,132.0
Kenya,KEN,Africa,nonpregnant,2006,127.0
Zimbabwe,ZWE,Africa,nonpregnant,2001,125.0
Guinea-Bissau,GNB,Africa,nonpregnant,2002,117.0
Canada,CAN,Americas,nonpregnant,2013,133.0
Burundi,BDI,Africa,nonpregnant,2007,127.0
Zambia,ZMB,Africa,nonpregnant,2003,125.0
Central African Republic,CAF,Africa,nonpregnant,2018,120.0
Mongolia,MNG,Western Pacific,nonpregnant,2004,131.0
Burundi,BDI,Africa,nonpregnant,2004,126.0
Uzbekistan,UZB,Europe,nonpregnant,2005,122.0
Jordan,JOR,Eastern Mediterranean,nonpregnant,2001,126.0
Jordan,JOR,Eastern Mediterranean,nonpregnant,2011,126.0
Malaysia,MYS,Western Pacific,nonpregnant,2005,124.0
Cabo Verde,CPV,Africa,nonpregnant,2016,128.0
Turkmenistan,TKM,Europe,nonpregnant,2006,126.0
Samoa,WSM,Western Pacific,nonpregnant,2005,129.0
Vanuatu,VUT,Western Pacific,nonpregnant,2007,128.0
Viet Nam,VNM,Western Pacific,nonpregnant,2004,128.0
Mongolia,MNG,Western Pacific,nonpregnant,2007,132.0
Monaco,MCO,Europe,nonpregnant,2017,132.0
Israel,ISR,Europe,nonpregnant,2013,132.0
Sri Lanka,LKA,South-East Asia,nonpregnant,2001,123.0
Guatemala,GTM,Americas,nonpregnant,2008,133.0
Ghana,GHA,Africa,nonpregnant,2017,123.0
Micronesia (Federated States of),FSM,Western Pacific,nonpregnant,2006,129.0
Montenegro,MNE,Europe,nonpregnant,2006,131.0
New Zealand,NZL,Western Pacific,nonpregnant,2015,132.0
Israel,ISR,Europe,nonpregnant,2001,132.0
Marshall Islands,MHL,Western Pacific,nonpregnant,2000,126.0
Kenya,KEN,Africa,nonpregnant,2004,126.0
Montenegro,MNE,Europe,nonpregnant,2007,131.0
Venezuela (Bolivarian Republic of),VEN,Americas,nonpregnant,2019,128.0
Democratic People's Republic of Korea,PRK,South-East Asia,nonpregnant,2009,125.0
Saint Vincent and the Grenadines,VCT,Americas,nonpregnant,2012,132.0
Papua New Guinea,PNG,Western Pacific,nonpregnant,2013,126.0
Montenegro,MNE,Europe,nonpregnant,2014,131.0
Slovenia,SVN,Europe,nonpregnant,2012,129.0
Dominican Republic,DOM,Americas,nonpregnant,2012,127.0
Cabo Verde,CPV,Africa,nonpregnant,2019,128.0
Italy,ITA,Europe,nonpregnant,2015,131.0
South Africa,ZAF,Africa,nonpregnant,2010,127.0
Serbia,SRB,Europe,nonpregnant,2004,129.0
Lesotho,LSO,Africa,nonpregnant,2000,124.0
Grenada,GRD,Americas,nonpregnant,2003,129.0
Bosnia and Herzegovina,BIH,Europe,nonpregnant,2004,128.0
Naoero,NRU,Western Pacific,nonpregnant,2014,126.0
Rwanda,RWA,Africa,nonpregnant,2004,130.0
Saint Vincent and the Grenadines,VCT,Americas,nonpregnant,2019,132.0
Gabon,GAB,Africa,nonpregnant,2013,117.0
Bosnia and Herzegovina,BIH,Europe,nonpregnant,2017,128.0
Canada,CAN,Americas,nonpregnant,2014,133.0
Finland,FIN,Europe,nonpregnant,2006,133.0
Botswana,BWA,Africa,nonpregnant,2013,126.0
Iran (Islamic Republic of),IRN,Eastern Mediterranean,nonpregnant,2008,128.0
South Sudan,SSD,Africa,nonpregnant,2015,125.0
Slovakia,SVK,Europe,nonpregnant,2005,128.0
Dominica,DMA,Americas,nonpregnant,2002,128.0
Montenegro,MNE,Europe,nonpregnant,2013,131.0
Chile,CHL,Americas,nonpregnant,2015,134.0
Georgia,GEO,Europe,nonpregnant,2015,127.0
Madagascar,MDG,Africa,nonpregnant,2013,124.0
Ukraine,UKR,Europe,nonpregnant,2013,132.0
Guinea-Bissau,GNB,Africa,nonpregnant,2017,119.0
Malta,MLT,Europe,nonpregnant,2010,131.0
Palau,PLW,Western Pacific,nonpregnant,2019,126.0
South Sudan,SSD,Africa,nonpregnant,2010,125.0
Pakistan,PAK,Eastern Mediterranean,nonpregnant,2016,121.0
Chad,TCD,Africa,nonpregnant,2002,118.0
Malawi,MWI,Africa,nonpregnant,2017,126.0
Jordan,JOR,Eastern Mediterranean,nonpregnant,2005,126.0
Cook Islands,COK,Western Pacific,nonpregnant,2002,127.0
Gambia,GMB,Africa,nonpregnant,2019,119.0
Thailand,THA,South-East Asia,nonpregnant,2010,128.0
Philippines,PHL,Western Pacific,nonpregnant,2017,131.0
Estonia,EST,Europe,nonpregnant,2017,129.0
Timor-Leste,TLS,South-East Asia,nonpregnant,2011,127.0
Qatar,QAT,Eastern Mediterranean,nonpregnant,2009,126.0
Ireland,IRL,Europe,nonpregnant,2002,132.0
Luxembourg,LUX,Europe,nonpregnant,2000,133.0
Slovenia,SVN,Europe,nonpregnant,2010,129.0
Jamaica,JAM,Americas,nonpregnant,2000,128.0
Türkiye,TUR,Europe,nonpregnant,2019,126.0
Uruguay,URY,Americas,nonpregnant,2009,132.0
Slovakia,SVK,Europe,nonpregnant,2017,128.0
Micronesia (Federated States of),FSM,Western Pacific,nonpregnant,2013,129.0
Kenya,KEN,Africa,nonpregnant,2001,125.0
Saint Kitts and Nevis,KNA,Americas,nonpregnant,2007,131.0
Republic of Moldova,MDA,Europe,nonpregnant,2005,127.0
Mauritius,MUS,Africa,nonpregnant,2006,132.0
Saint Kitts and Nevis,KNA,Americas,nonpregnant,2005,131.0
Uruguay,URY,Americas,nonpregnant,2016,132.0
Russian Federation,RUS,Europe,nonpregnant,2011,129.0
Antigua and Barbuda,ATG,Americas,nonpregnant,2005,130.0
Honduras,HND,Americas,nonpregnant,2002,130.0
Madagascar,MDG,Africa,nonpregnant,2011,124.0
Algeria,DZA,Africa,nonpregnant,2011,124.0
Equatorial Guinea,GNQ,Africa,nonpregnant,2004,117.0
Angola,AGO,Africa,nonpregnant,2000,118.0
Costa Rica,CRI,Americas,nonpregnant,2006,132.0
Suriname,SUR,Americas,nonpregnant,2017,130.0
Greece,GRC,Europe,nonpregnant,2008,131.0
Jamaica,JAM,Americas,nonpregnant,2016,130.0
Democratic People's Republic of Korea,PRK,South-East Asia,nonpregnant,2000,124.0
Angola,AGO,Africa,nonpregnant,2013,121.0
Seychelles,SYC,Africa,nonpregnant,2013,129.0
Lebanon,LBN,Eastern Mediterranean,nonpregnant,2014,127.0
Trinidad and Tobago,TTO,Americas,nonpregnant,2012,130.0
Ghana,GHA,Africa,nonpregnant,2005,119.0
Mongolia,MNG,Western Pacific,nonpregnant,2002,132.0
Central African Republic,CAF,Africa,nonpregnant,2013,120.0
Afghanistan,AFG,Eastern Mediterranean,nonpregnant,2005,124.0
Belgium,BEL,Europe,nonpregnant,2016,131.0
Ghana,GHA,Africa,nonpregnant,2013,121.0
Croatia,HRV,Europe,nonpregnant,2007,129.0
Australia,AUS,Western Pacific,nonpregnant,2016,134.0
Oman,OMN,Eastern Mediterranean,nonpregnant,2017,126.0
Switzerland,CHE,Europe,nonpregnant,2008,132.0
Paraguay,PRY,Americas,nonpregnant,2016,129.0
Maldives,MDV,South-East Asia,nonpregnant,2011,120.0
Kyrgyzstan,KGZ,Europe,nonpregnant,2011,124.0
United Arab Emirates,ARE,Eastern Mediterranean,nonpregnant,2009,128.0
South Sudan,SSD,Africa,nonpregnant,2014,125.0
Lebanon,LBN,Eastern Mediterranean,nonpregnant,2018,126.0
Hungary,HUN,Europe,nonpregnant,2006,130.0
Morocco,MAR,Eastern Mediterranean,nonpregnant,2008,125.0
Cyprus,CYP,Europe,nonpregnant,2019,131.0
Lao People's Democratic Republic,LAO,Western Pacific,nonpregnant,2006,123.0
Cook Islands,COK,Western Pacific,nonpregnant,2001,127.0
Montenegro,MNE,Europe,nonpregnant,2002,132.0
Zimbabwe,ZWE,Africa,nonpregnant,2008,126.0
Egypt,EGY,Eastern Mediterranean,nonpregnant,2001,124.0
Canada,CAN,Americas,nonpregnant,2009,133.0
Ecuador,ECU,Americas,nonpregnant,2006,128.0
Iraq,IRQ,Eastern Mediterranean,nonpregnant,2014,125.0
Kyrgyzstan,KGZ,Europe,nonpregnant,2017,123.0
Viet Nam,VNM,Western Pacific,nonpregnant,2012,130.0
China,CHN,Western Pacific,nonpregnant,2011,133.0
Cabo Verde,CPV,Africa,nonpregnant,2014,127.0
Lao People's Democratic Republic,LAO,Western Pacific,nonpregnant,2012,124.0
Marshall Islands,MHL,Western Pacific,nonpregnant,2005,126.0
Mauritius,MUS,Africa,nonpregnant,2014,131.0
Cuba,CUB,Americas,nonpregnant,2003,127.0
Saudi Arabia,SAU,Eastern Mediterranean,nonpregnant,2006,126.0
Sweden,SWE,Europe,nonpregnant,2019,131.0
Mauritania,MRT,Africa,nonpregnant,2006,120.0
Chad,TCD,Africa,nonpregnant,2009,118.0
Russian Federation,RUS,Europe,nonpregnant,2015,129.0
Republic of Moldova,MDA,Europe,nonpregnant,2013,127.0
Lithuania,LTU,Europe,nonpregnant,2019,129.0
Central African Republic,CAF,Africa,nonpregnant,2014,120.0
Ghana,GHA,Africa,nonpregnant,2004,119.0
Singapore,SGP,Western Pacific,nonpregnant,2011,131.0
Cuba,CUB,Americas,nonpregnant,2016,130.0
Panama,PAN,Americas,nonpregnant,2016,129.0
Netherlands (Kingdom of the),NLD,Europe,nonpregnant,2010,132.0
Namibia,NAM,Africa,nonpregnant,2012,129.0
Estonia,EST,Europe,nonpregnant,2018,129.0
Bhutan,BTN,South-East Asia,nonpregnant,2011,122.0
Honduras,HND,Americas,nonpregnant,2016,132.0
Mozambique,MOZ,Africa,nonpregnant,2010,119.0
Democratic People's Republic of Korea,PRK,South-East Asia,nonpregnant,2006,125.0
Fiji,FJI,Western Pacific,nonpregnant,2017,124.0
Romania,ROU,Europe,nonpregnant,2009,128.0
Thailand,THA,South-East Asia,nonpregnant,2000,128.0
Equatorial Guinea,GNQ,Africa,nonpregnant,2018,121.0
Iran (Islamic Republic of),IRN,Eastern Mediterranean,nonpregnant,2004,128.0
Luxembourg,LUX,Europe,nonpregnant,2016,133.0
Costa Rica,CRI,Americas,nonpregnant,2014,132.0
Tonga,TON,Western Pacific,nonpregnant,2004,128.0
France,FRA,Europe,nonpregnant,2003,133.0
Bulgaria,BGR,Europe,nonpregnant,2009,128.0
New Zealand,NZL,Western Pacific,nonpregnant,2002,133.0
Mongolia,MNG,Western Pacific,nonpregnant,2000,132.0
Guatemala,GTM,Americas,nonpregnant,2009,134.0
Canada,CAN,Americas,nonpregnant,2010,133.0
Honduras,HND,Americas,nonpregnant,2007,131.0
Dominican Republic,DOM,Americas,nonpregnant,2009,126.0
Saint Lucia,LCA,Americas,nonpregnant,2009,133.0
Madagascar,MDG,Africa,nonpregnant,2003,122.0
Gambia,GMB,Africa,nonpregnant,2009,115.0
Eritrea,ERI,Africa,nonpregnant,2002,123.0
Madagascar,MDG,Africa,nonpregnant,2010,124.0
Cyprus,CYP,Europe,nonpregnant,2017,131.0
Sudan,SDN,Eastern Mediterranean,nonpregnant,2012,123.0
Comoros,COM,Africa,nonpregnant,2019,125.0
San Marino,SMR,Europe,nonpregnant,2012,132.0
Bhutan,BTN,South-East Asia,nonpregnant,2017,123.0
North Macedonia,MKD,Europe,nonpregnant,2009,131.0
Nicaragua,NIC,Americas,nonpregnant,2000,129.0
Mozambique,MOZ,Africa,nonpregnant,2004,119.0
Türkiye,TUR,Europe,nonpregnant,2014,126.0
Comoros,COM,Africa,nonpregnant,2007,125.0
Mauritania,MRT,Africa,nonpregnant,2016,121.0
Suriname,SUR,Americas,nonpregnant,2003,128.0
Ethiopia,ETH,Africa,nonpregnant,2006,129.0
Sao Tome and Principe,STP,Africa,nonpregnant,2012,120.0
Ethiopia,ETH,Africa,nonpregnant,2009,130.0
Yemen,YEM,Eastern Mediterranean,nonpregnant,2006,111.0
Suriname,SUR,Americas,nonpregnant,2007,129.0
Eswatini,SWZ,Africa,nonpregnant,2018,127.0
Lao People's Democratic Republic,LAO,Western Pacific,nonpregnant,2011,124.0
Ethiopia,ETH,Africa,nonpregnant,2005,128.0
Andorra,AND,Europe,nonpregnant,2002,132.0
Tajikistan,TJK,Europe,nonpregnant,2018,124.0
Zambia,ZMB,Africa,nonpregnant,2015,126.0
Slovakia,SVK,Europe,nonpregnant,2007,128.0
Tuvalu,TUV,Western Pacific,nonpregnant,2005,128.0
Botswana,BWA,Africa,nonpregnant,2000,124.0
Sweden,SWE,Europe,nonpregnant,2000,131.0
Saint Kitts and Nevis,KNA,Americas,nonpregnant,2012,132.0
San Marino,SMR,Europe,nonpregnant,2007,132.0
Tajikistan,TJK,Europe,nonpregnant,2001,123.0
Belize,BLZ,Americas,nonpregnant,2012,129.0
Venezuela (Bolivarian Republic of),VEN,Americas,nonpregnant,2006,128.0
Kazakhstan,KAZ,Europe,nonpregnant,2014,127.0
Uzbekistan,UZB,Europe,nonpregnant,2004,121.0
Equatorial Guinea,GNQ,Africa,nonpregnant,2009,119.0
Paraguay,PRY,Americas,nonpregnant,2006,128.0
Micronesia (Federated States of),FSM,Western Pacific,nonpregnant,2016,128.0
Micronesia (Federated States of),FSM,Western Pacific,nonpregnant,2001,130.0
Kyrgyzstan,KGZ,Europe,nonpregnant,2005,123.0
Grenada,GRD,Americas,nonpregnant,2017,130.0
Papua New Guinea,PNG,Western Pacific,nonpregnant,2014,126.0
Cook Islands,COK,Western Pacific,nonpregnant,2000,127.0
Sweden,SWE,Europe,nonpregnant,2011,131.0
Democratic Republic of the Congo,COD,Africa,nonpregnant,2001,118.0
Yemen,YEM,Eastern Mediterranean,nonpregnant,2018,113.0
Palau,PLW,Western Pacific,nonpregnant,2005,127.0
Mozambique,MOZ,Africa,nonpregnant,2016,120.0
Philippines,PHL,Western Pacific,nonpregnant,2010,130.0
Belarus,BLR,Europe,nonpregnant,2008,130.0
Panama,PAN,Americas,nonpregnant,2003,127.0
Kiribati,KIR,Western Pacific,nonpregnant,2002,126.0
Austria,AUT,Europe,nonpregnant,2004,132.0
Cuba,CUB,Americas,nonpregnant,2011,130.0
Zimbabwe,ZWE,Africa,nonpregnant,2002,125.0
Libya,LBY,Eastern Mediterranean,nonpregnant,2005,125.0
Cote d'Ivoire,CIV,Africa,nonpregnant,2013,118.0
South Africa,ZAF,Africa,nonpregnant,2014,127.0
Myanmar,MMR,South-East Asia,nonpregnant,2005,121.0
Denmark,DNK,Europe,nonpregnant,2007,131.0
Honduras,HND,Americas,nonpregnant,2012,132.0
Djibouti,DJI,Eastern Mediterranean,nonpregnant,2014,126.0
United Republic of Tanzania,TZA,Africa,nonpregnant,2002,120.0
Zambia,ZMB,Africa,nonpregnant,2017,126.0
Tunisia,TUN,Eastern Mediterranean,nonpregnant,2000,125.0
Belarus,BLR,Europe,nonpregnant,2001,129.0
Tonga,TON,Western Pacific,nonpregnant,2001,127.0
Tonga,TON,Western Pacific,nonpregnant,2008,127.0
Peru,PER,Americas,nonpregnant,2009,129.0
Germany,DEU,Europe,nonpregnant,2016,132.0
Qatar,QAT,Eastern Mediterranean,nonpregnant,2017,126.0
Senegal,SEN,Africa,nonpregnant,2018,117.0
Republic of Moldova,MDA,Europe,nonpregnant,2019,127.0
Tuvalu,TUV,Western Pacific,nonpregnant,2013,127.0
Poland,POL,Europe,nonpregnant,2007,130.0
Niue,NIU,Western Pacific,nonpregnant,2007,127.0
Denmark,DNK,Europe,nonpregnant,2005,131.0
Brunei Darussalam,BRN,Western Pacific,nonpregnant,2015,131.0
Madagascar,MDG,Africa,nonpregnant,2014,124.0
Cyprus,CYP,Europe,nonpregnant,2013,131.0
Sudan,SDN,Eastern Mediterranean,nonpregnant,2007,122.0
Belize,BLZ,Americas,nonpregnant,2016,130.0
Mauritius,MUS,Africa,nonpregnant,2007,132.0
Turkmenistan,TKM,Europe,nonpregnant,2005,126.0
Qatar,QAT,Eastern Mediterranean,nonpregnant,2006,126.0
Ukraine,UKR,Europe,nonpregnant,2016,132.0
Togo,TGO,Africa,nonpregnant,2001,119.0
Tunisia,TUN,Eastern Mediterranean,nonpregnant,2007,125.0
Greece,GRC,Europe,nonpregnant,2002,131.0
Congo,COG,Africa,nonpregnant,2000,116.0
Brunei Darussalam,BRN,Western Pacific,nonpregnant,2001,130.0
Sri Lanka,LKA,South-East Asia,nonpregnant,2007,124.0
Somalia,SOM,Eastern Mediterranean,nonpregnant,2018,121.0
Congo,COG,Africa,nonpregnant,2007,117.0
Congo,COG,Africa,nonpregnant,2017,119.0
Netherlands (Kingdom of the),NLD,Europe,nonpregnant,2017,131.0
Cameroon,CMR,Africa,nonpregnant,2005,122.0
Spain,ESP,Europe,nonpregnant,2009,132.0
Germany,DEU,Europe,nonpregnant,2017,132.0
United Arab Emirates,ARE,Eastern Mediterranean,nonpregnant,2001,128.0
Japan,JPN,Western Pacific,nonpregnant,2014,128.0
Mexico,MEX,Americas,nonpregnant,2010,133.0
Tuvalu,TUV,Western Pacific,nonpregnant,2019,127.0
Cambodia,KHM,Western Pacific,nonpregnant,2001,118.0
Myanmar,MMR,South-East Asia,nonpregnant,2009,122.0
San Marino,SMR,Europe,nonpregnant,2006,132.0
Democratic Republic of the Congo,COD,Africa,nonpregnant,2019,122.0
Fiji,FJI,Western Pacific,nonpregnant,2010,124.0
Saudi Arabia,SAU,Eastern Mediterranean,nonpregnant,2005,126.0
Madagascar,MDG,Africa,nonpregnant,2015,124.0
Vanuatu,VUT,Western Pacific,nonpregnant,2017,127.0
Syrian Arab Republic,SYR,Eastern Mediterranean,nonpregnant,2019,125.0
Israel,ISR,Europe,nonpregnant,2008,132.0
Singapore,SGP,Western Pacific,nonpregnant,2005,131.0
Portugal,PRT,Europe,nonpregnant,2011,132.0
Greece,GRC,Europe,nonpregnant,2012,131.0
Republic of Moldova,MDA,Europe,nonpregnant,2015,127.0
France,FRA,Europe,nonpregnant,2000,133.0
Papua New Guinea,PNG,Western Pacific,nonpregnant,2011,126.0
Latvia,LVA,Europe,nonpregnant,2014,129.0
Trinidad and Tobago,TTO,Americas,nonpregnant,2000,127.0
Namibia,NAM,Africa,nonpregnant,2014,129.0
Burkina Faso,BFA,Africa,nonpregnant,2019,118.0
Botswana,BWA,Africa,nonpregnant,2007,125.0
Grenada,GRD,Americas,nonpregnant,2015,130.0
Saint Vincent and the Grenadines,VCT,Americas,nonpregnant,2008,131.0
Congo,COG,Africa,nonpregnant,2016,119.0
Uganda,UGA,Africa,nonpregnant,2019,126.0
Congo,COG,Africa,nonpregnant,2010,118.0
Guatemala,GTM,Americas,nonpregnant,2004,132.0
Sweden,SWE,Europe,nonpregnant,2004,131.0
Portugal,PRT,Europe,nonpregnant,2009,132.0
Zimbabwe,ZWE,Africa,nonpregnant,2005,125.0
Guyana,GUY,Americas,nonpregnant,2015,125.0
Armenia,ARM,Europe,nonpregnant,2009,130.0
Cabo Verde,CPV,Africa,nonpregnant,2006,126.0
Italy,ITA,Europe,nonpregnant,2009,132.0
Latvia,LVA,Europe,nonpregnant,2010,129.0
Philippines,PHL,Western Pacific,nonpregnant,2002,128.0
Solomon Islands,SLB,Western Pacific,nonpregnant,2000,122.0
Sri Lanka,LKA,South-East Asia,nonpregnant,2018,124.0
Nigeria,NGA,Africa,nonpregnant,2018,117.0
Azerbaijan,AZE,Europe,nonpregnant,2001,121.0
Jordan,JOR,Eastern Mediterranean,nonpregnant,2017,124.0
Saint Vincent and the Grenadines,VCT,Americas,nonpregnant,2011,131.0
Indonesia,IDN,Western Pacific,nonpregnant,2017,126.0
El Salvador,SLV,Americas,nonpregnant,2017,135.0
Cote d'Ivoire,CIV,Africa,nonpregnant,2007,117.0
Ghana,GHA,Africa,nonpregnant,2010,120.0
Malawi,MWI,Africa,nonpregnant,2009,126.0
Indonesia,IDN,Western Pacific,nonpregnant,2005,125.0
Timor-Leste,TLS,South-East Asia,nonpregnant,2008,126.0
Honduras,HND,Americas,nonpregnant,2014,132.0
Sweden,SWE,Europe,nonpregnant,2013,131.0
Netherlands (Kingdom of the),NLD,Europe,nonpregnant,2009,132.0
Bangladesh,BGD,South-East Asia,nonpregnant,2016,123.0
Monaco,MCO,Europe,nonpregnant,2012,132.0
Poland,POL,Europe,nonpregnant,2017,130.0
Croatia,HRV,Europe,nonpregnant,2014,129.0
United Arab Emirates,ARE,Eastern Mediterranean,nonpregnant,2019,128.0
United Arab Emirates,ARE,Eastern Mediterranean,nonpregnant,2010,128.0
Bangladesh,BGD,South-East Asia,nonpregnant,2010,123.0
Spain,ESP,Europe,nonpregnant,2016,131.0
Barbados,BRB,Americas,nonpregnant,2004,130.0
"occupied Palestinian territory, including east Jerusalem",PSE,Eastern Mediterranean,nonpregnant,2014,127.0
Afghanistan,AFG,Eastern Mediterranean,nonpregnant,2016,122.0
Japan,JPN,Western Pacific,nonpregnant,2010,128.0
Brunei Darussalam,BRN,Western Pacific,nonpregnant,2006,130.0
Congo,COG,Africa,nonpregnant,2014,119.0
Uzbekistan,UZB,Europe,nonpregnant,2002,120.0
United Kingdom of Great Britain and Northern Ireland,GBR,Europe,nonpregnant,2002,132.0
Saint Vincent and the Grenadines,VCT,Americas,nonpregnant,2006,130.0
Ethiopia,ETH,Africa,nonpregnant,2013,130.0
United Arab Emirates,ARE,Eastern Mediterranean,nonpregnant,2013,128.0
Lesotho,LSO,Africa,nonpregnant,2013,128.0
Sweden,SWE,Europe,nonpregnant,2008,131.0
Saint Vincent and the Grenadines,VCT,Americas,nonpregnant,2009,131.0
San Marino,SMR,Europe,nonpregnant,2003,132.0
Finland,FIN,Europe,nonpregnant,2011,133.0
Belgium,BEL,Europe,nonpregnant,2000,132.0
Spain,ESP,Europe,nonpregnant,2013,131.0
El Salvador,SLV,Americas,nonpregnant,2007,136.0
Italy,ITA,Europe,nonpregnant,2007,132.0
Comoros,COM,Africa,nonpregnant,2003,124.0
Albania,ALB,Europe,nonpregnant,2004,127.0
Togo,TGO,Africa,nonpregnant,2019,121.0
Micronesia (Federated States of),FSM,Western Pacific,nonpregnant,2005,130.0
Azerbaijan,AZE,Europe,nonpregnant,2005,122.0
Kiribati,KIR,Western Pacific,nonpregnant,2006,126.0
Rwanda,RWA,Africa,nonpregnant,2015,132.0
Lao People's Democratic Republic,LAO,Western Pacific,nonpregnant,2000,121.0
Cameroon,CMR,Africa,nonpregnant,2003,122.0
Jamaica,JAM,Americas,nonpregnant,2010,130.0
Republic of Moldova,MDA,Europe,nonpregnant,2008,127.0
Cyprus,CYP,Europe,nonpregnant,2009,131.0
Cote d'Ivoire,CIV,Africa,nonpregnant,2006,117.0
Belgium,BEL,Europe,nonpregnant,2003,132.0
Uruguay,URY,Americas,nonpregnant,2019,131.0
Malaysia,MYS,Western Pacific,nonpregnant,2007,124.0
Sweden,SWE,Europe,nonpregnant,2010,131.0
Comoros,COM,Africa,nonpregnant,2010,126.0
New Zealand,NZL,Western Pacific,nonpregnant,2001,133.0
Sweden,SWE,Europe,nonpregnant,2014,131.0
Malta,MLT,Europe,nonpregnant,2003,131.0
Slovenia,SVN,Europe,nonpregnant,2009,129.0
Netherlands (Kingdom of the),NLD,Europe,nonpregnant,2019,131.0
Myanmar,MMR,South-East Asia,nonpregnant,2004,121.0
Saudi Arabia,SAU,Eastern Mediterranean,nonpregnant,2015,127.0
Viet Nam,VNM,Western Pacific,nonpregnant,2011,130.0
Eswatini,SWZ,Africa,nonpregnant,2014,127.0
Central African Republic,CAF,Africa,nonpregnant,2005,119.0
Solomon Islands,SLB,Western Pacific,nonpregnant,2008,123.0
Barbados,BRB,Americas,nonpregnant,2006,131.0
Australia,AUS,Western Pacific,nonpregnant,2008,134.0
Malta,MLT,Europe,nonpregnant,2000,131.0
Uzbekistan,UZB,Europe,nonpregnant,2010,125.0
Bosnia and Herzegovina,BIH,Europe,nonpregnant,2002,128.0
Indonesia,IDN,Western Pacific,nonpregnant,2002,125.0
Afghanistan,AFG,Eastern Mediterranean,nonpregnant,2009,124.0
Czechia,CZE,Europe,nonpregnant,2002,130.0
Albania,ALB,Europe,nonpregnant,2012,128.0
Sri Lanka,LKA,South-East Asia,nonpregnant,2016,124.0
Namibia,NAM,Africa,nonpregnant,2003,128.0
Morocco,MAR,Eastern Mediterranean,nonpregnant,2012,126.0
Sweden,SWE,Europe,nonpregnant,2005,131.0
Guatemala,GTM,Americas,nonpregnant,2018,137.0
Syrian Arab Republic,SYR,Eastern Mediterranean,nonpregnant,2004,124.0
Democratic People's Republic of Korea,PRK,South-East Asia,nonpregnant,2014,125.0
Brunei Darussalam,BRN,Western Pacific,nonpregnant,2000,130.0
China,CHN,Western Pacific,nonpregnant,2008,132.0
Micronesia (Federated States of),FSM,Western Pacific,nonpregnant,2014,129.0
Azerbaijan,AZE,Europe,nonpregnant,2017,124.0
San Marino,SMR,Europe,nonpregnant,2014,132.0
Chile,CHL,Americas,nonpregnant,2014,134.0
Grenada,GRD,Americas,nonpregnant,2004,129.0
Benin,BEN,Africa,nonpregnant,2010,117.0
Suriname,SUR,Americas,nonpregnant,2002,127.0
Italy,ITA,Europe,nonpregnant,2000,132.0
Argentina,ARG,Americas,nonpregnant,2010,132.0
Samoa,WSM,Western Pacific,nonpregnant,2014,129.0
Colombia,COL,Americas,nonpregnant,2007,127.0
Estonia,EST,Europe,nonpregnant,2015,129.0
Uruguay,URY,Americas,nonpregnant,2007,132.0
Luxembourg,LUX,Europe,nonpregnant,2010,133.0
Ireland,IRL,Europe,nonpregnant,2009,132.0
Mexico,MEX,Americas,nonpregnant,2006,132.0
United Arab Emirates,ARE,Eastern Mediterranean,nonpregnant,2014,128.0
Guinea,GIN,Africa,nonpregnant,2018,119.0
Guinea-Bissau,GNB,Africa,nonpregnant,2016,119.0
El Salvador,SLV,Americas,nonpregnant,2011,135.0
Nigeria,NGA,Africa,nonpregnant,2001,115.0
Trinidad and Tobago,TTO,Americas,nonpregnant,2005,129.0
Thailand,THA,South-East Asia,nonpregnant,2018,128.0
Netherlands (Kingdom of the),NLD,Europe,nonpregnant,2015,132.0
Samoa,WSM,Western Pacific,nonpregnant,2015,129.0
Tunisia,TUN,Eastern Mediterranean,nonpregnant,2005,125.0
Bahrain,BHR,Eastern Mediterranean,nonpregnant,2009,123.0
Sri Lanka,LKA,South-East Asia,nonpregnant,2012,124.0
Poland,POL,Europe,nonpregnant,2005,130.0
South Sudan,SSD,Africa,nonpregnant,2012,125.0
Colombia,COL,Americas,nonpregnant,2009,128.0
Singapore,SGP,Western Pacific,nonpregnant,2017,131.0
South Sudan,SSD,Africa,nonpregnant,2017,125.0
Chad,TCD,Africa,nonpregnant,2014,119.0
South Africa,ZAF,Africa,nonpregnant,2012,127.0
Lebanon,LBN,Eastern Mediterranean,nonpregnant,2005,127.0
Mozambique,MOZ,Africa,nonpregnant,2001,119.0
Mauritius,MUS,Africa,nonpregnant,2019,129.0
Somalia,SOM,Eastern Mediterranean,nonpregnant,2006,120.0
South Sudan,SSD,Africa,nonpregnant,2013,125.0
Bhutan,BTN,South-East Asia,nonpregnant,2012,122.0
Thailand,THA,South-East Asia,nonpregnant,2003,128.0
Honduras,HND,Americas,nonpregnant,2013,132.0
Slovenia,SVN,Europe,nonpregnant,2001,129.0
Comoros,COM,Africa,nonpregnant,2018,125.0
Yemen,YEM,Eastern Mediterranean,nonpregnant,2017,113.0
France,FRA,Europe,nonpregnant,2007,133.0
Tajikistan,TJK,Europe,nonpregnant,2007,125.0
Iran (Islamic Republic of),IRN,Eastern Mediterranean,nonpregnant,2000,127.0
Chad,TCD,Africa,nonpregnant,2015,119.0
Chile,CHL,Americas,nonpregnant,2003,134.0
Norway,NOR,Europe,nonpregnant,2004,132.0
Guatemala,GTM,Americas,nonpregnant,2016,136.0
Kyrgyzstan,KGZ,Europe,nonpregnant,2016,123.0
Syrian Arab Republic,SYR,Eastern Mediterranean,nonpregnant,2014,125.0
Cameroon,CMR,Africa,nonpregnant,2001,122.0
Netherlands (Kingdom of the),NLD,Europe,nonpregnant,2012,132.0
Mauritius,MUS,Africa,nonpregnant,2003,132.0
Guinea-Bissau,GNB,Africa,nonpregnant,2000,117.0
Pakistan,PAK,Eastern Mediterranean,nonpregnant,2017,121.0
Luxembourg,LUX,Europe,nonpregnant,2004,133.0
"occupied Palestinian territory, including east Jerusalem",PSE,Eastern Mediterranean,nonpregnant,2019,127.0
Marshall Islands,MHL,Western Pacific,nonpregnant,2015,126.0
United States of America,USA,Americas,nonpregnant,2013,133.0
Cook Islands,COK,Western Pacific,nonpregnant,2010,127.0
"occupied Palestinian territory, including east Jerusalem",PSE,Eastern Mediterranean,nonpregnant,2001,125.0
Jamaica,JAM,Americas,nonpregnant,2009,130.0
Bolivia (Plurinational State of),BOL,Americas,nonpregnant,2006,126.0
Libya,LBY,Eastern Mediterranean,nonpregnant,2015,126.0
Iceland,ISL,Europe,nonpregnant,2003,133.0
Saint Kitts and Nevis,KNA,Americas,nonpregnant,2017,132.0
Papua New Guinea,PNG,Western Pacific,nonpregnant,2015,126.0
Grenada,GRD,Americas,nonpregnant,2012,130.0
Belize,BLZ,Americas,nonpregnant,2005,128.0
Bahamas,BHS,Americas,nonpregnant,2010,132.0
Republic of Moldova,MDA,Europe,nonpregnant,2009,127.0
Cyprus,CYP,Europe,nonpregnant,2003,131.0
Kiribati,KIR,Western Pacific,nonpregnant,2008,126.0
United Arab Emirates,ARE,Eastern Mediterranean,nonpregnant,2018,128.0
Naoero,NRU,Western Pacific,nonpregnant,2007,126.0
Jamaica,JAM,Americas,nonpregnant,2007,129.0
"occupied Palestinian territory, including east Jerusalem",PSE,Eastern Mediterranean,nonpregnant,2003,125.0
Czechia,CZE,Europe,nonpregnant,2009,129.0
Norway,NOR,Europe,nonpregnant,2003,132.0
Antigua and Barbuda,ATG,Americas,nonpregnant,2003,130.0
Fiji,FJI,Western Pacific,nonpregnant,2015,124.0
Algeria,DZA,Africa,nonpregnant,2017,124.0
Kuwait,KWT,Eastern Mediterranean,nonpregnant,2019,128.0
Haiti,HTI,Americas,nonpregnant,2010,119.0
Panama,PAN,Americas,nonpregnant,2002,127.0
Uganda,UGA,Africa,nonpregnant,2016,126.0
Yemen,YEM,Eastern Mediterranean,nonpregnant,2005,111.0
Nigeria,NGA,Africa,nonpregnant,2014,117.0
Nicaragua,NIC,Americas,nonpregnant,2019,132.0
Maldives,MDV,South-East Asia,nonpregnant,2005,120.0
Bulgaria,BGR,Europe,nonpregnant,2006,128.0
North Macedonia,MKD,Europe,nonpregnant,2000,132.0
Qatar,QAT,Eastern Mediterranean,nonpregnant,2003,125.0
Tunisia,TUN,Eastern Mediterranean,nonpregnant,2017,125.0
France,FRA,Europe,nonpregnant,2016,132.0
Germany,DEU,Europe,nonpregnant,2015,132.0
Saint Vincent and the Grenadines,VCT,Americas,nonpregnant,2004,130.0
Georgia,GEO,Europe,nonpregnant,2009,126.0
Suriname,SUR,Americas,nonpregnant,2008,129.0
Andorra,AND,Europe,nonpregnant,2009,132.0
Botswana,BWA,Africa,nonpregnant,2018,125.0
Dominican Republic,DOM,Americas,nonpregnant,2016,127.0
Spain,ESP,Europe,nonpregnant,2008,132.0
Nepal,NPL,South-East Asia,nonpregnant,2006,123.0
Serbia,SRB,Europe,nonpregnant,2000,128.0
Colombia,COL,Americas,nonpregnant,2010,129.0
Lao People's Democratic Republic,LAO,Western Pacific,nonpregnant,2003,122.0
Cyprus,CYP,Europe,nonpregnant,2004,131.0
Senegal,SEN,Africa,nonpregnant,2011,116.0
Timor-Leste,TLS,South-East Asia,nonpregnant,2010,127.0
Romania,ROU,Europe,nonpregnant,2014,128.0
San Marino,SMR,Europe,nonpregnant,2002,132.0
San Marino,SMR,Europe,nonpregnant,2004,132.0
Mozambique,MOZ,Africa,nonpregnant,2013,119.0
Paraguay,PRY,Americas,nonpregnant,2019,128.0
Ghana,GHA,Africa,nonpregnant,2012,121.0
Dominican Republic,DOM,Americas,nonpregnant,2002,124.0
Solomon Islands,SLB,Western Pacific,nonpregnant,2006,122.0
Lesotho,LSO,Africa,nonpregnant,2005,126.0
"occupied Palestinian territory, including east Jerusalem",PSE,Eastern Mediterranean,nonpregnant,2010,127.0
Bolivia (Plurinational State of),BOL,Americas,nonpregnant,2002,125.0
Portugal,PRT,Europe,nonpregnant,2015,132.0
Bahrain,BHR,Eastern Mediterranean,nonpregnant,2003,122.0
Grenada,GRD,Americas,nonpregnant,2002,129.0
Bahrain,BHR,Eastern Mediterranean,nonpregnant,2006,122.0
Brunei Darussalam,BRN,Western Pacific,nonpregnant,2014,131.0
Costa Rica,CRI,Americas,nonpregnant,2019,132.0
Austria,AUT,Europe,nonpregnant,2010,132.0
Burkina Faso,BFA,Africa,nonpregnant,2013,118.0
Bahrain,BHR,Eastern Mediterranean,nonpregnant,2019,124.0
Australia,AUS,Western Pacific,nonpregnant,2002,134.0
Eritrea,ERI,Africa,nonpregnant,2015,124.0
Niger,NER,Africa,nonpregnant,2008,119.0
Japan,JPN,Western Pacific,nonpregnant,2018,128.0
Ireland,IRL,Europe,nonpregnant,2000,132.0
United Kingdom of Great Britain and Northern Ireland,GBR,Europe,nonpregnant,2018,132.0
Armenia,ARM,Europe,nonpregnant,2014,131.0
Morocco,MAR,Eastern Mediterranean,nonpregnant,2002,125.0
Samoa,WSM,Western Pacific,nonpregnant,2002,129.0
Bangladesh,BGD,South-East Asia,nonpregnant,2015,123.0
Suriname,SUR,Americas,nonpregnant,2019,129.0
Gambia,GMB,Africa,nonpregnant,2014,117.0
Saint Lucia,LCA,Americas,nonpregnant,2013,133.0
United Kingdom of Great Britain and Northern Ireland,GBR,Europe,nonpregnant,2005,133.0
Albania,ALB,Europe,nonpregnant,2010,128.0
Mongolia,MNG,Western Pacific,nonpregnant,2016,132.0
Greece,GRC,Europe,nonpregnant,2003,131.0
Seychelles,SYC,Africa,nonpregnant,2016,128.0
Cook Islands,COK,Western Pacific,nonpregnant,2008,127.0
Comoros,COM,Africa,nonpregnant,2004,124.0
Namibia,NAM,Africa,nonpregnant,2017,129.0
Barbados,BRB,Americas,nonpregnant,2008,131.0
Democratic Republic of the Congo,COD,Africa,nonpregnant,2017,122.0
Madagascar,MDG,Africa,nonpregnant,2005,123.0
Australia,AUS,Western Pacific,nonpregnant,2015,134.0
Sierra Leone,SLE,Africa,nonpregnant,2014,120.0
Türkiye,TUR,Europe,nonpregnant,2018,126.0
Lithuania,LTU,Europe,nonpregnant,2016,130.0
Eswatini,SWZ,Africa,nonpregnant,2002,126.0
Grenada,GRD,Americas,nonpregnant,2018,130.0
Bahrain,BHR,Eastern Mediterranean,nonpregnant,2010,123.0
Denmark,DNK,Europe,nonpregnant,2008,132.0
Singapore,SGP,Western Pacific,nonpregnant,2004,131.0
Yemen,YEM,Eastern Mediterranean,nonpregnant,2011,113.0
Palau,PLW,Western Pacific,nonpregnant,2007,127.0
Bahrain,BHR,Eastern Mediterranean,nonpregnant,2018,124.0
Rwanda,RWA,Africa,nonpregnant,2018,132.0
Lithuania,LTU,Europe,nonpregnant,2005,130.0
Peru,PER,Americas,nonpregnant,2010,129.0
Venezuela (Bolivarian Republic of),VEN,Americas,nonpregnant,2008,129.0
Solomon Islands,SLB,Western Pacific,nonpregnant,2017,123.0
Gambia,GMB,Africa,nonpregnant,2016,118.0
Finland,FIN,Europe,nonpregnant,2012,133.0
Oman,OMN,Eastern Mediterranean,nonpregnant,2016,126.0
Ecuador,ECU,Americas,nonpregnant,2016,129.0
Belize,BLZ,Americas,nonpregnant,2018,130.0
Kazakhstan,KAZ,Europe,nonpregnant,2001,124.0
Belgium,BEL,Europe,nonpregnant,2009,132.0
Suriname,SUR,Americas,nonpregnant,2005,128.0
North Macedonia,MKD,Europe,nonpregnant,2018,130.0
Latvia,LVA,Europe,nonpregnant,2013,129.0
Estonia,EST,Europe,nonpregnant,2004,129.0
Solomon Islands,SLB,Western Pacific,nonpregnant,2016,123.0
Japan,JPN,Western Pacific,nonpregnant,2013,128.0
Denmark,DNK,Europe,nonpregnant,2002,131.0
Paraguay,PRY,Americas,nonpregnant,2015,129.0
Mexico,MEX,Americas,nonpregnant,2012,133.0
Japan,JPN,Western Pacific,nonpregnant,2003,127.0
Saint Kitts and Nevis,KNA,Americas,nonpregnant,2019,132.0
Philippines,PHL,Western Pacific,nonpregnant,2018,132.0
Comoros,COM,Africa,nonpregnant,2008,125.0
Guatemala,GTM,Americas,nonpregnant,2002,131.0
Tonga,TON,Western Pacific,nonpregnant,2017,127.0
Algeria,DZA,Africa,nonpregnant,2016,124.0
Tonga,TON,Western Pacific,nonpregnant,2003,128.0
Mauritania,MRT,Africa,nonpregnant,2008,120.0
Jordan,JOR,Eastern Mediterranean,nonpregnant,2003,126.0
Djibouti,DJI,Eastern Mediterranean,nonpregnant,2004,125.0
Solomon Islands,SLB,Western Pacific,nonpregnant,2011,123.0
Senegal,SEN,Africa,nonpregnant,2004,114.0
Equatorial Guinea,GNQ,Africa,nonpregnant,2008,118.0
Libya,LBY,Eastern Mediterranean,nonpregnant,2018,126.0
Montenegro,MNE,Europe,nonpregnant,2001,132.0
Fiji,FJI,Western Pacific,nonpregnant,2002,124.0
Somalia,SOM,Eastern Mediterranean,nonpregnant,2010,121.0
Libya,LBY,Eastern Mediterranean,nonpregnant,2008,126.0
Angola,AGO,Africa,nonpregnant,2016,121.0
Kiribati,KIR,Western Pacific,nonpregnant,2016,126.0
Malaysia,MYS,Western Pacific,nonpregnant,2016,125.0
Uruguay,URY,Americas,nonpregnant,2011,132.0
United Republic of Tanzania,TZA,Africa,nonpregnant,2007,121.0
Ethiopia,ETH,Africa,nonpregnant,2011,130.0
Vanuatu,VUT,Western Pacific,nonpregnant,2018,127.0
Canada,CAN,Americas,nonpregnant,2012,133.0
Somalia,SOM,Eastern Mediterranean,nonpregnant,2004,120.0
Venezuela (Bolivarian Republic of),VEN,Americas,nonpregnant,2016,129.0
Singapore,SGP,Western Pacific,nonpregnant,2009,132.0
Palau,PLW,Western Pacific,nonpregnant,2001,127.0
Equatorial Guinea,GNQ,Africa,nonpregnant,2017,120.0
Bhutan,BTN,South-East Asia,nonpregnant,2005,121.0
Israel,ISR,Europe,nonpregnant,2003,132.0
Ecuador,ECU,Americas,nonpregnant,2001,127.0
Guinea,GIN,Africa,nonpregnant,2009,118.0
Sri Lanka,LKA,South-East Asia,nonpregnant,2014,124.0
Portugal,PRT,Europe,nonpregnant,2017,131.0
Malta,MLT,Europe,nonpregnant,2017,131.0
Guinea-Bissau,GNB,Africa,nonpregnant,2003,117.0
Somalia,SOM,Eastern Mediterranean,nonpregnant,2017,121.0
Gabon,GAB,Africa,nonpregnant,2008,116.0
Lebanon,LBN,Eastern Mediterranean,nonpregnant,2015,127.0
Andorra,AND,Europe,nonpregnant,2014,132.0
Turkmenistan,TKM,Europe,nonpregnant,2014,127.0
Albania,ALB,Europe,nonpregnant,2003,127.0
Trinidad and Tobago,TTO,Americas,nonpregnant,2007,129.0
Cabo Verde,CPV,Africa,nonpregnant,2011,127.0
New Zealand,NZL,Western Pacific,nonpregnant,2005,133.0
Kiribati,KIR,Western Pacific,nonpregnant,2017,125.0
Uruguay,URY,Americas,nonpregnant,2015,132.0
Andorra,AND,Europe,nonpregnant,2005,132.0
Marshall Islands,MHL,Western Pacific,nonpregnant,2004,126.0
Democratic Republic of the Congo,COD,Africa,nonpregnant,2018,122.0
Sweden,SWE,Europe,nonpregnant,2015,131.0
Maldives,MDV,South-East Asia,nonpregnant,2007,121.0
Dominica,DMA,Americas,nonpregnant,2008,129.0
Egypt,EGY,Eastern Mediterranean,nonpregnant,2010,125.0
Kenya,KEN,Africa,nonpregnant,2012,129.0
Brazil,BRA,Americas,nonpregnant,2003,128.0
Belize,BLZ,Americas,nonpregnant,2013,129.0
Belgium,BEL,Europe,nonpregnant,2015,131.0
Gabon,GAB,Africa,nonpregnant,2003,115.0
Ireland,IRL,Europe,nonpregnant,2011,132.0
Montenegro,MNE,Europe,nonpregnant,2009,131.0
"occupied Palestinian territory, including east Jerusalem",PSE,Eastern Mediterranean,nonpregnant,2007,126.0
Lithuania,LTU,Europe,nonpregnant,2009,130.0
El Salvador,SLV,Americas,nonpregnant,2018,134.0
Libya,LBY,Eastern Mediterranean,nonpregnant,2012,126.0
Pakistan,PAK,Eastern Mediterranean,nonpregnant,2015,121.0
Uruguay,URY,Americas,nonpregnant,2006,132.0
Lao People's Democratic Republic,LAO,Western Pacific,nonpregnant,2018,123.0
Sudan,SDN,Eastern Mediterranean,nonpregnant,2016,123.0
Netherlands (Kingdom of the),NLD,Europe,nonpregnant,2003,132.0
Iraq,IRQ,Eastern Mediterranean,nonpregnant,2004,122.0
Libya,LBY,Eastern Mediterranean,nonpregnant,2003,125.0
Mauritius,MUS,Africa,nonpregnant,2012,131.0
Philippines,PHL,Western Pacific,nonpregnant,2001,127.0
Nepal,NPL,South-East Asia,nonpregnant,2001,121.0
Namibia,NAM,Africa,nonpregnant,2002,127.0
Denmark,DNK,Europe,nonpregnant,2001,131.0
Myanmar,MMR,South-East Asia,nonpregnant,2001,119.0
Spain,ESP,Europe,nonpregnant,2012,132.0
Eritrea,ERI,Africa,nonpregnant,2011,124.0
Solomon Islands,SLB,Western Pacific,nonpregnant,2007,123.0
Kyrgyzstan,KGZ,Europe,nonpregnant,2000,123.0
Australia,AUS,Western Pacific,nonpregnant,2005,134.0
Bulgaria,BGR,Europe,nonpregnant,2015,128.0
Turkmenistan,TKM,Europe,nonpregnant,2009,127.0
Iceland,ISL,Europe,nonpregnant,2008,133.0
Indonesia,IDN,Western Pacific,nonpregnant,2016,126.0
Mali,MLI,Africa,nonpregnant,2003,114.0
Peru,PER,Americas,nonpregnant,2014,129.0
Solomon Islands,SLB,Western Pacific,nonpregnant,2001,122.0
Japan,JPN,Western Pacific,nonpregnant,2019,128.0
Bulgaria,BGR,Europe,nonpregnant,2004,128.0
Portugal,PRT,Europe,nonpregnant,2018,131.0
Niue,NIU,Western Pacific,nonpregnant,2003,127.0
Costa Rica,CRI,Americas,nonpregnant,2018,132.0
Singapore,SGP,Western Pacific,nonpregnant,2018,131.0
Bulgaria,BGR,Europe,nonpregnant,2010,128.0
Latvia,LVA,Europe,nonpregnant,2019,129.0
Angola,AGO,Africa,nonpregnant,2004,119.0
Germany,DEU,Europe,nonpregnant,2004,132.0
Yemen,YEM,Eastern Mediterranean,nonpregnant,2010,112.0
Gambia,GMB,Africa,nonpregnant,2017,118.0
Spain,ESP,Europe,nonpregnant,2005,132.0
Saint Vincent and the Grenadines,VCT,Americas,nonpregnant,2015,132.0
Nigeria,NGA,Africa,nonpregnant,2013,117.0
France,FRA,Europe,nonpregnant,2018,132.0
Grenada,GRD,Americas,nonpregnant,2001,128.0
Ireland,IRL,Europe,nonpregnant,2005,132.0
Samoa,WSM,Western Pacific,nonpregnant,2007,129.0
Argentina,ARG,Americas,nonpregnant,2014,132.0
North Macedonia,MKD,Europe,nonpregnant,2007,131.0
Angola,AGO,Africa,nonpregnant,2002,119.0
Qatar,QAT,Eastern Mediterranean,nonpregnant,2015,126.0
Angola,AGO,Africa,nonpregnant,2005,119.0
Eritrea,ERI,Africa,nonpregnant,2006,123.0
Liberia,LBR,Africa,nonpregnant,2018,122.0
Mongolia,MNG,Western Pacific,nonpregnant,2012,132.0
Thailand,THA,South-East Asia,nonpregnant,2014,128.0
Argentina,ARG,Americas,nonpregnant,2002,131.0
Romania,ROU,Europe,nonpregnant,2015,129.0
Cambodia,KHM,Western Pacific,nonpregnant,2006,119.0
Nigeria,NGA,Africa,nonpregnant,2011,117.0
Greece,GRC,Europe,nonpregnant,2005,131.0
Cook Islands,COK,Western Pacific,nonpregnant,2004,127.0
Turkmenistan,TKM,Europe,nonpregnant,2016,127.0
Uganda,UGA,Africa,nonpregnant,2012,127.0
Ukraine,UKR,Europe,nonpregnant,2008,133.0
Azerbaijan,AZE,Europe,nonpregnant,2006,122.0
Solomon Islands,SLB,Western Pacific,nonpregnant,2013,123.0
Niue,NIU,Western Pacific,nonpregnant,2014,127.0
Syrian Arab Republic,SYR,Eastern Mediterranean,nonpregnant,2007,124.0
Netherlands (Kingdom of the),NLD,Europe,nonpregnant,2014,132.0
Azerbaijan,AZE,Europe,nonpregnant,2004,122.0
Republic of Korea,KOR,Western Pacific,nonpregnant,2013,130.0
Morocco,MAR,Eastern Mediterranean,nonpregnant,2010,126.0
Djibouti,DJI,Eastern Mediterranean,nonpregnant,2012,126.0
Switzerland,CHE,Europe,nonpregnant,2010,132.0
Venezuela (Bolivarian Republic of),VEN,Americas,nonpregnant,2005,128.0
Portugal,PRT,Europe,nonpregnant,2005,132.0
Seychelles,SYC,Africa,nonpregnant,2006,128.0
Eswatini,SWZ,Africa,nonpregnant,2011,127.0
Kiribati,KIR,Western Pacific,nonpregnant,2012,126.0
Maldives,MDV,South-East Asia,nonpregnant,2012,120.0
Bhutan,BTN,South-East Asia,nonpregnant,2007,121.0
Ireland,IRL,Europe,nonpregnant,2003,132.0
France,FRA,Europe,nonpregnant,2012,133.0
Chile,CHL,Americas,nonpregnant,2005,134.0
Iraq,IRQ,Eastern Mediterranean,nonpregnant,2018,125.0
India,IND,South-East Asia,nonpregnant,2018,117.0
Canada,CAN,Americas,nonpregnant,2005,133.0
Burundi,BDI,Africa,nonpregnant,2010,127.0
Fiji,FJI,Western Pacific,nonpregnant,2008,124.0
Uzbekistan,UZB,Europe,nonpregnant,2011,125.0
Guyana,GUY,Americas,nonpregnant,2005,122.0
Singapore,SGP,Western Pacific,nonpregnant,2010,132.0
Afghanistan,AFG,Eastern Mediterranean,nonpregnant,2006,124.0
Niue,NIU,Western Pacific,nonpregnant,2002,127.0
Naoero,NRU,Western Pacific,nonpregnant,2009,126.0
Costa Rica,CRI,Americas,nonpregnant,2007,132.0
Italy,ITA,Europe,nonpregnant,2002,132.0
Algeria,DZA,Africa,nonpregnant,2005,124.0
Philippines,PHL,Western Pacific,nonpregnant,2004,128.0
"occupied Palestinian territory, including east Jerusalem",PSE,Eastern Mediterranean,nonpregnant,2008,126.0
Samoa,WSM,Western Pacific,nonpregnant,2009,129.0
Barbados,BRB,Americas,nonpregnant,2017,131.0
New Zealand,NZL,Western Pacific,nonpregnant,2012,132.0
Thailand,THA,South-East Asia,nonpregnant,2013,128.0
Morocco,MAR,Eastern Mediterranean,nonpregnant,2011,126.0
Uruguay,URY,Americas,nonpregnant,2008,132.0
Albania,ALB,Europe,nonpregnant,2019,127.0
India,IND,South-East Asia,nonpregnant,2003,116.0
Iceland,ISL,Europe,nonpregnant,2012,133.0
Nigeria,NGA,Africa,nonpregnant,2009,117.0
Belarus,BLR,Europe,nonpregnant,2011,130.0
United States of America,USA,Americas,nonpregnant,2009,134.0
Guinea-Bissau,GNB,Africa,nonpregnant,2004,118.0
Saudi Arabia,SAU,Eastern Mediterranean,nonpregnant,2011,127.0
Naoero,NRU,Western Pacific,nonpregnant,2005,126.0
Vanuatu,VUT,Western Pacific,nonpregnant,2008,128.0
Burkina Faso,BFA,Africa,nonpregnant,2012,118.0
Luxembourg,LUX,Europe,nonpregnant,2019,132.0
Costa Rica,CRI,Americas,nonpregnant,2002,131.0
China,CHN,Western Pacific,nonpregnant,2006,132.0
Barbados,BRB,Americas,nonpregnant,2007,131.0
Hungary,HUN,Europe,nonpregnant,2002,130.0
Ghana,GHA,Africa,nonpregnant,2001,119.0
Uzbekistan,UZB,Europe,nonpregnant,2014,126.0
United Arab Emirates,ARE,Eastern Mediterranean,nonpregnant,2007,128.0
Cambodia,KHM,Western Pacific,nonpregnant,2010,120.0
Solomon Islands,SLB,Western Pacific,nonpregnant,2004,122.0
Djibouti,DJI,Eastern Mediterranean,nonpregnant,2008,126.0
Benin,BEN,Africa,nonpregnant,2004,115.0
Finland,FIN,Europe,nonpregnant,2016,132.0
Ireland,IRL,Europe,nonpregnant,2006,132.0
Malta,MLT,Europe,nonpregnant,2011,131.0
Mauritius,MUS,Africa,nonpregnant,2009,131.0
Lithuania,LTU,Europe,nonpregnant,2008,130.0
Samoa,WSM,Western Pacific,nonpregnant,2010,129.0
Grenada,GRD,Americas,nonpregnant,2009,130.0
Nicaragua,NIC,Americas,nonpregnant,2011,132.0
North Macedonia,MKD,Europe,nonpregnant,2001,132.0
South Sudan,SSD,Africa,nonpregnant,2005,124.0
Chile,CHL,Americas,nonpregnant,2012,134.0
Samoa,WSM,Western Pacific,nonpregnant,2006,129.0
Cuba,CUB,Americas,nonpregnant,2014,130.0
Malaysia,MYS,Western Pacific,nonpregnant,2006,124.0
Chad,TCD,Africa,nonpregnant,2003,118.0
Cabo Verde,CPV,Africa,nonpregnant,2004,126.0
United Republic of Tanzania,TZA,Africa,nonpregnant,2000,120.0
Republic of Moldova,MDA,Europe,nonpregnant,2002,126.0
Maldives,MDV,South-East Asia,nonpregnant,2008,121.0
Lesotho,LSO,Africa,nonpregnant,2015,128.0
Poland,POL,Europe,nonpregnant,2008,130.0
United States of America,USA,Americas,nonpregnant,2010,133.0
Peru,PER,Americas,nonpregnant,2007,128.0
Namibia,NAM,Africa,nonpregnant,2016,129.0
Lao People's Democratic Republic,LAO,Western Pacific,nonpregnant,2002,122.0
Bangladesh,BGD,South-East Asia,nonpregnant,2019,123.0
Switzerland,CHE,Europe,nonpregnant,2014,132.0
Vanuatu,VUT,Western Pacific,nonpregnant,2015,128.0
Mozambique,MOZ,Africa,nonpregnant,2012,119.0
Mexico,MEX,Americas,nonpregnant,2007,132.0
Venezuela (Bolivarian Republic of),VEN,Americas,nonpregnant,2018,128.0
Zambia,ZMB,Africa,nonpregnant,2013,127.0
Ghana,GHA,Africa,nonpregnant,2009,120.0
Ethiopia,ETH,Africa,nonpregnant,2015,130.0
Cote d'Ivoire,CIV,Africa,nonpregnant,2014,118.0
India,IND,South-East Asia,nonpregnant,2000,116.0
Kiribati,KIR,Western Pacific,nonpregnant,2009,126.0
Solomon Islands,SLB,Western Pacific,nonpregnant,2015,123.0
Trinidad and Tobago,TTO,Americas,nonpregnant,2015,131.0
Timor-Leste,TLS,South-East Asia,nonpregnant,2002,124.0
Portugal,PRT,Europe,nonpregnant,2008,132.0
Ireland,IRL,Europe,nonpregnant,2016,132.0
Philippines,PHL,Western Pacific,nonpregnant,2007,129.0
Syrian Arab Republic,SYR,Eastern Mediterranean,nonpregnant,2001,123.0
Czechia,CZE,Europe,nonpregnant,2010,129.0
Sweden,SWE,Europe,nonpregnant,2006,131.0
Estonia,EST,Europe,nonpregnant,2002,129.0
Pakistan,PAK,Eastern Mediterranean,nonpregnant,2007,121.0
Maldives,MDV,South-East Asia,nonpregnant,2015,119.0
Senegal,SEN,Africa,nonpregnant,2007,115.0
Chile,CHL,Americas,nonpregnant,2009,134.0
Mali,MLI,Africa,nonpregnant,2000,113.0
Congo,COG,Africa,nonpregnant,2003,116.0
Tunisia,TUN,Eastern Mediterranean,nonpregnant,2008,125.0
Luxembourg,LUX,Europe,nonpregnant,2005,133.0
Gambia,GMB,Africa,nonpregnant,2011,116.0
United States of America,USA,Americas,nonpregnant,2008,134.0
Togo,TGO,Africa,nonpregnant,2010,120.0
Türkiye,TUR,Europe,nonpregnant,2003,124.0
Jordan,JOR,Eastern Mediterranean,nonpregnant,2014,125.0
Sao Tome and Principe,STP,Africa,nonpregnant,2018,121.0
Croatia,HRV,Europe,nonpregnant,2008,129.0
Türkiye,TUR,Europe,nonpregnant,2005,124.0
Sri Lanka,LKA,South-East Asia,nonpregnant,2002,123.0
Honduras,HND,Americas,nonpregnant,2010,132.0
Philippines,PHL,Western Pacific,nonpregnant,2019,132.0
Viet Nam,VNM,Western Pacific,nonpregnant,2018,129.0
Cambodia,KHM,Western Pacific,nonpregnant,2014,120.0
Guatemala,GTM,Americas,nonpregnant,2000,130.0
Austria,AUT,Europe,nonpregnant,2003,132.0
Hungary,HUN,Europe,nonpregnant,2012,129.0
Cuba,CUB,Americas,nonpregnant,2018,130.0
Tunisia,TUN,Eastern Mediterranean,nonpregnant,2018,125.0
Zimbabwe,ZWE,Africa,nonpregnant,2016,127.0
Benin,BEN,Africa,nonpregnant,2002,114.0
Sweden,SWE,Europe,nonpregnant,2003,131.0
Tunisia,TUN,Eastern Mediterranean,nonpregnant,2019,125.0
Seychelles,SYC,Africa,nonpregnant,2002,127.0
Bahamas,BHS,Americas,nonpregnant,2009,132.0
Sri Lanka,LKA,South-East Asia,nonpregnant,2015,124.0
Micronesia (Federated States of),FSM,Western Pacific,nonpregnant,2012,129.0
Liberia,LBR,Africa,nonpregnant,2017,122.0
Türkiye,TUR,Europe,nonpregnant,2009,125.0
Türkiye,TUR,Europe,nonpregnant,2007,125.0
Barbados,BRB,Americas,nonpregnant,2015,131.0
Senegal,SEN,Africa,nonpregnant,2017,117.0
Slovakia,SVK,Europe,nonpregnant,2013,128.0
Tajikistan,TJK,Europe,nonpregnant,2017,124.0
Uzbekistan,UZB,Europe,nonpregnant,2001,120.0
Netherlands (Kingdom of the),NLD,Europe,nonpregnant,2002,132.0
Armenia,ARM,Europe,nonpregnant,2017,131.0
Pakistan,PAK,Eastern Mediterranean,nonpregnant,2004,121.0
Tunisia,TUN,Eastern Mediterranean,nonpregnant,2013,125.0
Monaco,MCO,Europe,nonpregnant,2010,132.0
Luxembourg,LUX,Europe,nonpregnant,2013,133.0
Uganda,UGA,Africa,nonpregnant,2010,127.0
Cote d'Ivoire,CIV,Africa,nonpregnant,2018,118.0
Malta,MLT,Europe,nonpregnant,2005,131.0
Denmark,DNK,Europe,nonpregnant,2018,131.0
Burkina Faso,BFA,Africa,nonpregnant,2007,117.0
Croatia,HRV,Europe,nonpregnant,2002,129.0
Mozambique,MOZ,Africa,nonpregnant,2005,119.0
Thailand,THA,South-East Asia,nonpregnant,2005,128.0
Slovakia,SVK,Europe,nonpregnant,2008,128.0
Iceland,ISL,Europe,nonpregnant,2011,133.0
Namibia,NAM,Africa,nonpregnant,2018,129.0
Romania,ROU,Europe,nonpregnant,2004,128.0
Naoero,NRU,Western Pacific,nonpregnant,2013,126.0
Burundi,BDI,Africa,nonpregnant,2008,127.0
Antigua and Barbuda,ATG,Americas,nonpregnant,2019,131.0
Sudan,SDN,Eastern Mediterranean,nonpregnant,2003,122.0
Senegal,SEN,Africa,nonpregnant,2009,115.0
Sri Lanka,LKA,South-East Asia,nonpregnant,2004,123.0
Cuba,CUB,Americas,nonpregnant,2012,130.0
Guinea-Bissau,GNB,Africa,nonpregnant,2011,119.0
Guyana,GUY,Americas,nonpregnant,2000,120.0
Senegal,SEN,Africa,nonpregnant,2016,117.0
Georgia,GEO,Europe,nonpregnant,2013,127.0
Lao People's Democratic Republic,LAO,Western Pacific,nonpregnant,2008,123.0
Ghana,GHA,Africa,nonpregnant,2019,124.0
Guinea,GIN,Africa,nonpregnant,2002,118.0
Azerbaijan,AZE,Europe,nonpregnant,2016,124.0
Liberia,LBR,Africa,nonpregnant,2007,120.0
Mauritius,MUS,Africa,nonpregnant,2001,132.0
Equatorial Guinea,GNQ,Africa,nonpregnant,2019,121.0
Seychelles,SYC,Africa,nonpregnant,2018,128.0
Mongolia,MNG,Western Pacific,nonpregnant,2015,132.0
Egypt,EGY,Eastern Mediterranean,nonpregnant,2002,124.0
Hungary,HUN,Europe,nonpregnant,2019,130.0
Vanuatu,VUT,Western Pacific,nonpregnant,2013,128.0
Sao Tome and Principe,STP,Africa,nonpregnant,2015,121.0
Tuvalu,TUV,Western Pacific,nonpregnant,2015,127.0
El Salvador,SLV,Americas,nonpregnant,2004,136.0
Nigeria,NGA,Africa,nonpregnant,2008,117.0
Saudi Arabia,SAU,Eastern Mediterranean,nonpregnant,2014,127.0
Bolivia (Plurinational State of),BOL,Americas,nonpregnant,2016,128.0
Burundi,BDI,Africa,nonpregnant,2012,127.0
El Salvador,SLV,Americas,nonpregnant,2003,136.0
Croatia,HRV,Europe,nonpregnant,2009,129.0
Trinidad and Tobago,TTO,Americas,nonpregnant,2018,131.0
Marshall Islands,MHL,Western Pacific,nonpregnant,2003,126.0
Singapore,SGP,Western Pacific,nonpregnant,2014,131.0
Madagascar,MDG,Africa,nonpregnant,2001,122.0
Paraguay,PRY,Americas,nonpregnant,2011,129.0
Italy,ITA,Europe,nonpregnant,2004,132.0
Mexico,MEX,Americas,nonpregnant,2002,131.0
Panama,PAN,Americas,nonpregnant,2013,129.0
Trinidad and Tobago,TTO,Americas,nonpregnant,2019,130.0
Syrian Arab Republic,SYR,Eastern Mediterranean,nonpregnant,2013,125.0
Afghanistan,AFG,Eastern Mediterranean,nonpregnant,2011,123.0
Mauritius,MUS,Africa,nonpregnant,2010,131.0
Luxembourg,LUX,Europe,nonpregnant,2014,133.0
Saint Vincent and the Grenadines,VCT,Americas,nonpregnant,2018,132.0
Paraguay,PRY,Americas,nonpregnant,2001,129.0
Netherlands (Kingdom of the),NLD,Europe,nonpregnant,2013,132.0
Barbados,BRB,Americas,nonpregnant,2002,130.0
Morocco,MAR,Eastern Mediterranean,nonpregnant,2006,125.0
Maldives,MDV,South-East Asia,nonpregnant,2000,119.0
Luxembourg,LUX,Europe,nonpregnant,2017,133.0
Saint Kitts and Nevis,KNA,Americas,nonpregnant,2018,132.0
Dominican Republic,DOM,Americas,nonpregnant,2003,124.0
Argentina,ARG,Americas,nonpregnant,2013,132.0
Mexico,MEX,Americas,nonpregnant,2015,133.0
Viet Nam,VNM,Western Pacific,nonpregnant,2006,129.0
Germany,DEU,Europe,nonpregnant,2014,132.0
Uruguay,URY,Americas,nonpregnant,2018,131.0
Syrian Arab Republic,SYR,Eastern Mediterranean,nonpregnant,2005,124.0
Pakistan,PAK,Eastern Mediterranean,nonpregnant,2008,121.0
Tuvalu,TUV,Western Pacific,nonpregnant,2009,128.0
Bulgaria,BGR,Europe,nonpregnant,2001,128.0
Belize,BLZ,Americas,nonpregnant,2017,130.0
Tuvalu,TUV,Western Pacific,nonpregnant,2006,128.0
United States of America,USA,Americas,nonpregnant,2016,132.0
Brazil,BRA,Americas,nonpregnant,2001,128.0
Peru,PER,Americas,nonpregnant,2018,129.0
Malaysia,MYS,Western Pacific,nonpregnant,2008,125.0
Finland,FIN,Europe,nonpregnant,2001,132.0
Finland,FIN,Europe,nonpregnant,2019,132.0
Mauritania,MRT,Africa,nonpregnant,2007,120.0
Barbados,BRB,Americas,nonpregnant,2000,130.0
Luxembourg,LUX,Europe,nonpregnant,2002,133.0
Kuwait,KWT,Eastern Mediterranean,nonpregnant,2004,129.0
Cambodia,KHM,Western Pacific,nonpregnant,2009,120.0
Congo,COG,Africa,nonpregnant,2013,118.0
New Zealand,NZL,Western Pacific,nonpregnant,2014,132.0
Malaysia,MYS,Western Pacific,nonpregnant,2013,125.0
Ethiopia,ETH,Africa,nonpregnant,2003,127.0
Cote d'Ivoire,CIV,Africa,nonpregnant,2002,117.0
Fiji,FJI,Western Pacific,nonpregnant,2005,124.0
Timor-Leste,TLS,South-East Asia,nonpregnant,2017,126.0
Kenya,KEN,Africa,nonpregnant,2018,128.0
Fiji,FJI,Western Pacific,nonpregnant,2000,124.0
Greece,GRC,Europe,nonpregnant,2009,131.0
Sudan,SDN,Eastern Mediterranean,nonpregnant,2017,123.0
Iceland,ISL,Europe,nonpregnant,2002,133.0
Brazil,BRA,Americas,nonpregnant,2017,132.0
Malawi,MWI,Africa,nonpregnant,2015,127.0
Gabon,GAB,Africa,nonpregnant,2017,117.0
Pakistan,PAK,Eastern Mediterranean,nonpregnant,2012,121.0
Mali,MLI,Africa,nonpregnant,2014,116.0
Uganda,UGA,Africa,nonpregnant,2009,126.0
United Kingdom of Great Britain and Northern Ireland,GBR,Europe,nonpregnant,2000,132.0
Iran (Islamic Republic of),IRN,Eastern Mediterranean,nonpregnant,2017,128.0
Yemen,YEM,Eastern Mediterranean,nonpregnant,2013,113.0
Palau,PLW,Western Pacific,nonpregnant,2015,127.0
Lebanon,LBN,Eastern Mediterranean,nonpregnant,2003,127.0
Saint Vincent and the Grenadines,VCT,Americas,nonpregnant,2013,132.0
Dominica,DMA,Americas,nonpregnant,2003,129.0
Chad,TCD,Africa,nonpregnant,2008,118.0
Vanuatu,VUT,Western Pacific,nonpregnant,2016,128.0
Saudi Arabia,SAU,Eastern Mediterranean,nonpregnant,2007,126.0
Antigua and Barbuda,ATG,Americas,nonpregnant,2002,129.0
San Marino,SMR,Europe,nonpregnant,2019,131.0
Palau,PLW,Western Pacific,nonpregnant,2009,127.0
Bolivia (Plurinational State of),BOL,Americas,nonpregnant,2001,126.0
New Zealand,NZL,Western Pacific,nonpregnant,2006,133.0
Niger,NER,Africa,nonpregnant,2003,119.0
Iran (Islamic Republic of),IRN,Eastern Mediterranean,nonpregnant,2015,128.0
Russian Federation,RUS,Europe,nonpregnant,2006,129.0
United Republic of Tanzania,TZA,Africa,nonpregnant,2014,123.0
Russian Federation,RUS,Europe,nonpregnant,2008,129.0
Uzbekistan,UZB,Europe,nonpregnant,2013,126.0
Papua New Guinea,PNG,Western Pacific,nonpregnant,2018,125.0
Gambia,GMB,Africa,nonpregnant,2000,113.0
United Republic of Tanzania,TZA,Africa,nonpregnant,2006,121.0
Venezuela (Bolivarian Republic of),VEN,Americas,nonpregnant,2010,129.0
Croatia,HRV,Europe,nonpregnant,2019,129.0
Afghanistan,AFG,Eastern Mediterranean,nonpregnant,2015,122.0
Austria,AUT,Europe,nonpregnant,2012,132.0
Tonga,TON,Western Pacific,nonpregnant,2000,127.0
Bulgaria,BGR,Europe,nonpregnant,2008,128.0
Andorra,AND,Europe,nonpregnant,2008,132.0
Madagascar,MDG,Africa,nonpregnant,2008,123.0
Lithuania,LTU,Europe,nonpregnant,2013,130.0
Dominica,DMA,Americas,nonpregnant,2016,130.0
Guinea-Bissau,GNB,Africa,nonpregnant,2012,119.0
Egypt,EGY,Eastern Mediterranean,nonpregnant,2000,124.0
Congo,COG,Africa,nonpregnant,2001,116.0
Brunei Darussalam,BRN,Western Pacific,nonpregnant,2004,130.0
Netherlands (Kingdom of the),NLD,Europe,nonpregnant,2000,132.0
Guyana,GUY,Americas,nonpregnant,2003,121.0
Vanuatu,VUT,Western Pacific,nonpregnant,2003,127.0
Trinidad and Tobago,TTO,Americas,nonpregnant,2001,128.0
Cameroon,CMR,Africa,nonpregnant,2000,122.0
Greece,GRC,Europe,nonpregnant,2004,131.0
Eritrea,ERI,Africa,nonpregnant,2018,124.0
Czechia,CZE,Europe,nonpregnant,2000,130.0
North Macedonia,MKD,Europe,nonpregnant,2012,131.0
Kiribati,KIR,Western Pacific,nonpregnant,2010,126.0
Burkina Faso,BFA,Africa,nonpregnant,2011,118.0
Cabo Verde,CPV,Africa,nonpregnant,2015,127.0
Nepal,NPL,South-East Asia,nonpregnant,2019,124.0
Ireland,IRL,Europe,nonpregnant,2008,132.0
Malta,MLT,Europe,nonpregnant,2002,131.0
Belarus,BLR,Europe,nonpregnant,2009,130.0
Marshall Islands,MHL,Western Pacific,nonpregnant,2008,126.0
Norway,NOR,Europe,nonpregnant,2007,132.0
Saint Kitts and Nevis,KNA,Americas,nonpregnant,2009,131.0
Uganda,UGA,Africa,nonpregnant,2001,124.0
Philippines,PHL,Western Pacific,nonpregnant,2014,131.0
Uzbekistan,UZB,Europe,nonpregnant,2009,124.0
Israel,ISR,Europe,nonpregnant,2000,131.0
Antigua and Barbuda,ATG,Americas,nonpregnant,2018,131.0
Congo,COG,Africa,nonpregnant,2005,116.0
Peru,PER,Americas,nonpregnant,2016,129.0
Botswana,BWA,Africa,nonpregnant,2006,125.0
Denmark,DNK,Europe,nonpregnant,2019,131.0
Czechia,CZE,Europe,nonpregnant,2003,130.0
Iceland,ISL,Europe,nonpregnant,2015,133.0
Estonia,EST,Europe,nonpregnant,2010,129.0
Bulgaria,BGR,Europe,nonpregnant,2016,128.0
Uruguay,URY,Americas,nonpregnant,2002,132.0
Lithuania,LTU,Europe,nonpregnant,2007,130.0
Saudi Arabia,SAU,Eastern Mediterranean,nonpregnant,2001,126.0
Bahrain,BHR,Eastern Mediterranean,nonpregnant,2007,123.0
Malta,MLT,Europe,nonpregnant,2004,131.0
Cook Islands,COK,Western Pacific,nonpregnant,2009,127.0
Liberia,LBR,Africa,nonpregnant,2000,118.0
Serbia,SRB,Europe,nonpregnant,2003,129.0
Lithuania,LTU,Europe,nonpregnant,2017,130.0
Naoero,NRU,Western Pacific,nonpregnant,2018,126.0
Equatorial Guinea,GNQ,Africa,nonpregnant,2001,116.0
China,CHN,Western Pacific,nonpregnant,2009,132.0
Bangladesh,BGD,South-East Asia,nonpregnant,2002,124.0
Mali,MLI,Africa,nonpregnant,2011,115.0
Republic of Moldova,MDA,Europe,nonpregnant,2014,127.0
United Kingdom of Great Britain and Northern Ireland,GBR,Europe,nonpregnant,2017,132.0
Kiribati,KIR,Western Pacific,nonpregnant,2005,126.0
Cabo Verde,CPV,Africa,nonpregnant,2010,127.0
Bolivia (Plurinational State of),BOL,Americas,nonpregnant,2010,127.0
Bangladesh,BGD,South-East Asia,nonpregnant,2001,124.0
Portugal,PRT,Europe,nonpregnant,2006,132.0
Peru,PER,Americas,nonpregnant,2003,126.0
New Zealand,NZL,Western Pacific,nonpregnant,2010,133.0
Lithuania,LTU,Europe,nonpregnant,2014,130.0
Switzerland,CHE,Europe,nonpregnant,2003,132.0
Bulgaria,BGR,Europe,nonpregnant,2012,128.0
Kenya,KEN,Africa,nonpregnant,2008,128.0
Nepal,NPL,South-East Asia,nonpregnant,2018,124.0
Georgia,GEO,Europe,nonpregnant,2019,126.0
Jamaica,JAM,Americas,nonpregnant,2003,129.0
Colombia,COL,Americas,nonpregnant,2000,126.0
Lithuania,LTU,Europe,nonpregnant,2003,129.0
Kuwait,KWT,Eastern Mediterranean,nonpregnant,2009,129.0
Gabon,GAB,Africa,nonpregnant,2011,116.0
Brunei Darussalam,BRN,Western Pacific,nonpregnant,2010,131.0
Tajikistan,TJK,Europe,nonpregnant,2016,125.0
Afghanistan,AFG,Eastern Mediterranean,nonpregnant,2000,125.0
Pakistan,PAK,Eastern Mediterranean,nonpregnant,2001,121.0
Austria,AUT,Europe,nonpregnant,2013,131.0
Austria,AUT,Europe,nonpregnant,2019,131.0
Botswana,BWA,Africa,nonpregnant,2014,126.0
Republic of Moldova,MDA,Europe,nonpregnant,2007,127.0
Malaysia,MYS,Western Pacific,nonpregnant,2000,123.0
Mexico,MEX,Americas,nonpregnant,2008,132.0
Suriname,SUR,Americas,nonpregnant,2016,130.0
United Kingdom of Great Britain and Northern Ireland,GBR,Europe,nonpregnant,2001,132.0
Portugal,PRT,Europe,nonpregnant,2007,132.0
Malaysia,MYS,Western Pacific,nonpregnant,2004,124.0
Paraguay,PRY,Americas,nonpregnant,2000,129.0
Turkmenistan,TKM,Europe,nonpregnant,2001,125.0
Morocco,MAR,Eastern Mediterranean,nonpregnant,2004,125.0
Kazakhstan,KAZ,Europe,nonpregnant,2012,127.0
South Africa,ZAF,Africa,nonpregnant,2018,127.0
Mozambique,MOZ,Africa,nonpregnant,2007,119.0
Russian Federation,RUS,Europe,nonpregnant,2019,129.0
Nicaragua,NIC,Americas,nonpregnant,2007,132.0
Azerbaijan,AZE,Europe,nonpregnant,2018,124.0
Paraguay,PRY,Americas,nonpregnant,2002,129.0
Kuwait,KWT,Eastern Mediterranean,nonpregnant,2000,128.0
Slovakia,SVK,Europe,nonpregnant,2019,128.0
Republic of Korea,KOR,Western Pacific,nonpregnant,2003,128.0
Trinidad and Tobago,TTO,Americas,nonpregnant,2014,131.0
Guinea-Bissau,GNB,Africa,nonpregnant,2013,119.0
Niger,NER,Africa,nonpregnant,2015,119.0
Solomon Islands,SLB,Western Pacific,nonpregnant,2019,123.0
Singapore,SGP,Western Pacific,nonpregnant,2016,131.0
Slovenia,SVN,Europe,nonpregnant,2006,129.0
China,CHN,Western Pacific,nonpregnant,2012,133.0
Russian Federation,RUS,Europe,nonpregnant,2002,129.0
Jordan,JOR,Eastern Mediterranean,nonpregnant,2008,126.0
Tajikistan,TJK,Europe,nonpregnant,2006,124.0
Brunei Darussalam,BRN,Western Pacific,nonpregnant,2003,130.0
Syrian Arab Republic,SYR,Eastern Mediterranean,nonpregnant,2018,125.0
Paraguay,PRY,Americas,nonpregnant,2013,129.0
Belize,BLZ,Americas,nonpregnant,2009,129.0
Burundi,BDI,Africa,nonpregnant,2001,125.0
South Sudan,SSD,Africa,nonpregnant,2019,124.0
Syrian Arab Republic,SYR,Eastern Mediterranean,nonpregnant,2003,124.0
Malawi,MWI,Africa,nonpregnant,2000,124.0
Timor-Leste,TLS,South-East Asia,nonpregnant,2013,127.0
Equatorial Guinea,GNQ,Africa,nonpregnant,2016,120.0
Russian Federation,RUS,Europe,nonpregnant,2013,129.0
Ethiopia,ETH,Africa,nonpregnant,2016,130.0
Lesotho,LSO,Africa,nonpregnant,2019,128.0
Australia,AUS,Western Pacific,nonpregnant,2006,134.0
Spain,ESP,Europe,nonpregnant,2019,131.0
Kyrgyzstan,KGZ,Europe,nonpregnant,2012,124.0
Serbia,SRB,Europe,nonpregnant,2012,129.0
Ukraine,UKR,Europe,nonpregnant,2005,134.0
Rwanda,RWA,Africa,nonpregnant,2007,131.0
Naoero,NRU,Western Pacific,nonpregnant,2016,126.0
Tunisia,TUN,Eastern Mediterranean,nonpregnant,2010,125.0
Lao People's Democratic Republic,LAO,Western Pacific,nonpregnant,2001,121.0
South Africa,ZAF,Africa,nonpregnant,2003,125.0
Ghana,GHA,Africa,nonpregnant,2007,119.0
Saint Lucia,LCA,Americas,nonpregnant,2003,132.0
Pakistan,PAK,Eastern Mediterranean,nonpregnant,2010,121.0
Peru,PER,Americas,nonpregnant,2015,129.0
Naoero,NRU,Western Pacific,nonpregnant,2017,126.0
Liberia,LBR,Africa,nonpregnant,2001,118.0
Vanuatu,VUT,Western Pacific,nonpregnant,2004,127.0
Switzerland,CHE,Europe,nonpregnant,2006,132.0
Ghana,GHA,Africa,nonpregnant,2011,121.0
Cook Islands,COK,Western Pacific,nonpregnant,2007,127.0
Malawi,MWI,Africa,nonpregnant,2010,126.0
Equatorial Guinea,GNQ,Africa,nonpregnant,2010,119.0
Malawi,MWI,Africa,nonpregnant,2001,124.0
Israel,ISR,Europe,nonpregnant,2005,132.0
Albania,ALB,Europe,nonpregnant,2006,128.0
Tunisia,TUN,Eastern Mediterranean,nonpregnant,2001,125.0
Congo,COG,Africa,nonpregnant,2006,117.0
Republic of Korea,KOR,Western Pacific,nonpregnant,2016,130.0
New Zealand,NZL,Western Pacific,nonpregnant,2004,133.0
Comoros,COM,Africa,nonpregnant,2016,125.0
Turkmenistan,TKM,Europe,nonpregnant,2012,127.0
Egypt,EGY,Eastern Mediterranean,nonpregnant,2006,124.0
Benin,BEN,Africa,nonpregnant,2009,116.0
Djibouti,DJI,Eastern Mediterranean,nonpregnant,2007,126.0
Mauritius,MUS,Africa,nonpregnant,2008,132.0
Lesotho,LSO,Africa,nonpregnant,2016,128.0
Luxembourg,LUX,Europe,nonpregnant,2007,133.0
Burkina Faso,BFA,Africa,nonpregnant,2004,117.0
Somalia,SOM,Eastern Mediterranean,nonpregnant,2003,120.0
Germany,DEU,Europe,nonpregnant,2000,132.0
Nicaragua,NIC,Americas,nonpregnant,2013,133.0
Egypt,EGY,Eastern Mediterranean,nonpregnant,2008,124.0
Dominican Republic,DOM,Americas,nonpregnant,2015,127.0
Mali,MLI,Africa,nonpregnant,2013,116.0
Bahrain,BHR,Eastern Mediterranean,nonpregnant,2005,122.0
Eritrea,ERI,Africa,nonpregnant,2010,124.0
Lebanon,LBN,Eastern Mediterranean,nonpregnant,2008,127.0
Malta,MLT,Europe,nonpregnant,2008,131.0
Norway,NOR,Europe,nonpregnant,2019,131.0
Botswana,BWA,Africa,nonpregnant,2001,124.0
Turkmenistan,TKM,Europe,nonpregnant,2008,127.0
North Macedonia,MKD,Europe,nonpregnant,2004,132.0
Spain,ESP,Europe,nonpregnant,2000,132.0
Benin,BEN,Africa,nonpregnant,2017,117.0
Belize,BLZ,Americas,nonpregnant,2003,128.0
Tuvalu,TUV,Western Pacific,nonpregnant,2002,128.0
Costa Rica,CRI,Americas,nonpregnant,2003,131.0
Lesotho,LSO,Africa,nonpregnant,2001,124.0
Paraguay,PRY,Americas,nonpregnant,2010,129.0
Maldives,MDV,South-East Asia,nonpregnant,2004,120.0
Afghanistan,AFG,Eastern Mediterranean,nonpregnant,2019,121.0
Monaco,MCO,Europe,nonpregnant,2002,132.0
Chad,TCD,Africa,nonpregnant,2016,120.0
Tonga,TON,Western Pacific,nonpregnant,2007,127.0
Gambia,GMB,Africa,nonpregnant,2005,114.0
Chile,CHL,Americas,nonpregnant,2018,134.0
Gambia,GMB,Africa,nonpregnant,2010,115.0
Central African Republic,CAF,Africa,nonpregnant,2011,120.0
Central African Republic,CAF,Africa,nonpregnant,2003,119.0
Eswatini,SWZ,Africa,nonpregnant,2008,126.0
Cambodia,KHM,Western Pacific,nonpregnant,2003,118.0
Angola,AGO,Africa,nonpregnant,2006,119.0
Mozambique,MOZ,Africa,nonpregnant,2003,119.0
Senegal,SEN,Africa,nonpregnant,2019,118.0
Türkiye,TUR,Europe,nonpregnant,2017,126.0
Dominica,DMA,Americas,nonpregnant,2013,130.0
Panama,PAN,Americas,nonpregnant,2009,128.0
Ukraine,UKR,Europe,nonpregnant,2006,133.0
Austria,AUT,Europe,nonpregnant,2001,132.0
Italy,ITA,Europe,nonpregnant,2008,132.0
Egypt,EGY,Eastern Mediterranean,nonpregnant,2019,126.0
Saudi Arabia,SAU,Eastern Mediterranean,nonpregnant,2016,127.0
Croatia,HRV,Europe,nonpregnant,2017,129.0
Israel,ISR,Europe,nonpregnant,2004,132.0
Cuba,CUB,Americas,nonpregnant,2013,130.0
Bosnia and Herzegovina,BIH,Europe,nonpregnant,2013,128.0
Albania,ALB,Europe,nonpregnant,2014,128.0
Malta,MLT,Europe,nonpregnant,2018,131.0
Ukraine,UKR,Europe,nonpregnant,2018,131.0
Iraq,IRQ,Eastern Mediterranean,nonpregnant,2003,121.0
China,CHN,Western Pacific,nonpregnant,2016,133.0
Guyana,GUY,Americas,nonpregnant,2016,125.0
Myanmar,MMR,South-East Asia,nonpregnant,2015,122.0
El Salvador,SLV,Americas,nonpregnant,2005,136.0
Suriname,SUR,Americas,nonpregnant,2004,128.0
Estonia,EST,Europe,nonpregnant,2013,129.0
Niue,NIU,Western Pacific,nonpregnant,2013,127.0
Italy,ITA,Europe,nonpregnant,2010,132.0
Qatar,QAT,Eastern Mediterranean,nonpregnant,2001,125.0
Kuwait,KWT,Eastern Mediterranean,nonpregnant,2016,128.0
Saint Lucia,LCA,Americas,nonpregnant,2008,133.0
Saint Lucia,LCA,Americas,nonpregnant,2005,132.0
Czechia,CZE,Europe,nonpregnant,2005,130.0
Mexico,MEX,Americas,nonpregnant,2000,130.0
China,CHN,Western Pacific,nonpregnant,2001,130.0
Egypt,EGY,Eastern Mediterranean,nonpregnant,2016,126.0
Qatar,QAT,Eastern Mediterranean,nonpregnant,2016,126.0
Niue,NIU,Western Pacific,nonpregnant,2010,128.0
Jamaica,JAM,Americas,nonpregnant,2018,130.0
Spain,ESP,Europe,nonpregnant,2002,132.0
Czechia,CZE,Europe,nonpregnant,2015,129.0
Seychelles,SYC,Africa,nonpregnant,2001,127.0
Norway,NOR,Europe,nonpregnant,2018,132.0
Serbia,SRB,Europe,nonpregnant,2002,129.0
Jamaica,JAM,Americas,nonpregnant,2017,130.0
United Arab Emirates,ARE,Eastern Mediterranean,nonpregnant,2000,128.0
Saint Vincent and the Grenadines,VCT,Americas,nonpregnant,2000,128.0
Namibia,NAM,Africa,nonpregnant,2009,129.0
Bahamas,BHS,Americas,nonpregnant,2011,133.0
Timor-Leste,TLS,South-East Asia,nonpregnant,2000,123.0
Andorra,AND,Europe,nonpregnant,2012,132.0
Ghana,GHA,Africa,nonpregnant,2002,119.0
Somalia,SOM,Eastern Mediterranean,nonpregnant,2001,120.0
Fiji,FJI,Western Pacific,nonpregnant,2014,124.0
Slovenia,SVN,Europe,nonpregnant,2015,129.0
Chile,CHL,Americas,nonpregnant,2019,134.0
Viet Nam,VNM,Western Pacific,nonpregnant,2010,130.0
Greece,GRC,Europe,nonpregnant,2016,131.0
Montenegro,MNE,Europe,nonpregnant,2012,131.0
Germany,DEU,Europe,nonpregnant,2007,132.0
Lebanon,LBN,Eastern Mediterranean,nonpregnant,2017,126.0
Guinea,GIN,Africa,nonpregnant,2013,119.0
Pakistan,PAK,Eastern Mediterranean,nonpregnant,2018,121.0
Eritrea,ERI,Africa,nonpregnant,2019,124.0
Zimbabwe,ZWE,Africa,nonpregnant,2004,125.0
Oman,OMN,Eastern Mediterranean,nonpregnant,2006,125.0
Bosnia and Herzegovina,BIH,Europe,nonpregnant,2016,128.0
Peru,PER,Americas,nonpregnant,2017,129.0
Burkina Faso,BFA,Africa,nonpregnant,2006,117.0
Cuba,CUB,Americas,nonpregnant,2000,126.0
Saint Kitts and Nevis,KNA,Americas,nonpregnant,2014,132.0
Central African Republic,CAF,Africa,nonpregnant,2008,119.0
Nigeria,NGA,Africa,nonpregnant,2002,116.0
Kyrgyzstan,KGZ,Europe,nonpregnant,2015,124.0
Nicaragua,NIC,Americas,nonpregnant,2014,133.0
Sri Lanka,LKA,South-East Asia,nonpregnant,2013,124.0
Singapore,SGP,Western Pacific,nonpregnant,2002,131.0
Venezuela (Bolivarian Republic of),VEN,Americas,nonpregnant,2001,127.0
Norway,NOR,Europe,nonpregnant,2011,132.0
Guinea-Bissau,GNB,Africa,nonpregnant,2009,118.0
Canada,CAN,Americas,nonpregnant,2001,133.0
Qatar,QAT,Eastern Mediterranean,nonpregnant,2014,126.0
Estonia,EST,Europe,nonpregnant,2014,129.0
Bangladesh,BGD,South-East Asia,nonpregnant,2012,123.0
Spain,ESP,Europe,nonpregnant,2011,132.0
Bahamas,BHS,Americas,nonpregnant,2000,131.0
Barbados,BRB,Americas,nonpregnant,2018,131.0
Russian Federation,RUS,Europe,nonpregnant,2014,129.0
Liberia,LBR,Africa,nonpregnant,2009,121.0
Lebanon,LBN,Eastern Mediterranean,nonpregnant,2002,127.0
Tajikistan,TJK,Europe,nonpregnant,2010,125.0
Turkmenistan,TKM,Europe,nonpregnant,2007,127.0
Eswatini,SWZ,Africa,nonpregnant,2013,127.0
Indonesia,IDN,Western Pacific,nonpregnant,2011,126.0
Eswatini,SWZ,Africa,nonpregnant,2001,125.0
Gabon,GAB,Africa,nonpregnant,2018,118.0
South Africa,ZAF,Africa,nonpregnant,2008,126.0
Japan,JPN,Western Pacific,nonpregnant,2004,127.0
Central African Republic,CAF,Africa,nonpregnant,2007,119.0
Angola,AGO,Africa,nonpregnant,2003,119.0
Zambia,ZMB,Africa,nonpregnant,2016,126.0
Australia,AUS,Western Pacific,nonpregnant,2009,134.0
Croatia,HRV,Europe,nonpregnant,2018,129.0
Niger,NER,Africa,nonpregnant,2019,119.0
Pakistan,PAK,Eastern Mediterranean,nonpregnant,2013,121.0
El Salvador,SLV,Americas,nonpregnant,2015,135.0
Lithuania,LTU,Europe,nonpregnant,2012,130.0
Tajikistan,TJK,Europe,nonpregnant,2004,124.0
France,FRA,Europe,nonpregnant,2015,133.0
Lesotho,LSO,Africa,nonpregnant,2011,128.0
Barbados,BRB,Americas,nonpregnant,2010,131.0
Zambia,ZMB,Africa,nonpregnant,2002,125.0
Saint Lucia,LCA,Americas,nonpregnant,2019,133.0
North Macedonia,MKD,Europe,nonpregnant,2008,131.0
Democratic People's Republic of Korea,PRK,South-East Asia,nonpregnant,2005,125.0
Iceland,ISL,Europe,nonpregnant,2005,133.0
Brunei Darussalam,BRN,Western Pacific,nonpregnant,2018,130.0
Lebanon,LBN,Eastern Mediterranean,nonpregnant,2010,127.0
Zambia,ZMB,Africa,nonpregnant,2000,125.0
Malawi,MWI,Africa,nonpregnant,2016,127.0
Zimbabwe,ZWE,Africa,nonpregnant,2000,125.0
"occupied Palestinian territory, including east Jerusalem",PSE,Eastern Mediterranean,nonpregnant,2017,127.0
Canada,CAN,Americas,nonpregnant,2015,133.0
Eritrea,ERI,Africa,nonpregnant,2005,123.0
Montenegro,MNE,Europe,nonpregnant,2018,131.0
United States of America,USA,Americas,nonpregnant,2012,133.0
Myanmar,MMR,South-East Asia,nonpregnant,2017,122.0
Congo,COG,Africa,nonpregnant,2002,116.0
El Salvador,SLV,Americas,nonpregnant,2014,135.0
Antigua and Barbuda,ATG,Americas,nonpregnant,2008,131.0
Cook Islands,COK,Western Pacific,nonpregnant,2017,127.0
Algeria,DZA,Africa,nonpregnant,2003,123.0
Afghanistan,AFG,Eastern Mediterranean,nonpregnant,2008,124.0
Bahrain,BHR,Eastern Mediterranean,nonpregnant,2004,122.0
Italy,ITA,Europe,nonpregnant,2006,132.0
Honduras,HND,Americas,nonpregnant,2003,130.0
Cambodia,KHM,Western Pacific,nonpregnant,2011,120.0
Jamaica,JAM,Americas,nonpregnant,2014,130.0
Myanmar,MMR,South-East Asia,nonpregnant,2014,122.0
Singapore,SGP,Western Pacific,nonpregnant,2008,132.0
Latvia,LVA,Europe,nonpregnant,2009,129.0
Belgium,BEL,Europe,nonpregnant,2012,132.0
Monaco,MCO,Europe,nonpregnant,2014,132.0
Republic of Moldova,MDA,Europe,nonpregnant,2001,126.0
Haiti,HTI,Americas,nonpregnant,2009,119.0
"occupied Palestinian territory, including east Jerusalem",PSE,Eastern Mediterranean,nonpregnant,2005,126.0
Zimbabwe,ZWE,Africa,nonpregnant,2015,127.0
Suriname,SUR,Americas,nonpregnant,2015,130.0
Philippines,PHL,Western Pacific,nonpregnant,2003,128.0
Bhutan,BTN,South-East Asia,nonpregnant,2018,123.0
Angola,AGO,Africa,nonpregnant,2018,121.0
Seychelles,SYC,Africa,nonpregnant,2019,128.0
Guinea-Bissau,GNB,Africa,nonpregnant,2010,119.0
Democratic People's Republic of Korea,PRK,South-East Asia,nonpregnant,2002,125.0
Pakistan,PAK,Eastern Mediterranean,nonpregnant,2011,120.0
Malawi,MWI,Africa,nonpregnant,2007,125.0
Cameroon,CMR,Africa,nonpregnant,2014,122.0
Serbia,SRB,Europe,nonpregnant,2010,129.0
Venezuela (Bolivarian Republic of),VEN,Americas,nonpregnant,2003,127.0
Tonga,TON,Western Pacific,nonpregnant,2012,127.0
Djibouti,DJI,Eastern Mediterranean,nonpregnant,2018,126.0
Gambia,GMB,Africa,nonpregnant,2006,114.0
Israel,ISR,Europe,nonpregnant,2009,132.0
Solomon Islands,SLB,Western Pacific,nonpregnant,2009,123.0
Tajikistan,TJK,Europe,nonpregnant,2011,125.0
Seychelles,SYC,Africa,nonpregnant,2011,129.0
Uruguay,URY,Americas,nonpregnant,2013,132.0
Luxembourg,LUX,Europe,nonpregnant,2006,133.0
Equatorial Guinea,GNQ,Africa,nonpregnant,2015,120.0
Cote d'Ivoire,CIV,Africa,nonpregnant,2001,117.0
Palau,PLW,Western Pacific,nonpregnant,2004,127.0
Argentina,ARG,Americas,nonpregnant,2003,131.0
Bolivia (Plurinational State of),BOL,Americas,nonpregnant,2014,128.0
Croatia,HRV,Europe,nonpregnant,2004,129.0
Cambodia,KHM,Western Pacific,nonpregnant,2005,119.0
Mauritania,MRT,Africa,nonpregnant,2005,120.0
Finland,FIN,Europe,nonpregnant,2004,132.0
Mali,MLI,Africa,nonpregnant,2016,115.0
Jamaica,JAM,Americas,nonpregnant,2008,130.0
Serbia,SRB,Europe,nonpregnant,2007,129.0
Iran (Islamic Republic of),IRN,Eastern Mediterranean,nonpregnant,2013,128.0
Belarus,BLR,Europe,nonpregnant,2016,130.0
Armenia,ARM,Europe,nonpregnant,2010,130.0
Jamaica,JAM,Americas,nonpregnant,2001,128.0
Republic of Moldova,MDA,Europe,nonpregnant,2000,126.0
Timor-Leste,TLS,South-East Asia,nonpregnant,2019,126.0
Guinea,GIN,Africa,nonpregnant,2004,118.0
Mongolia,MNG,Western Pacific,nonpregnant,2010,132.0
Sao Tome and Principe,STP,Africa,nonpregnant,2005,119.0
Mongolia,MNG,Western Pacific,nonpregnant,2013,132.0
Republic of Korea,KOR,Western Pacific,nonpregnant,2007,129.0
Hungary,HUN,Europe,nonpregnant,2004,130.0
Burundi,BDI,Africa,nonpregnant,2017,124.0
Georgia,GEO,Europe,nonpregnant,2007,126.0
Niue,NIU,Western Pacific,nonpregnant,2012,127.0
San Marino,SMR,Europe,nonpregnant,2001,132.0
Sudan,SDN,Eastern Mediterranean,nonpregnant,2010,123.0
Bahamas,BHS,Americas,nonpregnant,2002,132.0
Azerbaijan,AZE,Europe,nonpregnant,2003,122.0
Panama,PAN,Americas,nonpregnant,2004,127.0
Senegal,SEN,Africa,nonpregnant,2008,115.0
Liberia,LBR,Africa,nonpregnant,2015,122.0
Canada,CAN,Americas,nonpregnant,2007,133.0
Maldives,MDV,South-East Asia,nonpregnant,2013,120.0
China,CHN,Western Pacific,nonpregnant,2007,132.0
Bahrain,BHR,Eastern Mediterranean,nonpregnant,2002,122.0
Kazakhstan,KAZ,Europe,nonpregnant,2007,126.0
Republic of Korea,KOR,Western Pacific,nonpregnant,2005,129.0
Bahamas,BHS,Americas,nonpregnant,2006,132.0
Egypt,EGY,Eastern Mediterranean,nonpregnant,2012,125.0
Japan,JPN,Western Pacific,nonpregnant,2007,128.0
Iran (Islamic Republic of),IRN,Eastern Mediterranean,nonpregnant,2010,128.0
Bulgaria,BGR,Europe,nonpregnant,2011,128.0
Algeria,DZA,Africa,nonpregnant,2006,124.0
Armenia,ARM,Europe,nonpregnant,2019,131.0
North Macedonia,MKD,Europe,nonpregnant,2002,132.0
Paraguay,PRY,Americas,nonpregnant,2018,128.0
Turkmenistan,TKM,Europe,nonpregnant,2011,127.0
Tuvalu,TUV,Western Pacific,nonpregnant,2012,128.0
Niger,NER,Africa,nonpregnant,2017,119.0
Chile,CHL,Americas,nonpregnant,2008,134.0
Pakistan,PAK,Eastern Mediterranean,nonpregnant,2009,121.0
Palau,PLW,Western Pacific,nonpregnant,2003,127.0
Kiribati,KIR,Western Pacific,nonpregnant,2007,126.0
Nepal,NPL,South-East Asia,nonpregnant,2009,124.0
Belarus,BLR,Europe,nonpregnant,2010,130.0
Burundi,BDI,Africa,nonpregnant,2005,127.0
Azerbaijan,AZE,Europe,nonpregnant,2019,124.0
Ukraine,UKR,Europe,nonpregnant,2015,132.0
Burundi,BDI,Africa,nonpregnant,2019,123.0
Ethiopia,ETH,Africa,nonpregnant,2012,130.0
Venezuela (Bolivarian Republic of),VEN,Americas,nonpregnant,2002,127.0
Morocco,MAR,Eastern Mediterranean,nonpregnant,2017,126.0
Poland,POL,Europe,nonpregnant,2010,130.0
Ukraine,UKR,Europe,nonpregnant,2019,131.0
Afghanistan,AFG,Eastern Mediterranean,nonpregnant,2014,123.0
Comoros,COM,Africa,nonpregnant,2017,125.0
Azerbaijan,AZE,Europe,nonpregnant,2015,124.0
Kiribati,KIR,Western Pacific,nonpregnant,2011,126.0
Uzbekistan,UZB,Europe,nonpregnant,2012,126.0
Colombia,COL,Americas,nonpregnant,2016,130.0
Antigua and Barbuda,ATG,Americas,nonpregnant,2011,131.0
Liberia,LBR,Africa,nonpregnant,2010,121.0
Colombia,COL,Americas,nonpregnant,2012,129.0
Palau,PLW,Western Pacific,nonpregnant,2017,126.0
Iraq,IRQ,Eastern Mediterranean,nonpregnant,2006,122.0
Liberia,LBR,Africa,nonpregnant,2008,120.0
Brazil,BRA,Americas,nonpregnant,2004,128.0
Malawi,MWI,Africa,nonpregnant,2018,126.0
Ukraine,UKR,Europe,nonpregnant,2003,134.0
Norway,NOR,Europe,nonpregnant,2010,132.0
Tunisia,TUN,Eastern Mediterranean,nonpregnant,2015,125.0
Uruguay,URY,Americas,nonpregnant,2001,132.0
United States of America,USA,Americas,nonpregnant,2004,135.0
Australia,AUS,Western Pacific,nonpregnant,2001,134.0
Saint Kitts and Nevis,KNA,Americas,nonpregnant,2002,130.0
India,IND,South-East Asia,nonpregnant,2014,117.0
Belgium,BEL,Europe,nonpregnant,2008,132.0
Bahrain,BHR,Eastern Mediterranean,nonpregnant,2008,123.0
Nepal,NPL,South-East Asia,nonpregnant,2003,122.0
Mozambique,MOZ,Africa,nonpregnant,2014,119.0
Togo,TGO,Africa,nonpregnant,2009,120.0
Mali,MLI,Africa,nonpregnant,2006,114.0
"occupied Palestinian territory, including east Jerusalem",PSE,Eastern Mediterranean,nonpregnant,2018,127.0
Belarus,BLR,Europe,nonpregnant,2018,129.0
Armenia,ARM,Europe,nonpregnant,2016,131.0
Andorra,AND,Europe,nonpregnant,2018,132.0
Austria,AUT,Europe,nonpregnant,2008,132.0
Togo,TGO,Africa,nonpregnant,2000,119.0
Democratic People's Republic of Korea,PRK,South-East Asia,nonpregnant,2012,125.0
Albania,ALB,Europe,nonpregnant,2001,127.0
Nigeria,NGA,Africa,nonpregnant,2005,116.0
Lesotho,LSO,Africa,nonpregnant,2018,128.0
Saudi Arabia,SAU,Eastern Mediterranean,nonpregnant,2004,126.0
North Macedonia,MKD,Europe,nonpregnant,2005,131.0
Democratic Republic of the Congo,COD,Africa,nonpregnant,2010,120.0
Ukraine,UKR,Europe,nonpregnant,2007,133.0
France,FRA,Europe,nonpregnant,2014,133.0
Argentina,ARG,Americas,nonpregnant,2001,131.0
Saint Lucia,LCA,Americas,nonpregnant,2010,133.0
North Macedonia,MKD,Europe,nonpregnant,2006,131.0
Mexico,MEX,Americas,nonpregnant,2013,133.0
Colombia,COL,Americas,nonpregnant,2005,127.0
Trinidad and Tobago,TTO,Americas,nonpregnant,2002,128.0
Chile,CHL,Americas,nonpregnant,2007,134.0
Lithuania,LTU,Europe,nonpregnant,2011,130.0
Armenia,ARM,Europe,nonpregnant,2013,131.0
Czechia,CZE,Europe,nonpregnant,2007,130.0
Burundi,BDI,Africa,nonpregnant,2014,126.0
Guinea,GIN,Africa,nonpregnant,2007,118.0
Lebanon,LBN,Eastern Mediterranean,nonpregnant,2016,126.0
Cuba,CUB,Americas,nonpregnant,2019,130.0
Panama,PAN,Americas,nonpregnant,2012,129.0
Syrian Arab Republic,SYR,Eastern Mediterranean,nonpregnant,2016,125.0
Lao People's Democratic Republic,LAO,Western Pacific,nonpregnant,2017,123.0
Kenya,KEN,Africa,nonpregnant,2019,128.0
Finland,FIN,Europe,nonpregnant,2007,133.0
Senegal,SEN,Africa,nonpregnant,2005,114.0
Serbia,SRB,Europe,nonpregnant,2006,129.0
Sierra Leone,SLE,Africa,nonpregnant,2010,120.0
Republic of Moldova,MDA,Europe,nonpregnant,2010,127.0
Lebanon,LBN,Eastern Mediterranean,nonpregnant,2019,126.0
North Macedonia,MKD,Europe,nonpregnant,2010,131.0
Andorra,AND,Europe,nonpregnant,2015,132.0
Qatar,QAT,Eastern Mediterranean,nonpregnant,2008,126.0
Saint Vincent and the Grenadines,VCT,Americas,nonpregnant,2001,129.0
Tuvalu,TUV,Western Pacific,nonpregnant,2018,127.0
Kiribati,KIR,Western Pacific,nonpregnant,2013,126.0
Mali,MLI,Africa,nonpregnant,2009,115.0
Djibouti,DJI,Eastern Mediterranean,nonpregnant,2010,126.0
Barbados,BRB,Americas,nonpregnant,2009,131.0
Jamaica,JAM,Americas,nonpregnant,2012,130.0
Republic of Korea,KOR,Western Pacific,nonpregnant,2001,128.0
Cameroon,CMR,Africa,nonpregnant,2008,122.0
Bahamas,BHS,Americas,nonpregnant,2005,132.0
Armenia,ARM,Europe,nonpregnant,2002,129.0
Ireland,IRL,Europe,nonpregnant,2012,132.0
Lithuania,LTU,Europe,nonpregnant,2015,130.0
France,FRA,Europe,nonpregnant,2009,133.0
Bahamas,BHS,Americas,nonpregnant,2016,133.0
Bhutan,BTN,South-East Asia,nonpregnant,2003,121.0
Australia,AUS,Western Pacific,nonpregnant,2003,134.0
Slovenia,SVN,Europe,nonpregnant,2019,129.0
Barbados,BRB,Americas,nonpregnant,2014,131.0
Republic of Korea,KOR,Western Pacific,nonpregnant,2008,129.0
Samoa,WSM,Western Pacific,nonpregnant,2004,129.0
Morocco,MAR,Eastern Mediterranean,nonpregnant,2009,126.0
Brazil,BRA,Americas,nonpregnant,2005,129.0
Malta,MLT,Europe,nonpregnant,2009,131.0
Cambodia,KHM,Western Pacific,nonpregnant,2018,120.0
China,CHN,Western Pacific,nonpregnant,2004,131.0
Somalia,SOM,Eastern Mediterranean,nonpregnant,2013,121.0
Malaysia,MYS,Western Pacific,nonpregnant,2012,125.0
Seychelles,SYC,Africa,nonpregnant,2017,128.0
Latvia,LVA,Europe,nonpregnant,2005,129.0
Czechia,CZE,Europe,nonpregnant,2017,129.0
Malaysia,MYS,Western Pacific,nonpregnant,2014,125.0
Lesotho,LSO,Africa,nonpregnant,2007,126.0
Samoa,WSM,Western Pacific,nonpregnant,2017,129.0
Niger,NER,Africa,nonpregnant,2014,119.0
Hungary,HUN,Europe,nonpregnant,2009,130.0
Suriname,SUR,Americas,nonpregnant,2014,130.0
Georgia,GEO,Europe,nonpregnant,2016,127.0
Equatorial Guinea,GNQ,Africa,nonpregnant,2011,119.0
Ecuador,ECU,Americas,nonpregnant,2013,129.0
Iran (Islamic Republic of),IRN,Eastern Mediterranean,nonpregnant,2006,128.0
Panama,PAN,Americas,nonpregnant,2001,127.0
Zimbabwe,ZWE,Africa,nonpregnant,2013,127.0
Cameroon,CMR,Africa,nonpregnant,2004,122.0
Greece,GRC,Europe,nonpregnant,2000,131.0
Seychelles,SYC,Africa,nonpregnant,2005,128.0
Jamaica,JAM,Americas,nonpregnant,2011,130.0
Jordan,JOR,Eastern Mediterranean,nonpregnant,2009,126.0
Philippines,PHL,Western Pacific,nonpregnant,2012,130.0
Uzbekistan,UZB,Europe,nonpregnant,2003,121.0
Mozambique,MOZ,Africa,nonpregnant,2008,119.0
Kyrgyzstan,KGZ,Europe,nonpregnant,2014,124.0
Singapore,SGP,Western Pacific,nonpregnant,2007,131.0
Maldives,MDV,South-East Asia,nonpregnant,2003,120.0
Madagascar,MDG,Africa,nonpregnant,2019,123.0
Barbados,BRB,Americas,nonpregnant,2013,131.0
Angola,AGO,Africa,nonpregnant,2010,120.0
Mexico,MEX,Americas,nonpregnant,2017,133.0
Yemen,YEM,Eastern Mediterranean,nonpregnant,2007,112.0
Belarus,BLR,Europe,nonpregnant,2019,129.0
Serbia,SRB,Europe,nonpregnant,2017,129.0
Trinidad and Tobago,TTO,Americas,nonpregnant,2009,130.0
Uruguay,URY,Americas,nonpregnant,2003,132.0
Liberia,LBR,Africa,nonpregnant,2002,119.0
Cambodia,KHM,Western Pacific,nonpregnant,2012,120.0
Brunei Darussalam,BRN,Western Pacific,nonpregnant,2017,130.0
Cambodia,KHM,Western Pacific,nonpregnant,2008,120.0
Romania,ROU,Europe,nonpregnant,2002,128.0
Mozambique,MOZ,Africa,nonpregnant,2000,119.0
Syrian Arab Republic,SYR,Eastern Mediterranean,nonpregnant,2008,125.0
Samoa,WSM,Western Pacific,nonpregnant,2001,129.0
Algeria,DZA,Africa,nonpregnant,2004,123.0
Cote d'Ivoire,CIV,Africa,nonpregnant,2010,118.0
Hungary,HUN,Europe,nonpregnant,2018,130.0
Portugal,PRT,Europe,nonpregnant,2014,132.0
Naoero,NRU,Western Pacific,nonpregnant,2011,126.0
Zambia,ZMB,Africa,nonpregnant,2010,126.0
Japan,JPN,Western Pacific,nonpregnant,2011,128.0
Senegal,SEN,Africa,nonpregnant,2015,117.0
Poland,POL,Europe,nonpregnant,2019,130.0
Latvia,LVA,Europe,nonpregnant,2004,128.0
Rwanda,RWA,Africa,nonpregnant,2011,132.0
Cuba,CUB,Americas,nonpregnant,2008,129.0
Jordan,JOR,Eastern Mediterranean,nonpregnant,2007,126.0
Benin,BEN,Africa,nonpregnant,2013,117.0
Kuwait,KWT,Eastern Mediterranean,nonpregnant,2017,128.0
Cameroon,CMR,Africa,nonpregnant,2010,122.0
Democratic Republic of the Congo,COD,Africa,nonpregnant,2003,118.0
Bhutan,BTN,South-East Asia,nonpregnant,2016,123.0
Brazil,BRA,Americas,nonpregnant,2014,131.0
Uzbekistan,UZB,Europe,nonpregnant,2015,127.0
Libya,LBY,Eastern Mediterranean,nonpregnant,2004,125.0
Austria,AUT,Europe,nonpregnant,2002,132.0
Dominican Republic,DOM,Americas,nonpregnant,2007,126.0
Ghana,GHA,Africa,nonpregnant,2014,122.0
"occupied Palestinian territory, including east Jerusalem",PSE,Eastern Mediterranean,nonpregnant,2016,127.0
Nepal,NPL,South-East Asia,nonpregnant,2013,124.0
Mauritania,MRT,Africa,nonpregnant,2002,119.0
Saint Lucia,LCA,Americas,nonpregnant,2014,133.0
Jamaica,JAM,Americas,nonpregnant,2006,129.0
Austria,AUT,Europe,nonpregnant,2006,132.0
Liberia,LBR,Africa,nonpregnant,2013,122.0
Thailand,THA,South-East Asia,nonpregnant,2004,128.0
Mongolia,MNG,Western Pacific,nonpregnant,2011,132.0
Kenya,KEN,Africa,nonpregnant,2016,129.0
Sao Tome and Principe,STP,Africa,nonpregnant,2010,120.0
China,CHN,Western Pacific,nonpregnant,2005,131.0
Latvia,LVA,Europe,nonpregnant,2011,129.0
Dominica,DMA,Americas,nonpregnant,2004,129.0
Haiti,HTI,Americas,nonpregnant,2008,118.0
Sierra Leone,SLE,Africa,nonpregnant,2002,118.0
Nigeria,NGA,Africa,nonpregnant,2006,116.0
Azerbaijan,AZE,Europe,nonpregnant,2002,121.0
Guinea,GIN,Africa,nonpregnant,2003,118.0
Argentina,ARG,Americas,nonpregnant,2016,133.0
Cyprus,CYP,Europe,nonpregnant,2011,131.0
Türkiye,TUR,Europe,nonpregnant,2002,124.0
Turkmenistan,TKM,Europe,nonpregnant,2003,125.0
Tajikistan,TJK,Europe,nonpregnant,2015,125.0
Armenia,ARM,Europe,nonpregnant,2015,131.0
Maldives,MDV,South-East Asia,nonpregnant,2010,121.0
Kenya,KEN,Africa,nonpregnant,2002,125.0
Austria,AUT,Europe,nonpregnant,2016,131.0
Slovenia,SVN,Europe,nonpregnant,2017,129.0
Norway,NOR,Europe,nonpregnant,2006,132.0
Dominica,DMA,Americas,nonpregnant,2017,130.0
Mauritania,MRT,Africa,nonpregnant,2004,120.0
Naoero,NRU,Western Pacific,nonpregnant,2012,126.0
Belize,BLZ,Americas,nonpregnant,2011,129.0
China,CHN,Western Pacific,nonpregnant,2003,131.0
France,FRA,Europe,nonpregnant,2017,132.0
Trinidad and Tobago,TTO,Americas,nonpregnant,2013,131.0
Sweden,SWE,Europe,nonpregnant,2007,131.0
Costa Rica,CRI,Americas,nonpregnant,2009,132.0
Turkmenistan,TKM,Europe,nonpregnant,2004,126.0
Yemen,YEM,Eastern Mediterranean,nonpregnant,2015,113.0
Tonga,TON,Western Pacific,nonpregnant,2019,127.0
Solomon Islands,SLB,Western Pacific,nonpregnant,2002,122.0
Poland,POL,Europe,nonpregnant,2004,130.0
Mongolia,MNG,Western Pacific,nonpregnant,2006,131.0
Republic of Moldova,MDA,Europe,nonpregnant,2018,127.0
Russian Federation,RUS,Europe,nonpregnant,2007,129.0
Myanmar,MMR,South-East Asia,nonpregnant,2007,122.0
Niue,NIU,Western Pacific,nonpregnant,2017,127.0
Saint Kitts and Nevis,KNA,Americas,nonpregnant,2010,131.0
Uganda,UGA,Africa,nonpregnant,2000,124.0
Hungary,HUN,Europe,nonpregnant,2005,130.0
Greece,GRC,Europe,nonpregnant,2013,131.0
Congo,COG,Africa,nonpregnant,2008,117.0
Monaco,MCO,Europe,nonpregnant,2009,132.0
Bahamas,BHS,Americas,nonpregnant,2004,132.0
Sierra Leone,SLE,Africa,nonpregnant,2006,119.0
Papua New Guinea,PNG,Western Pacific,nonpregnant,2012,126.0
Haiti,HTI,Americas,nonpregnant,2003,117.0
Switzerland,CHE,Europe,nonpregnant,2001,132.0
Colombia,COL,Americas,nonpregnant,2015,130.0
Denmark,DNK,Europe,nonpregnant,2011,132.0
Cyprus,CYP,Europe,nonpregnant,2010,131.0
Bosnia and Herzegovina,BIH,Europe,nonpregnant,2012,128.0
Lao People's Democratic Republic,LAO,Western Pacific,nonpregnant,2010,123.0
Afghanistan,AFG,Eastern Mediterranean,nonpregnant,2002,125.0
Iran (Islamic Republic of),IRN,Eastern Mediterranean,nonpregnant,2001,127.0
Azerbaijan,AZE,Europe,nonpregnant,2010,123.0
Ukraine,UKR,Europe,nonpregnant,2010,133.0
Antigua and Barbuda,ATG,Americas,nonpregnant,2015,131.0
Yemen,YEM,Eastern Mediterranean,nonpregnant,2008,112.0
Kenya,KEN,Africa,nonpregnant,2017,129.0
Sierra Leone,SLE,Africa,nonpregnant,2017,120.0
Sao Tome and Principe,STP,Africa,nonpregnant,2003,118.0
Serbia,SRB,Europe,nonpregnant,2008,129.0
Bolivia (Plurinational State of),BOL,Americas,nonpregnant,2003,125.0
Tonga,TON,Western Pacific,nonpregnant,2010,127.0
Antigua and Barbuda,ATG,Americas,nonpregnant,2012,131.0
Switzerland,CHE,Europe,nonpregnant,2012,132.0
Libya,LBY,Eastern Mediterranean,nonpregnant,2001,125.0
New Zealand,NZL,Western Pacific,nonpregnant,2013,132.0
United Arab Emirates,ARE,Eastern Mediterranean,nonpregnant,2005,128.0
Djibouti,DJI,Eastern Mediterranean,nonpregnant,2009,126.0
Togo,TGO,Africa,nonpregnant,2005,119.0
Bosnia and Herzegovina,BIH,Europe,nonpregnant,2010,128.0
Ireland,IRL,Europe,nonpregnant,2007,132.0
Comoros,COM,Africa,nonpregnant,2013,126.0
Marshall Islands,MHL,Western Pacific,nonpregnant,2019,126.0
Ukraine,UKR,Europe,nonpregnant,2014,132.0
Italy,ITA,Europe,nonpregnant,2011,132.0
Afghanistan,AFG,Eastern Mediterranean,nonpregnant,2012,123.0
Barbados,BRB,Americas,nonpregnant,2003,130.0
Slovenia,SVN,Europe,nonpregnant,2004,129.0
Kiribati,KIR,Western Pacific,nonpregnant,2014,126.0
Portugal,PRT,Europe,nonpregnant,2013,132.0
India,IND,South-East Asia,nonpregnant,2009,117.0
Angola,AGO,Africa,nonpregnant,2019,121.0
Egypt,EGY,Eastern Mediterranean,nonpregnant,2013,125.0
Eswatini,SWZ,Africa,nonpregnant,2006,126.0
South Sudan,SSD,Africa,nonpregnant,2003,124.0
Oman,OMN,Eastern Mediterranean,nonpregnant,2019,126.0
Philippines,PHL,Western Pacific,nonpregnant,2009,129.0
Nicaragua,NIC,Americas,nonpregnant,2012,132.0
Uganda,UGA,Africa,nonpregnant,2018,126.0
United Republic of Tanzania,TZA,Africa,nonpregnant,2018,123.0
Albania,ALB,Europe,nonpregnant,2015,128.0
United Kingdom of Great Britain and Northern Ireland,GBR,Europe,nonpregnant,2008,133.0
Togo,TGO,Africa,nonpregnant,2003,119.0
Gambia,GMB,Africa,nonpregnant,2004,114.0
Niger,NER,Africa,nonpregnant,2007,119.0
Belarus,BLR,Europe,nonpregnant,2017,130.0
Cote d'Ivoire,CIV,Africa,nonpregnant,2003,117.0
Russian Federation,RUS,Europe,nonpregnant,2003,129.0
Germany,DEU,Europe,nonpregnant,2006,132.0
Democratic Republic of the Congo,COD,Africa,nonpregnant,2007,119.0
Egypt,EGY,Eastern Mediterranean,nonpregnant,2005,124.0
Tuvalu,TUV,Western Pacific,nonpregnant,2010,128.0
Niger,NER,Africa,nonpregnant,2011,119.0
Bosnia and Herzegovina,BIH,Europe,nonpregnant,2011,128.0
Micronesia (Federated States of),FSM,Western Pacific,nonpregnant,2018,128.0
Finland,FIN,Europe,nonpregnant,2015,132.0
Viet Nam,VNM,Western Pacific,nonpregnant,2019,129.0
Papua New Guinea,PNG,Western Pacific,nonpregnant,2005,126.0
Morocco,MAR,Eastern Mediterranean,nonpregnant,2018,126.0
Jordan,JOR,Eastern Mediterranean,nonpregnant,2000,126.0
Togo,TGO,Africa,nonpregnant,2015,120.0
Chad,TCD,Africa,nonpregnant,2006,118.0
Cyprus,CYP,Europe,nonpregnant,2002,131.0
Bosnia and Herzegovina,BIH,Europe,nonpregnant,2015,128.0
Samoa,WSM,Western Pacific,nonpregnant,2019,128.0
Uruguay,URY,Americas,nonpregnant,2017,131.0
Italy,ITA,Europe,nonpregnant,2001,132.0
Mexico,MEX,Americas,nonpregnant,2018,133.0
Palau,PLW,Western Pacific,nonpregnant,2018,126.0
Timor-Leste,TLS,South-East Asia,nonpregnant,2009,127.0
Benin,BEN,Africa,nonpregnant,2000,114.0
Myanmar,MMR,South-East Asia,nonpregnant,2008,122.0
Guatemala,GTM,Americas,nonpregnant,2001,130.0
Montenegro,MNE,Europe,nonpregnant,2019,131.0
Mexico,MEX,Americas,nonpregnant,2009,133.0
Serbia,SRB,Europe,nonpregnant,2011,129.0
Benin,BEN,Africa,nonpregnant,2014,117.0
Somalia,SOM,Eastern Mediterranean,nonpregnant,2015,121.0
Senegal,SEN,Africa,nonpregnant,2013,116.0
Ecuador,ECU,Americas,nonpregnant,2008,128.0
Spain,ESP,Europe,nonpregnant,2007,132.0
Democratic People's Republic of Korea,PRK,South-East Asia,nonpregnant,2001,124.0
Albania,ALB,Europe,nonpregnant,2002,127.0
Finland,FIN,Europe,nonpregnant,2000,132.0
El Salvador,SLV,Americas,nonpregnant,2000,136.0
Azerbaijan,AZE,Europe,nonpregnant,2013,124.0
Indonesia,IDN,Western Pacific,nonpregnant,2013,126.0
Sri Lanka,LKA,South-East Asia,nonpregnant,2010,124.0
Ireland,IRL,Europe,nonpregnant,2004,132.0
Gambia,GMB,Africa,nonpregnant,2001,113.0
Viet Nam,VNM,Western Pacific,nonpregnant,2014,130.0
Dominican Republic,DOM,Americas,nonpregnant,2004,124.0
Mauritius,MUS,Africa,nonpregnant,2005,132.0
Jordan,JOR,Eastern Mediterranean,nonpregnant,2002,126.0
Jamaica,JAM,Americas,nonpregnant,2013,130.0
Montenegro,MNE,Europe,nonpregnant,2003,132.0
Malta,MLT,Europe,nonpregnant,2006,131.0
Estonia,EST,Europe,nonpregnant,2000,129.0
Guyana,GUY,Americas,nonpregnant,2009,123.0
Pakistan,PAK,Eastern Mediterranean,nonpregnant,2006,121.0
Sudan,SDN,Eastern Mediterranean,nonpregnant,2005,122.0
Russian Federation,RUS,Europe,nonpregnant,2001,129.0
Cameroon,CMR,Africa,nonpregnant,2013,122.0
Mali,MLI,Africa,nonpregnant,2007,115.0
Cambodia,KHM,Western Pacific,nonpregnant,2000,117.0
Lao People's Democratic Republic,LAO,Western Pacific,nonpregnant,2014,123.0
Sudan,SDN,Eastern Mediterranean,nonpregnant,2002,121.0
Tuvalu,TUV,Western Pacific,nonpregnant,2011,128.0
China,CHN,Western Pacific,nonpregnant,2017,133.0
Maldives,MDV,South-East Asia,nonpregnant,2002,120.0
United Arab Emirates,ARE,Eastern Mediterranean,nonpregnant,2012,128.0
Thailand,THA,South-East Asia,nonpregnant,2016,128.0
Brazil,BRA,Americas,nonpregnant,2011,131.0
Oman,OMN,Eastern Mediterranean,nonpregnant,2014,126.0
Vanuatu,VUT,Western Pacific,nonpregnant,2019,127.0
"occupied Palestinian territory, including east Jerusalem",PSE,Eastern Mediterranean,nonpregnant,2011,127.0
Eritrea,ERI,Africa,nonpregnant,2000,122.0
El Salvador,SLV,Americas,nonpregnant,2013,135.0
Iraq,IRQ,Eastern Mediterranean,nonpregnant,2017,125.0
"occupied Palestinian territory, including east Jerusalem",PSE,Eastern Mediterranean,nonpregnant,2012,127.0
Namibia,NAM,Africa,nonpregnant,2004,128.0
Uzbekistan,UZB,Europe,nonpregnant,2017,127.0
Poland,POL,Europe,nonpregnant,2012,130.0
Andorra,AND,Europe,nonpregnant,2019,131.0
Latvia,LVA,Europe,nonpregnant,2006,129.0
Uganda,UGA,Africa,nonpregnant,2002,124.0
Sao Tome and Principe,STP,Africa,nonpregnant,2016,121.0
Nepal,NPL,South-East Asia,nonpregnant,2015,124.0
Belarus,BLR,Europe,nonpregnant,2014,130.0
Burkina Faso,BFA,Africa,nonpregnant,2000,116.0
Dominican Republic,DOM,Americas,nonpregnant,2000,123.0
Brazil,BRA,Americas,nonpregnant,2000,127.0
Indonesia,IDN,Western Pacific,nonpregnant,2008,126.0
Türkiye,TUR,Europe,nonpregnant,2000,123.0
Iran (Islamic Republic of),IRN,Eastern Mediterranean,nonpregnant,2016,128.0
Saudi Arabia,SAU,Eastern Mediterranean,nonpregnant,2012,127.0
Slovenia,SVN,Europe,nonpregnant,2003,129.0
Kyrgyzstan,KGZ,Europe,nonpregnant,2001,123.0
Norway,NOR,Europe,nonpregnant,2001,132.0
Libya,LBY,Eastern Mediterranean,nonpregnant,2014,126.0
Fiji,FJI,Western Pacific,nonpregnant,2004,124.0
Guinea-Bissau,GNB,Africa,nonpregnant,2005,118.0
Sri Lanka,LKA,South-East Asia,nonpregnant,2011,124.0
Suriname,SUR,Americas,nonpregnant,2010,129.0
Pakistan,PAK,Eastern Mediterranean,nonpregnant,2000,121.0
Tajikistan,TJK,Europe,nonpregnant,2014,125.0
South Africa,ZAF,Africa,nonpregnant,2005,125.0
Democratic Republic of the Congo,COD,Africa,nonpregnant,2016,122.0
Djibouti,DJI,Eastern Mediterranean,nonpregnant,2019,126.0
Antigua and Barbuda,ATG,Americas,nonpregnant,2010,131.0
Maldives,MDV,South-East Asia,nonpregnant,2001,120.0
Djibouti,DJI,Eastern Mediterranean,nonpregnant,2003,125.0
Switzerland,CHE,Europe,nonpregnant,2019,132.0
Philippines,PHL,Western Pacific,nonpregnant,2015,131.0
Belize,BLZ,Americas,nonpregnant,2004,128.0
Luxembourg,LUX,Europe,nonpregnant,2001,133.0
Zimbabwe,ZWE,Africa,nonpregnant,2017,127.0
Botswana,BWA,Africa,nonpregnant,2005,124.0
Iceland,ISL,Europe,nonpregnant,2016,133.0
Sweden,SWE,Europe,nonpregnant,2001,131.0
Czechia,CZE,Europe,nonpregnant,2014,129.0
Slovakia,SVK,Europe,nonpregnant,2006,128.0
Yemen,YEM,Eastern Mediterranean,nonpregnant,2003,111.0
Myanmar,MMR,South-East Asia,nonpregnant,2010,122.0
United Republic of Tanzania,TZA,Africa,nonpregnant,2010,122.0
Malaysia,MYS,Western Pacific,nonpregnant,2011,125.0
Nepal,NPL,South-East Asia,nonpregnant,2007,123.0
Panama,PAN,Americas,nonpregnant,2014,129.0
Colombia,COL,Americas,nonpregnant,2018,130.0
Haiti,HTI,Americas,nonpregnant,2011,119.0
Djibouti,DJI,Eastern Mediterranean,nonpregnant,2001,124.0
Guinea-Bissau,GNB,Africa,nonpregnant,2014,119.0
Naoero,NRU,Western Pacific,nonpregnant,2000,127.0
Yemen,YEM,Eastern Mediterranean,nonpregnant,2016,113.0
Iceland,ISL,Europe,nonpregnant,2013,133.0
Cuba,CUB,Americas,nonpregnant,2009,129.0
"occupied Palestinian territory, including east Jerusalem",PSE,Eastern Mediterranean,nonpregnant,2013,127.0
Tajikistan,TJK,Europe,nonpregnant,2019,124.0
Kazakhstan,KAZ,Europe,nonpregnant,2006,126.0
Antigua and Barbuda,ATG,Americas,nonpregnant,2006,130.0
Burundi,BDI,Africa,nonpregnant,2000,125.0
North Macedonia,MKD,Europe,nonpregnant,2003,132.0
Bahrain,BHR,Eastern Mediterranean,nonpregnant,2012,124.0
Ecuador,ECU,Americas,nonpregnant,2011,129.0
Lesotho,LSO,Africa,nonpregnant,2006,126.0
Kazakhstan,KAZ,Europe,nonpregnant,2019,126.0
Denmark,DNK,Europe,nonpregnant,2012,131.0
Portugal,PRT,Europe,nonpregnant,2002,132.0
Dominican Republic,DOM,Americas,nonpregnant,2006,125.0
Kiribati,KIR,Western Pacific,nonpregnant,2003,126.0
Lao People's Democratic Republic,LAO,Western Pacific,nonpregnant,2004,122.0
Suriname,SUR,Americas,nonpregnant,2018,129.0
Congo,COG,Africa,nonpregnant,2009,117.0
Oman,OMN,Eastern Mediterranean,nonpregnant,2004,124.0
Equatorial Guinea,GNQ,Africa,nonpregnant,2003,117.0
Paraguay,PRY,Americas,nonpregnant,2014,129.0
Belarus,BLR,Europe,nonpregnant,2005,129.0
Cuba,CUB,Americas,nonpregnant,2017,130.0
Bulgaria,BGR,Europe,nonpregnant,2007,128.0
Kazakhstan,KAZ,Europe,nonpregnant,2000,124.0
Algeria,DZA,Africa,nonpregnant,2002,123.0
Armenia,ARM,Europe,nonpregnant,2005,130.0
Belgium,BEL,Europe,nonpregnant,2005,132.0
Trinidad and Tobago,TTO,Americas,nonpregnant,2017,131.0
Qatar,QAT,Eastern Mediterranean,nonpregnant,2012,126.0
Algeria,DZA,Africa,nonpregnant,2018,124.0
Madagascar,MDG,Africa,nonpregnant,2016,124.0
Guinea,GIN,Africa,nonpregnant,2014,119.0
Sierra Leone,SLE,Africa,nonpregnant,2019,120.0
El Salvador,SLV,Americas,nonpregnant,2016,135.0
Djibouti,DJI,Eastern Mediterranean,nonpregnant,2006,126.0
San Marino,SMR,Europe,nonpregnant,2018,131.0
San Marino,SMR,Europe,nonpregnant,2011,132.0
Democratic People's Republic of Korea,PRK,South-East Asia,nonpregnant,2018,125.0
United Republic of Tanzania,TZA,Africa,nonpregnant,2005,121.0
South Africa,ZAF,Africa,nonpregnant,2000,124.0
Maldives,MDV,South-East Asia,nonpregnant,2016,119.0
Gambia,GMB,Africa,nonpregnant,2015,117.0
Rwanda,RWA,Africa,nonpregnant,2006,131.0
Peru,PER,Americas,nonpregnant,2002,126.0
Serbia,SRB,Europe,nonpregnant,2018,128.0
South Africa,ZAF,Africa,nonpregnant,2011,127.0
Zambia,ZMB,Africa,nonpregnant,2019,126.0
Mauritania,MRT,Africa,nonpregnant,2011,121.0
Yemen,YEM,Eastern Mediterranean,nonpregnant,2009,112.0
Argentina,ARG,Americas,nonpregnant,2000,131.0
Republic of Korea,KOR,Western Pacific,nonpregnant,2014,130.0
Mexico,MEX,Americas,nonpregnant,2014,133.0
Turkmenistan,TKM,Europe,nonpregnant,2010,127.0
North Macedonia,MKD,Europe,nonpregnant,2011,131.0
Mongolia,MNG,Western Pacific,nonpregnant,2018,132.0
Netherlands (Kingdom of the),NLD,Europe,nonpregnant,2008,132.0
Honduras,HND,Americas,nonpregnant,2009,132.0
Djibouti,DJI,Eastern Mediterranean,nonpregnant,2011,126.0
Germany,DEU,Europe,nonpregnant,2005,132.0
Thailand,THA,South-East Asia,nonpregnant,2017,128.0
Nicaragua,NIC,Americas,nonpregnant,2001,130.0
Iceland,ISL,Europe,nonpregnant,2010,133.0
Finland,FIN,Europe,nonpregnant,2003,132.0
Lithuania,LTU,Europe,nonpregnant,2006,130.0
Thailand,THA,South-East Asia,nonpregnant,2007,128.0
Tonga,TON,Western Pacific,nonpregnant,2005,127.0
Equatorial Guinea,GNQ,Africa,nonpregnant,2002,116.0
China,CHN,Western Pacific,nonpregnant,2010,133.0
United States of America,USA,Americas,nonpregnant,2015,132.0
Timor-Leste,TLS,South-East Asia,nonpregnant,2003,124.0
Cuba,CUB,Americas,nonpregnant,2002,127.0
Barbados,BRB,Americas,nonpregnant,2012,131.0
Ukraine,UKR,Europe,nonpregnant,2009,133.0
Burkina Faso,BFA,Africa,nonpregnant,2009,117.0
Australia,AUS,Western Pacific,nonpregnant,2012,134.0
Grenada,GRD,Americas,nonpregnant,2016,130.0
Lebanon,LBN,Eastern Mediterranean,nonpregnant,2001,127.0
Spain,ESP,Europe,nonpregnant,2003,132.0
Monaco,MCO,Europe,nonpregnant,2005,132.0
Hungary,HUN,Europe,nonpregnant,2000,130.0
Lesotho,LSO,Africa,nonpregnant,2009,127.0
Nepal,NPL,South-East Asia,nonpregnant,2008,124.0
United Republic of Tanzania,TZA,Africa,nonpregnant,2013,123.0
El Salvador,SLV,Americas,nonpregnant,2019,134.0
Netherlands (Kingdom of the),NLD,Europe,nonpregnant,2004,132.0
Tajikistan,TJK,Europe,nonpregnant,2009,125.0
Cote d'Ivoire,CIV,Africa,nonpregnant,2005,117.0
Egypt,EGY,Eastern Mediterranean,nonpregnant,2009,125.0
Qatar,QAT,Eastern Mediterranean,nonpregnant,2019,126.0
Thailand,THA,South-East Asia,nonpregnant,2001,128.0
Iran (Islamic Republic of),IRN,Eastern Mediterranean,nonpregnant,2012,128.0
Barbados,BRB,Americas,nonpregnant,2005,130.0
Singapore,SGP,Western Pacific,nonpregnant,2015,131.0
France,FRA,Europe,nonpregnant,2005,133.0
Colombia,COL,Americas,nonpregnant,2011,129.0
Kenya,KEN,Africa,nonpregnant,2009,128.0
Bhutan,BTN,South-East Asia,nonpregnant,2010,122.0
Niue,NIU,Western Pacific,nonpregnant,2001,127.0
Cabo Verde,CPV,Africa,nonpregnant,2017,128.0
Peru,PER,Americas,nonpregnant,2012,129.0
Malta,MLT,Europe,nonpregnant,2007,131.0
Somalia,SOM,Eastern Mediterranean,nonpregnant,2016,121.0
Jamaica,JAM,Americas,nonpregnant,2015,130.0
Micronesia (Federated States of),FSM,Western Pacific,nonpregnant,2008,129.0
Grenada,GRD,Americas,nonpregnant,2008,130.0
Kuwait,KWT,Eastern Mediterranean,nonpregnant,2015,128.0
Italy,ITA,Europe,nonpregnant,2003,132.0
Namibia,NAM,Africa,nonpregnant,2006,128.0
Philippines,PHL,Western Pacific,nonpregnant,2008,129.0
Chile,CHL,Americas,nonpregnant,2006,134.0
Venezuela (Bolivarian Republic of),VEN,Americas,nonpregnant,2009,129.0
Democratic People's Republic of Korea,PRK,South-East Asia,nonpregnant,2007,125.0
France,FRA,Europe,nonpregnant,2019,132.0
Senegal,SEN,Africa,nonpregnant,2003,114.0
Malawi,MWI,Africa,nonpregnant,2003,124.0
New Zealand,NZL,Western Pacific,nonpregnant,2003,133.0
Cameroon,CMR,Africa,nonpregnant,2019,122.0
Vanuatu,VUT,Western Pacific,nonpregnant,2010,128.0
Montenegro,MNE,Europe,nonpregnant,2016,131.0
Georgia,GEO,Europe,nonpregnant,2004,126.0
Haiti,HTI,Americas,nonpregnant,2019,119.0
Lesotho,LSO,Africa,nonpregnant,2004,126.0
Chad,TCD,Africa,nonpregnant,2001,118.0
Syrian Arab Republic,SYR,Eastern Mediterranean,nonpregnant,2012,125.0
Ireland,IRL,Europe,nonpregnant,2014,132.0
Angola,AGO,Africa,nonpregnant,2015,121.0
Liberia,LBR,Africa,nonpregnant,2011,121.0
Poland,POL,Europe,nonpregnant,2001,130.0
Seychelles,SYC,Africa,nonpregnant,2012,129.0
Saudi Arabia,SAU,Eastern Mediterranean,nonpregnant,2017,127.0
New Zealand,NZL,Western Pacific,nonpregnant,2011,133.0
Iraq,IRQ,Eastern Mediterranean,nonpregnant,2001,121.0
Japan,JPN,Western Pacific,nonpregnant,2009,128.0
Poland,POL,Europe,nonpregnant,2003,130.0
Thailand,THA,South-East Asia,nonpregnant,2015,128.0
Ireland,IRL,Europe,nonpregnant,2013,132.0
Panama,PAN,Americas,nonpregnant,2006,127.0
Poland,POL,Europe,nonpregnant,2002,130.0
Singapore,SGP,Western Pacific,nonpregnant,2000,131.0
Peru,PER,Americas,nonpregnant,2011,129.0
Timor-Leste,TLS,South-East Asia,nonpregnant,2005,125.0
Kyrgyzstan,KGZ,Europe,nonpregnant,2004,123.0
Equatorial Guinea,GNQ,Africa,nonpregnant,2005,117.0
Angola,AGO,Africa,nonpregnant,2017,121.0
Belarus,BLR,Europe,nonpregnant,2012,130.0
Georgia,GEO,Europe,nonpregnant,2011,126.0
Chad,TCD,Africa,nonpregnant,2018,120.0
Nicaragua,NIC,Americas,nonpregnant,2003,131.0
Guinea,GIN,Africa,nonpregnant,2010,118.0
Cambodia,KHM,Western Pacific,nonpregnant,2007,120.0
Bahrain,BHR,Eastern Mediterranean,nonpregnant,2015,124.0
Micronesia (Federated States of),FSM,Western Pacific,nonpregnant,2007,129.0
Tajikistan,TJK,Europe,nonpregnant,2003,123.0
Benin,BEN,Africa,nonpregnant,2012,117.0
Cook Islands,COK,Western Pacific,nonpregnant,2012,127.0
Saint Lucia,LCA,Americas,nonpregnant,2002,132.0
Armenia,ARM,Europe,nonpregnant,2006,130.0
Qatar,QAT,Eastern Mediterranean,nonpregnant,2010,126.0
Cameroon,CMR,Africa,nonpregnant,2012,122.0
Chad,TCD,Africa,nonpregnant,2005,118.0
Norway,NOR,Europe,nonpregnant,2016,132.0
Bolivia (Plurinational State of),BOL,Americas,nonpregnant,2017,129.0
Sudan,SDN,Eastern Mediterranean,nonpregnant,2014,123.0
Azerbaijan,AZE,Europe,nonpregnant,2008,123.0
Democratic Republic of the Congo,COD,Africa,nonpregnant,2012,121.0
North Macedonia,MKD,Europe,nonpregnant,2017,130.0
Paraguay,PRY,Americas,nonpregnant,2007,129.0
Cote d'Ivoire,CIV,Africa,nonpregnant,2000,117.0
Thailand,THA,South-East Asia,nonpregnant,2019,128.0
Morocco,MAR,Eastern Mediterranean,nonpregnant,2001,124.0
Burundi,BDI,Africa,nonpregnant,2003,126.0
Gambia,GMB,Africa,nonpregnant,2007,114.0
South Sudan,SSD,Africa,nonpregnant,2008,125.0
Haiti,HTI,Americas,nonpregnant,2018,119.0
Panama,PAN,Americas,nonpregnant,2000,126.0
Luxembourg,LUX,Europe,nonpregnant,2012,133.0
Bangladesh,BGD,South-East Asia,nonpregnant,2014,123.0
Marshall Islands,MHL,Western Pacific,nonpregnant,2014,126.0
Turkmenistan,TKM,Europe,nonpregnant,2013,127.0
United Republic of Tanzania,TZA,Africa,nonpregnant,2009,122.0
Kenya,KEN,Africa,nonpregnant,2015,129.0
Guinea,GIN,Africa,nonpregnant,2019,120.0
Senegal,SEN,Africa,nonpregnant,2014,117.0
Bulgaria,BGR,Europe,nonpregnant,2018,128.0
Estonia,EST,Europe,nonpregnant,2007,129.0
Chad,TCD,Africa,nonpregnant,2012,119.0
Georgia,GEO,Europe,nonpregnant,2005,126.0
Mali,MLI,Africa,nonpregnant,2019,115.0
Togo,TGO,Africa,nonpregnant,2006,119.0
Monaco,MCO,Europe,nonpregnant,2001,132.0
Uganda,UGA,Africa,nonpregnant,2003,125.0
Sao Tome and Principe,STP,Africa,nonpregnant,2019,121.0
Bahamas,BHS,Americas,nonpregnant,2013,133.0
Bosnia and Herzegovina,BIH,Europe,nonpregnant,2007,128.0
Syrian Arab Republic,SYR,Eastern Mediterranean,nonpregnant,2009,125.0
Haiti,HTI,Americas,nonpregnant,2015,119.0
Belgium,BEL,Europe,nonpregnant,2001,132.0
Botswana,BWA,Africa,nonpregnant,2002,124.0
Saudi Arabia,SAU,Eastern Mediterranean,nonpregnant,2010,127.0
Cook Islands,COK,Western Pacific,nonpregnant,2019,127.0
Bangladesh,BGD,South-East Asia,nonpregnant,2009,123.0
Eswatini,SWZ,Africa,nonpregnant,2015,127.0
Congo,COG,Africa,nonpregnant,2012,118.0
Timor-Leste,TLS,South-East Asia,nonpregnant,2007,126.0
Israel,ISR,Europe,nonpregnant,2007,132.0
Mozambique,MOZ,Africa,nonpregnant,2002,119.0
Indonesia,IDN,Western Pacific,nonpregnant,2019,125.0
Mexico,MEX,Americas,nonpregnant,2001,130.0
Gambia,GMB,Africa,nonpregnant,2013,116.0
Kuwait,KWT,Eastern Mediterranean,nonpregnant,2007,130.0
Yemen,YEM,Eastern Mediterranean,nonpregnant,2002,111.0
Solomon Islands,SLB,Western Pacific,nonpregnant,2010,123.0
Mauritius,MUS,Africa,nonpregnant,2016,130.0
Malawi,MWI,Africa,nonpregnant,2019,126.0
Türkiye,TUR,Europe,nonpregnant,2013,126.0
Central African Republic,CAF,Africa,nonpregnant,2006,119.0
Cyprus,CYP,Europe,nonpregnant,2015,131.0
Croatia,HRV,Europe,nonpregnant,2010,129.0
Gabon,GAB,Africa,nonpregnant,2009,116.0
Azerbaijan,AZE,Europe,nonpregnant,2009,123.0
Albania,ALB,Europe,nonpregnant,2007,128.0
"occupied Palestinian territory, including east Jerusalem",PSE,Eastern Mediterranean,nonpregnant,2015,127.0
Afghanistan,AFG,Eastern Mediterranean,nonpregnant,2013,123.0
Türkiye,TUR,Europe,nonpregnant,2004,124.0
Ethiopia,ETH,Africa,nonpregnant,2000,126.0
Poland,POL,Europe,nonpregnant,2011,130.0
Mongolia,MNG,Western Pacific,nonpregnant,2005,131.0
Republic of Moldova,MDA,Europe,nonpregnant,2017,127.0
Tuvalu,TUV,Western Pacific,nonpregnant,2007,128.0
Pakistan,PAK,Eastern Mediterranean,nonpregnant,2003,121.0
Slovenia,SVN,Europe,nonpregnant,2013,129.0
Eritrea,ERI,Africa,nonpregnant,2009,124.0
Albania,ALB,Europe,nonpregnant,2009,128.0
Montenegro,MNE,Europe,nonpregnant,2008,131.0
Myanmar,MMR,South-East Asia,nonpregnant,2019,122.0
Haiti,HTI,Americas,nonpregnant,2012,119.0
Romania,ROU,Europe,nonpregnant,2018,128.0
Mali,MLI,Africa,nonpregnant,2012,116.0
Türkiye,TUR,Europe,nonpregnant,2008,125.0
Honduras,HND,Americas,nonpregnant,2011,132.0
Republic of Moldova,MDA,Europe,nonpregnant,2003,126.0
Republic of Moldova,MDA,Europe,nonpregnant,2004,127.0
Portugal,PRT,Europe,nonpregnant,2019,131.0
Malawi,MWI,Africa,nonpregnant,2004,124.0
Panama,PAN,Americas,nonpregnant,2005,127.0
Costa Rica,CRI,Americas,nonpregnant,2012,132.0
Saint Lucia,LCA,Americas,nonpregnant,2011,133.0
Canada,CAN,Americas,nonpregnant,2006,133.0
Burkina Faso,BFA,Africa,nonpregnant,2017,118.0
France,FRA,Europe,nonpregnant,2006,133.0
China,CHN,Western Pacific,nonpregnant,2000,130.0
Guinea,GIN,Africa,nonpregnant,2006,118.0
Zambia,ZMB,Africa,nonpregnant,2008,126.0
Bulgaria,BGR,Europe,nonpregnant,2005,128.0
Iraq,IRQ,Eastern Mediterranean,nonpregnant,2019,125.0
Turkmenistan,TKM,Europe,nonpregnant,2002,125.0
Lebanon,LBN,Eastern Mediterranean,nonpregnant,2006,127.0
Norway,NOR,Europe,nonpregnant,2013,132.0
Uruguay,URY,Americas,nonpregnant,2014,132.0
Sudan,SDN,Eastern Mediterranean,nonpregnant,2015,123.0
Marshall Islands,MHL,Western Pacific,nonpregnant,2009,126.0
Mauritius,MUS,Africa,nonpregnant,2000,132.0
Panama,PAN,Americas,nonpregnant,2018,129.0
Uzbekistan,UZB,Europe,nonpregnant,2019,127.0
United Kingdom of Great Britain and Northern Ireland,GBR,Europe,nonpregnant,2009,132.0
Rwanda,RWA,Africa,nonpregnant,2010,132.0
Argentina,ARG,Americas,nonpregnant,2005,131.0
Belgium,BEL,Europe,nonpregnant,2013,132.0
Guyana,GUY,Americas,nonpregnant,2002,121.0
Sweden,SWE,Europe,nonpregnant,2016,131.0
Cuba,CUB,Americas,nonpregnant,2010,129.0
Gabon,GAB,Africa,nonpregnant,2015,117.0
Cook Islands,COK,Western Pacific,nonpregnant,2013,127.0
Antigua and Barbuda,ATG,Americas,nonpregnant,2007,130.0
Turkmenistan,TKM,Europe,nonpregnant,2018,127.0
Togo,TGO,Africa,nonpregnant,2012,120.0
Oman,OMN,Eastern Mediterranean,nonpregnant,2015,126.0
Libya,LBY,Eastern Mediterranean,nonpregnant,2011,126.0
Namibia,NAM,Africa,nonpregnant,2001,127.0
Belarus,BLR,Europe,nonpregnant,2000,129.0
Maldives,MDV,South-East Asia,nonpregnant,2006,120.0
Italy,ITA,Europe,nonpregnant,2014,131.0
Hungary,HUN,Europe,nonpregnant,2017,130.0
Togo,TGO,Africa,nonpregnant,2007,119.0
Naoero,NRU,Western Pacific,nonpregnant,2003,127.0
Lao People's Democratic Republic,LAO,Western Pacific,nonpregnant,2015,123.0
Papua New Guinea,PNG,Western Pacific,nonpregnant,2017,125.0
South Sudan,SSD,Africa,nonpregnant,2011,125.0
Cook Islands,COK,Western Pacific,nonpregnant,2011,127.0
Panama,PAN,Americas,nonpregnant,2010,128.0
Grenada,GRD,Americas,nonpregnant,2007,130.0
Croatia,HRV,Europe,nonpregnant,2000,129.0
Brazil,BRA,Americas,nonpregnant,2012,131.0
Papua New Guinea,PNG,Western Pacific,nonpregnant,2000,126.0
Tonga,TON,Western Pacific,nonpregnant,2002,128.0
Papua New Guinea,PNG,Western Pacific,nonpregnant,2009,126.0
Namibia,NAM,Africa,nonpregnant,2019,129.0
Guatemala,GTM,Americas,nonpregnant,2010,134.0
Bulgaria,BGR,Europe,nonpregnant,2017,128.0
Oman,OMN,Eastern Mediterranean,nonpregnant,2013,126.0
Russian Federation,RUS,Europe,nonpregnant,2018,129.0
Romania,ROU,Europe,nonpregnant,2011,128.0
Andorra,AND,Europe,nonpregnant,2013,132.0
Eswatini,SWZ,Africa,nonpregnant,2009,126.0
Senegal,SEN,Africa,nonpregnant,2002,114.0
Mauritania,MRT,Africa,nonpregnant,2009,120.0
India,IND,South-East Asia,nonpregnant,2001,116.0
Guyana,GUY,Americas,nonpregnant,2019,125.0
Hungary,HUN,Europe,nonpregnant,2016,130.0
Senegal,SEN,Africa,nonpregnant,2006,114.0
Japan,JPN,Western Pacific,nonpregnant,2012,128.0
Singapore,SGP,Western Pacific,nonpregnant,2019,131.0
Georgia,GEO,Europe,nonpregnant,2001,125.0
Argentina,ARG,Americas,nonpregnant,2007,131.0
Guyana,GUY,Americas,nonpregnant,2013,124.0
Malaysia,MYS,Western Pacific,nonpregnant,2019,124.0
Paraguay,PRY,Americas,nonpregnant,2005,129.0
Malaysia,MYS,Western Pacific,nonpregnant,2001,123.0
Barbados,BRB,Americas,nonpregnant,2011,131.0
Solomon Islands,SLB,Western Pacific,nonpregnant,2012,123.0
Somalia,SOM,Eastern Mediterranean,nonpregnant,2002,120.0
Czechia,CZE,Europe,nonpregnant,2011,129.0
Mauritius,MUS,Africa,nonpregnant,2015,130.0
Guinea,GIN,Africa,nonpregnant,2011,118.0
Marshall Islands,MHL,Western Pacific,nonpregnant,2012,126.0
Belgium,BEL,Europe,nonpregnant,2017,131.0
Japan,JPN,Western Pacific,nonpregnant,2008,128.0
Costa Rica,CRI,Americas,nonpregnant,2005,131.0
Brunei Darussalam,BRN,Western Pacific,nonpregnant,2008,130.0
Costa Rica,CRI,Americas,nonpregnant,2015,132.0
Japan,JPN,Western Pacific,nonpregnant,2005,127.0
Niger,NER,Africa,nonpregnant,2009,119.0
Marshall Islands,MHL,Western Pacific,nonpregnant,2018,126.0
Indonesia,IDN,Western Pacific,nonpregnant,2003,125.0
Colombia,COL,Americas,nonpregnant,2006,127.0
Republic of Korea,KOR,Western Pacific,nonpregnant,2006,129.0
Haiti,HTI,Americas,nonpregnant,2005,118.0
Botswana,BWA,Africa,nonpregnant,2012,126.0
Chile,CHL,Americas,nonpregnant,2011,134.0
Vanuatu,VUT,Western Pacific,nonpregnant,2011,128.0
Guatemala,GTM,Americas,nonpregnant,2019,137.0
Ukraine,UKR,Europe,nonpregnant,2012,133.0
Spain,ESP,Europe,nonpregnant,2018,131.0
Switzerland,CHE,Europe,nonpregnant,2017,132.0
Oman,OMN,Eastern Mediterranean,nonpregnant,2005,124.0
United Republic of Tanzania,TZA,Africa,nonpregnant,2008,122.0
Uruguay,URY,Americas,nonpregnant,2004,132.0
Croatia,HRV,Europe,nonpregnant,2011,129.0
Zimbabwe,ZWE,Africa,nonpregnant,2019,127.0
Andorra,AND,Europe,nonpregnant,2007,132.0
"occupied Palestinian territory, including east Jerusalem",PSE,Eastern Mediterranean,nonpregnant,2004,125.0
Benin,BEN,Africa,nonpregnant,2001,114.0
Saint Kitts and Nevis,KNA,Americas,nonpregnant,2013,132.0
Finland,FIN,Europe,nonpregnant,2008,133.0
Sri Lanka,LKA,South-East Asia,nonpregnant,2017,124.0
Ghana,GHA,Africa,nonpregnant,2003,119.0
South Sudan,SSD,Africa,nonpregnant,2016,125.0
Democratic Republic of the Congo,COD,Africa,nonpregnant,2015,121.0
Netherlands (Kingdom of the),NLD,Europe,nonpregnant,2001,132.0
Ghana,GHA,Africa,nonpregnant,2008,119.0
Namibia,NAM,Africa,nonpregnant,2005,128.0
Ghana,GHA,Africa,nonpregnant,2000,119.0
Guinea,GIN,Africa,nonpregnant,2000,118.0
Indonesia,IDN,Western Pacific,nonpregnant,2004,125.0
Somalia,SOM,Eastern Mediterranean,nonpregnant,2005,120.0
Croatia,HRV,Europe,nonpregnant,2012,129.0
Colombia,COL,Americas,nonpregnant,2004,126.0
Cambodia,KHM,Western Pacific,nonpregnant,2004,119.0
Belarus,BLR,Europe,nonpregnant,2015,130.0
Zambia,ZMB,Africa,nonpregnant,2006,125.0
Mauritius,MUS,Africa,nonpregnant,2004,132.0
Saudi Arabia,SAU,Eastern Mediterranean,nonpregnant,2000,125.0
Libya,LBY,Eastern Mediterranean,nonpregnant,2017,126.0
Democratic People's Republic of Korea,PRK,South-East Asia,nonpregnant,2019,124.0
Democratic People's Republic of Korea,PRK,South-East Asia,nonpregnant,2010,125.0
Haiti,HTI,Americas,nonpregnant,2006,118.0
South Africa,ZAF,Africa,nonpregnant,2006,126.0
Thailand,THA,South-East Asia,nonpregnant,2002,128.0
Antigua and Barbuda,ATG,Americas,nonpregnant,2000,129.0
United Kingdom of Great Britain and Northern Ireland,GBR,Europe,nonpregnant,2004,133.0
Iran (Islamic Republic of),IRN,Eastern Mediterranean,nonpregnant,2003,128.0
Slovenia,SVN,Europe,nonpregnant,2008,129.0
Austria,AUT,Europe,nonpregnant,2007,132.0
Central African Republic,CAF,Africa,nonpregnant,2002,119.0
Tuvalu,TUV,Western Pacific,nonpregnant,2017,127.0
Belize,BLZ,Americas,nonpregnant,2008,129.0
Japan,JPN,Western Pacific,nonpregnant,2015,128.0
Belarus,BLR,Europe,nonpregnant,2007,130.0
Hungary,HUN,Europe,nonpregnant,2015,130.0
Russian Federation,RUS,Europe,nonpregnant,2010,129.0
Tunisia,TUN,Eastern Mediterranean,nonpregnant,2002,125.0
Viet Nam,VNM,Western Pacific,nonpregnant,2008,130.0
Slovenia,SVN,Europe,nonpregnant,2014,129.0
Singapore,SGP,Western Pacific,nonpregnant,2001,131.0
Yemen,YEM,Eastern Mediterranean,nonpregnant,2012,113.0
Hungary,HUN,Europe,nonpregnant,2014,129.0
Iceland,ISL,Europe,nonpregnant,2001,133.0
Ukraine,UKR,Europe,nonpregnant,2000,134.0
Comoros,COM,Africa,nonpregnant,2014,126.0
Austria,AUT,Europe,nonpregnant,2011,132.0
Monaco,MCO,Europe,nonpregnant,2019,131.0
Afghanistan,AFG,Eastern Mediterranean,nonpregnant,2004,124.0
Timor-Leste,TLS,South-East Asia,nonpregnant,2014,127.0
Germany,DEU,Europe,nonpregnant,2008,132.0
Uzbekistan,UZB,Europe,nonpregnant,2008,124.0
Andorra,AND,Europe,nonpregnant,2004,132.0
Niger,NER,Africa,nonpregnant,2016,119.0
Niue,NIU,Western Pacific,nonpregnant,2004,127.0
Zimbabwe,ZWE,Africa,nonpregnant,2009,126.0
Mali,MLI,Africa,nonpregnant,2002,114.0
Guatemala,GTM,Americas,nonpregnant,2011,135.0
Finland,FIN,Europe,nonpregnant,2010,133.0
Niue,NIU,Western Pacific,nonpregnant,2005,127.0
Cyprus,CYP,Europe,nonpregnant,2014,131.0
Turkmenistan,TKM,Europe,nonpregnant,2015,127.0
Saint Lucia,LCA,Americas,nonpregnant,2001,131.0
Saint Kitts and Nevis,KNA,Americas,nonpregnant,2011,132.0
Estonia,EST,Europe,nonpregnant,2001,129.0
Liberia,LBR,Africa,nonpregnant,2016,122.0
Kyrgyzstan,KGZ,Europe,nonpregnant,2018,123.0
Togo,TGO,Africa,nonpregnant,2004,119.0
Saudi Arabia,SAU,Eastern Mediterranean,nonpregnant,2003,126.0
Venezuela (Bolivarian Republic of),VEN,Americas,nonpregnant,2012,129.0
Fiji,FJI,Western Pacific,nonpregnant,2018,124.0
Peru,PER,Americas,nonpregnant,2019,129.0
Greece,GRC,Europe,nonpregnant,2014,131.0
Finland,FIN,Europe,nonpregnant,2018,132.0
Latvia,LVA,Europe,nonpregnant,2007,129.0
El Salvador,SLV,Americas,nonpregnant,2002,136.0
Algeria,DZA,Africa,nonpregnant,2019,124.0
Lebanon,LBN,Eastern Mediterranean,nonpregnant,2011,127.0
United Republic of Tanzania,TZA,Africa,nonpregnant,2012,123.0
Tonga,TON,Western Pacific,nonpregnant,2011,127.0
Suriname,SUR,Americas,nonpregnant,2001,127.0
Lesotho,LSO,Africa,nonpregnant,2017,128.0
Uzbekistan,UZB,Europe,nonpregnant,2007,123.0
Jordan,JOR,Eastern Mediterranean,nonpregnant,2016,124.0
Gabon,GAB,Africa,nonpregnant,2010,116.0
Myanmar,MMR,South-East Asia,nonpregnant,2016,122.0
Namibia,NAM,Africa,nonpregnant,2008,129.0
Denmark,DNK,Europe,nonpregnant,2010,132.0
Niue,NIU,Western Pacific,nonpregnant,2019,127.0
Samoa,WSM,Western Pacific,nonpregnant,2000,129.0
Australia,AUS,Western Pacific,nonpregnant,2000,134.0
Burundi,BDI,Africa,nonpregnant,2018,124.0
Sierra Leone,SLE,Africa,nonpregnant,2013,120.0
Niue,NIU,Western Pacific,nonpregnant,2009,128.0
Iraq,IRQ,Eastern Mediterranean,nonpregnant,2016,125.0
North Macedonia,MKD,Europe,nonpregnant,2014,131.0
Canada,CAN,Americas,nonpregnant,2008,133.0
Estonia,EST,Europe,nonpregnant,2005,129.0
Nicaragua,NIC,Americas,nonpregnant,2008,132.0
Liberia,LBR,Africa,nonpregnant,2003,119.0
Türkiye,TUR,Europe,nonpregnant,2016,126.0
Russian Federation,RUS,Europe,nonpregnant,2009,129.0
Central African Republic,CAF,Africa,nonpregnant,2000,119.0
Marshall Islands,MHL,Western Pacific,nonpregnant,2002,126.0
Papua New Guinea,PNG,Western Pacific,nonpregnant,2003,126.0
Eswatini,SWZ,Africa,nonpregnant,2005,126.0
Malawi,MWI,Africa,nonpregnant,2006,125.0
Iceland,ISL,Europe,nonpregnant,2018,133.0
Republic of Korea,KOR,Western Pacific,nonpregnant,2019,130.0
Egypt,EGY,Eastern Mediterranean,nonpregnant,2014,125.0
Cuba,CUB,Americas,nonpregnant,2015,130.0
Kyrgyzstan,KGZ,Europe,nonpregnant,2007,123.0
Eritrea,ERI,Africa,nonpregnant,2008,124.0
Sudan,SDN,Eastern Mediterranean,nonpregnant,2009,123.0
Portugal,PRT,Europe,nonpregnant,2001,132.0
Kiribati,KIR,Western Pacific,nonpregnant,2018,125.0
Brazil,BRA,Americas,nonpregnant,2008,129.0
Guatemala,GTM,Americas,nonpregnant,2015,136.0
Angola,AGO,Africa,nonpregnant,2008,120.0
Saint Vincent and the Grenadines,VCT,Americas,nonpregnant,2014,132.0
France,FRA,Europe,nonpregnant,2011,133.0
Kyrgyzstan,KGZ,Europe,nonpregnant,2010,124.0
El Salvador,SLV,Americas,nonpregnant,2006,136.0
Belize,BLZ,Americas,nonpregnant,2014,130.0
Slovakia,SVK,Europe,nonpregnant,2018,128.0
Brunei Darussalam,BRN,Western Pacific,nonpregnant,2011,131.0
Austria,AUT,Europe,nonpregnant,2018,131.0
India,IND,South-East Asia,nonpregnant,2004,116.0
Cameroon,CMR,Africa,nonpregnant,2007,122.0
Azerbaijan,AZE,Europe,nonpregnant,2011,123.0
Australia,AUS,Western Pacific,nonpregnant,2019,133.0
Estonia,EST,Europe,nonpregnant,2009,129.0
Syrian Arab Republic,SYR,Eastern Mediterranean,nonpregnant,2011,125.0
Bhutan,BTN,South-East Asia,nonpregnant,2015,123.0
Libya,LBY,Eastern Mediterranean,nonpregnant,2013,126.0
Cook Islands,COK,Western Pacific,nonpregnant,2005,127.0
Democratic People's Republic of Korea,PRK,South-East Asia,nonpregnant,2016,125.0
Angola,AGO,Africa,nonpregnant,2009,120.0
Benin,BEN,Africa,nonpregnant,2019,117.0
Israel,ISR,Europe,nonpregnant,2012,132.0
Pakistan,PAK,Eastern Mediterranean,nonpregnant,2019,121.0
Nigeria,NGA,Africa,nonpregnant,2007,117.0
Nicaragua,NIC,Americas,nonpregnant,2005,131.0
Switzerland,CHE,Europe,nonpregnant,2007,132.0
Egypt,EGY,Eastern Mediterranean,nonpregnant,2018,126.0
Sri Lanka,LKA,South-East Asia,nonpregnant,2003,123.0
Nigeria,NGA,Africa,nonpregnant,2003,116.0
Bulgaria,BGR,Europe,nonpregnant,2002,128.0
Armenia,ARM,Europe,nonpregnant,2000,129.0
Sri Lanka,LKA,South-East Asia,nonpregnant,2005,123.0
Brunei Darussalam,BRN,Western Pacific,nonpregnant,2019,130.0
Dominican Republic,DOM,Americas,nonpregnant,2010,126.0
Guyana,GUY,Americas,nonpregnant,2011,124.0
Botswana,BWA,Africa,nonpregnant,2003,124.0
Democratic People's Republic of Korea,PRK,South-East Asia,nonpregnant,2011,125.0
Monaco,MCO,Europe,nonpregnant,2015,132.0
Haiti,HTI,Americas,nonpregnant,2001,117.0
Lithuania,LTU,Europe,nonpregnant,2004,129.0
Azerbaijan,AZE,Europe,nonpregnant,2007,122.0
Kenya,KEN,Africa,nonpregnant,2003,126.0
Kuwait,KWT,Eastern Mediterranean,nonpregnant,2012,129.0
Democratic People's Republic of Korea,PRK,South-East Asia,nonpregnant,2015,125.0
Congo,COG,Africa,nonpregnant,2018,119.0
Saint Vincent and the Grenadines,VCT,Americas,nonpregnant,2002,129.0
Malaysia,MYS,Western Pacific,nonpregnant,2003,124.0
Cuba,CUB,Americas,nonpregnant,2001,126.0
Gabon,GAB,Africa,nonpregnant,2002,115.0
Uruguay,URY,Americas,nonpregnant,2005,132.0
Cyprus,CYP,Europe,nonpregnant,2001,131.0
Libya,LBY,Eastern Mediterranean,nonpregnant,2010,126.0
Chile,CHL,Americas,pregnant,2008,120.0
Senegal,SEN,Africa,pregnant,2008,105.0
Lao People's Democratic Republic,LAO,Western Pacific,pregnant,2009,110.0
Portugal,PRT,Europe,pregnant,2010,119.0
Namibia,NAM,Africa,pregnant,2003,117.0
Switzerland,CHE,Europe,pregnant,2003,121.0
Democratic Republic of the Congo,COD,Africa,pregnant,2011,109.0
Zimbabwe,ZWE,Africa,pregnant,2001,116.0
Mozambique,MOZ,Africa,pregnant,2017,110.0
Uruguay,URY,Americas,pregnant,2012,118.0
Iraq,IRQ,Eastern Mediterranean,pregnant,2019,115.0
Niue,NIU,Western Pacific,pregnant,2017,116.0
Sri Lanka,LKA,South-East Asia,pregnant,2001,114.0
Iraq,IRQ,Eastern Mediterranean,pregnant,2016,115.0
Dominican Republic,DOM,Americas,pregnant,2005,115.0
Uganda,UGA,Africa,pregnant,2019,114.0
Uzbekistan,UZB,Europe,pregnant,2019,114.0
Bangladesh,BGD,South-East Asia,pregnant,2019,112.0
Belgium,BEL,Europe,pregnant,2019,120.0
Paraguay,PRY,Americas,pregnant,2001,118.0
Ukraine,UKR,Europe,pregnant,2013,120.0
Zambia,ZMB,Africa,pregnant,2009,113.0
Kiribati,KIR,Western Pacific,pregnant,2019,113.0
Barbados,BRB,Americas,pregnant,2010,121.0
Gabon,GAB,Africa,pregnant,2010,107.0
Germany,DEU,Europe,pregnant,2013,120.0
Finland,FIN,Europe,pregnant,2012,121.0
Slovenia,SVN,Europe,pregnant,2010,119.0
Dominica,DMA,Americas,pregnant,2006,118.0
Uganda,UGA,Africa,pregnant,2014,114.0
Cameroon,CMR,Africa,pregnant,2012,110.0
Netherlands (Kingdom of the),NLD,Europe,pregnant,2006,120.0
Malawi,MWI,Africa,pregnant,2001,112.0
Kyrgyzstan,KGZ,Europe,pregnant,2011,114.0
Latvia,LVA,Europe,pregnant,2017,119.0
Bahamas,BHS,Americas,pregnant,2004,122.0
Belize,BLZ,Americas,pregnant,2015,120.0
Tunisia,TUN,Eastern Mediterranean,pregnant,2013,116.0
Antigua and Barbuda,ATG,Americas,pregnant,2003,120.0
South Sudan,SSD,Africa,pregnant,2000,112.0
"occupied Palestinian territory, including east Jerusalem",PSE,Eastern Mediterranean,pregnant,2004,114.0
Kiribati,KIR,Western Pacific,pregnant,2018,113.0
Kyrgyzstan,KGZ,Europe,pregnant,2009,114.0
Peru,PER,Americas,pregnant,2013,117.0
Turkmenistan,TKM,Europe,pregnant,2009,117.0
Congo,COG,Africa,pregnant,2010,108.0
Bahamas,BHS,Americas,pregnant,2016,123.0
Malaysia,MYS,Western Pacific,pregnant,2007,115.0
Czechia,CZE,Europe,pregnant,2012,119.0
Libya,LBY,Eastern Mediterranean,pregnant,2016,116.0
Ukraine,UKR,Europe,pregnant,2002,119.0
Algeria,DZA,Africa,pregnant,2013,115.0
Poland,POL,Europe,pregnant,2004,119.0
Argentina,ARG,Americas,pregnant,2004,118.0
Panama,PAN,Americas,pregnant,2017,119.0
Saudi Arabia,SAU,Eastern Mediterranean,pregnant,2015,117.0
Cote d'Ivoire,CIV,Africa,pregnant,2001,106.0
Egypt,EGY,Eastern Mediterranean,pregnant,2012,117.0
Saint Lucia,LCA,Americas,pregnant,2004,121.0
Mozambique,MOZ,Africa,pregnant,2005,108.0
Oman,OMN,Eastern Mediterranean,pregnant,2013,116.0
Haiti,HTI,Americas,pregnant,2008,108.0
Venezuela (Bolivarian Republic of),VEN,Americas,pregnant,2018,118.0
Eswatini,SWZ,Africa,pregnant,2000,116.0
Bahrain,BHR,Eastern Mediterranean,pregnant,2009,115.0
Russian Federation,RUS,Europe,pregnant,2014,119.0
Cambodia,KHM,Western Pacific,pregnant,2018,109.0
Lao People's Democratic Republic,LAO,Western Pacific,pregnant,2011,110.0
India,IND,South-East Asia,pregnant,2001,107.0
Myanmar,MMR,South-East Asia,pregnant,2018,110.0
Gabon,GAB,Africa,pregnant,2002,106.0
Israel,ISR,Europe,pregnant,2007,120.0
Australia,AUS,Western Pacific,pregnant,2017,121.0
Guyana,GUY,Americas,pregnant,2003,114.0
Slovenia,SVN,Europe,pregnant,2015,119.0
Maldives,MDV,South-East Asia,pregnant,2013,110.0
Luxembourg,LUX,Europe,pregnant,2005,122.0
Palau,PLW,Western Pacific,pregnant,2003,115.0
Dominican Republic,DOM,Americas,pregnant,2018,117.0
Haiti,HTI,Americas,pregnant,2012,109.0
Libya,LBY,Eastern Mediterranean,pregnant,2007,116.0
Myanmar,MMR,South-East Asia,pregnant,2001,109.0
Micronesia (Federated States of),FSM,Western Pacific,pregnant,2004,115.0
United Arab Emirates,ARE,Eastern Mediterranean,pregnant,2012,119.0
Belarus,BLR,Europe,pregnant,2005,118.0
Burundi,BDI,Africa,pregnant,2000,111.0
United Republic of Tanzania,TZA,Africa,pregnant,2015,109.0
Honduras,HND,Americas,pregnant,2005,119.0
Philippines,PHL,Western Pacific,pregnant,2016,116.0
Netherlands (Kingdom of the),NLD,Europe,pregnant,2009,120.0
Spain,ESP,Europe,pregnant,2005,120.0
Andorra,AND,Europe,pregnant,2008,120.0
Brazil,BRA,Americas,pregnant,2016,121.0
Togo,TGO,Africa,pregnant,2003,106.0
Estonia,EST,Europe,pregnant,2019,119.0
Malta,MLT,Europe,pregnant,2003,119.0
Ireland,IRL,Europe,pregnant,2000,120.0
Grenada,GRD,Americas,pregnant,2003,119.0
Switzerland,CHE,Europe,pregnant,2010,121.0
Tonga,TON,Western Pacific,pregnant,2004,115.0
Senegal,SEN,Africa,pregnant,2018,107.0
Austria,AUT,Europe,pregnant,2014,120.0
Albania,ALB,Europe,pregnant,2016,118.0
Venezuela (Bolivarian Republic of),VEN,Americas,pregnant,2019,118.0
Luxembourg,LUX,Europe,pregnant,2011,122.0
Eritrea,ERI,Africa,pregnant,2008,112.0
Austria,AUT,Europe,pregnant,2002,120.0
Sudan,SDN,Eastern Mediterranean,pregnant,2006,113.0
Barbados,BRB,Americas,pregnant,2005,120.0
Hungary,HUN,Europe,pregnant,2014,119.0
Czechia,CZE,Europe,pregnant,2003,119.0
Grenada,GRD,Americas,pregnant,2002,118.0
Pakistan,PAK,Eastern Mediterranean,pregnant,2002,109.0
Guyana,GUY,Americas,pregnant,2011,115.0
Eritrea,ERI,Africa,pregnant,2011,112.0
Spain,ESP,Europe,pregnant,2015,119.0
Gabon,GAB,Africa,pregnant,2014,107.0
Sierra Leone,SLE,Africa,pregnant,2013,107.0
Belize,BLZ,Americas,pregnant,2008,119.0
Sudan,SDN,Eastern Mediterranean,pregnant,2012,113.0
Uzbekistan,UZB,Europe,pregnant,2007,113.0
Congo,COG,Africa,pregnant,2012,108.0
Uganda,UGA,Africa,pregnant,2011,114.0
Rwanda,RWA,Africa,pregnant,2018,119.0
Canada,CAN,Americas,pregnant,2014,121.0
Guyana,GUY,Americas,pregnant,2007,114.0
Zambia,ZMB,Africa,pregnant,2001,112.0
Monaco,MCO,Europe,pregnant,2017,120.0
Tonga,TON,Western Pacific,pregnant,2015,115.0
Botswana,BWA,Africa,pregnant,2010,117.0
Yemen,YEM,Eastern Mediterranean,pregnant,2005,104.0
North Macedonia,MKD,Europe,pregnant,2017,118.0
Sierra Leone,SLE,Africa,pregnant,2009,107.0
Seychelles,SYC,Africa,pregnant,2015,118.0
Latvia,LVA,Europe,pregnant,2010,119.0
Pakistan,PAK,Eastern Mediterranean,pregnant,2005,109.0
Micronesia (Federated States of),FSM,Western Pacific,pregnant,2002,115.0
South Sudan,SSD,Africa,pregnant,2002,112.0
United Arab Emirates,ARE,Eastern Mediterranean,pregnant,2008,119.0
Marshall Islands,MHL,Western Pacific,pregnant,2008,113.0
Lebanon,LBN,Eastern Mediterranean,pregnant,2005,117.0
Mexico,MEX,Americas,pregnant,2001,118.0
Cambodia,KHM,Western Pacific,pregnant,2008,108.0
Honduras,HND,Americas,pregnant,2010,120.0
Kiribati,KIR,Western Pacific,pregnant,2009,112.0
Tajikistan,TJK,Europe,pregnant,2019,113.0
Luxembourg,LUX,Europe,pregnant,2015,121.0
Oman,OMN,Eastern Mediterranean,pregnant,2018,116.0
Ghana,GHA,Africa,pregnant,2002,107.0
Australia,AUS,Western Pacific,pregnant,2008,121.0
Kyrgyzstan,KGZ,Europe,pregnant,2012,114.0
Saint Vincent and the Grenadines,VCT,Americas,pregnant,2016,121.0
Philippines,PHL,Western Pacific,pregnant,2007,112.0
Montenegro,MNE,Europe,pregnant,2009,121.0
Tajikistan,TJK,Europe,pregnant,2007,114.0
Germany,DEU,Europe,pregnant,2017,120.0
Cook Islands,COK,Western Pacific,pregnant,2010,116.0
Switzerland,CHE,Europe,pregnant,2009,121.0
Finland,FIN,Europe,pregnant,2000,120.0
Myanmar,MMR,South-East Asia,pregnant,2003,109.0
Sudan,SDN,Eastern Mediterranean,pregnant,2017,114.0
Saint Vincent and the Grenadines,VCT,Americas,pregnant,2009,120.0
Seychelles,SYC,Africa,pregnant,2006,118.0
Cuba,CUB,Americas,pregnant,2007,118.0
Philippines,PHL,Western Pacific,pregnant,2008,113.0
Kenya,KEN,Africa,pregnant,2001,111.0
Peru,PER,Americas,pregnant,2016,117.0
Albania,ALB,Europe,pregnant,2003,117.0
Guinea,GIN,Africa,pregnant,2019,108.0
Turkmenistan,TKM,Europe,pregnant,2004,116.0
Czechia,CZE,Europe,pregnant,2001,119.0
Venezuela (Bolivarian Republic of),VEN,Americas,pregnant,2008,118.0
Madagascar,MDG,Africa,pregnant,2010,113.0
Afghanistan,AFG,Eastern Mediterranean,pregnant,2009,113.0
Equatorial Guinea,GNQ,Africa,pregnant,2012,109.0
Liberia,LBR,Africa,pregnant,2017,110.0
Philippines,PHL,Western Pacific,pregnant,2002,112.0
Ireland,IRL,Europe,pregnant,2017,120.0
Latvia,LVA,Europe,pregnant,2004,118.0
Serbia,SRB,Europe,pregnant,2013,118.0
San Marino,SMR,Europe,pregnant,2018,120.0
Cameroon,CMR,Africa,pregnant,2004,109.0
Central African Republic,CAF,Africa,pregnant,2012,108.0
Marshall Islands,MHL,Western Pacific,pregnant,2019,114.0
Nepal,NPL,South-East Asia,pregnant,2012,111.0
Türkiye,TUR,Europe,pregnant,2007,115.0
Cambodia,KHM,Western Pacific,pregnant,2016,109.0
Monaco,MCO,Europe,pregnant,2014,120.0
Nicaragua,NIC,Americas,pregnant,2000,117.0
Argentina,ARG,Americas,pregnant,2018,120.0
Denmark,DNK,Europe,pregnant,2017,120.0
Bolivia (Plurinational State of),BOL,Americas,pregnant,2002,114.0
Togo,TGO,Africa,pregnant,2019,108.0
South Africa,ZAF,Africa,pregnant,2018,118.0
Qatar,QAT,Eastern Mediterranean,pregnant,2008,117.0
Afghanistan,AFG,Eastern Mediterranean,pregnant,2002,112.0
Tajikistan,TJK,Europe,pregnant,2011,114.0
Bulgaria,BGR,Europe,pregnant,2005,117.0
Madagascar,MDG,Africa,pregnant,2001,112.0
Lesotho,LSO,Africa,pregnant,2019,115.0
Saudi Arabia,SAU,Eastern Mediterranean,pregnant,2005,116.0
Tajikistan,TJK,Europe,pregnant,2016,113.0
Cuba,CUB,Americas,pregnant,2002,117.0
Central African Republic,CAF,Africa,pregnant,2005,107.0
North Macedonia,MKD,Europe,pregnant,2010,118.0
Luxembourg,LUX,Europe,pregnant,2006,122.0
Suriname,SUR,Americas,pregnant,2007,118.0
Solomon Islands,SLB,Western Pacific,pregnant,2003,109.0
Poland,POL,Europe,pregnant,2015,120.0
South Africa,ZAF,Africa,pregnant,2003,117.0
Singapore,SGP,Western Pacific,pregnant,2005,120.0
Senegal,SEN,Africa,pregnant,2010,105.0
United Republic of Tanzania,TZA,Africa,pregnant,2001,107.0
Timor-Leste,TLS,South-East Asia,pregnant,2008,116.0
Gabon,GAB,Africa,pregnant,2015,108.0
Algeria,DZA,Africa,pregnant,2006,114.0
Cambodia,KHM,Western Pacific,pregnant,2005,108.0
Burkina Faso,BFA,Africa,pregnant,2009,106.0
Sao Tome and Principe,STP,Africa,pregnant,2001,107.0
Ecuador,ECU,Americas,pregnant,2015,120.0
Zimbabwe,ZWE,Africa,pregnant,2016,116.0
Ecuador,ECU,Americas,pregnant,2004,118.0
Barbados,BRB,Americas,pregnant,2006,121.0
Gabon,GAB,Africa,pregnant,2018,108.0
Switzerland,CHE,Europe,pregnant,2004,121.0
Bhutan,BTN,South-East Asia,pregnant,2006,111.0
Tunisia,TUN,Eastern Mediterranean,pregnant,2016,116.0
Pakistan,PAK,Eastern Mediterranean,pregnant,2016,111.0
Cyprus,CYP,Europe,pregnant,2001,119.0
Botswana,BWA,Africa,pregnant,2000,115.0
Germany,DEU,Europe,pregnant,2007,121.0
Paraguay,PRY,Americas,pregnant,2017,118.0
Malta,MLT,Europe,pregnant,2016,119.0
Saint Vincent and the Grenadines,VCT,Americas,pregnant,2011,120.0
Kenya,KEN,Africa,pregnant,2012,113.0
Indonesia,IDN,Western Pacific,pregnant,2007,112.0
Iraq,IRQ,Eastern Mediterranean,pregnant,2009,114.0
Finland,FIN,Europe,pregnant,2008,121.0
Panama,PAN,Americas,pregnant,2018,119.0
Japan,JPN,Western Pacific,pregnant,2015,117.0
Slovakia,SVK,Europe,pregnant,2014,118.0
Sierra Leone,SLE,Africa,pregnant,2018,107.0
Djibouti,DJI,Eastern Mediterranean,pregnant,2005,113.0
Egypt,EGY,Eastern Mediterranean,pregnant,2004,116.0
Palau,PLW,Western Pacific,pregnant,2006,115.0
Tuvalu,TUV,Western Pacific,pregnant,2018,116.0
North Macedonia,MKD,Europe,pregnant,2014,118.0
Latvia,LVA,Europe,pregnant,2002,118.0
Benin,BEN,Africa,pregnant,2008,104.0
Democratic Republic of the Congo,COD,Africa,pregnant,2003,107.0
Bulgaria,BGR,Europe,pregnant,2011,118.0
Indonesia,IDN,Western Pacific,pregnant,2000,111.0
Haiti,HTI,Americas,pregnant,2007,108.0
South Sudan,SSD,Africa,pregnant,2003,112.0
Barbados,BRB,Americas,pregnant,2012,121.0
Malawi,MWI,Africa,pregnant,2004,112.0
Nicaragua,NIC,Americas,pregnant,2015,119.0
Myanmar,MMR,South-East Asia,pregnant,2008,110.0
Nigeria,NGA,Africa,pregnant,2001,105.0
Switzerland,CHE,Europe,pregnant,2008,121.0
Niger,NER,Africa,pregnant,2006,106.0
Monaco,MCO,Europe,pregnant,2016,120.0
Oman,OMN,Eastern Mediterranean,pregnant,2005,115.0
Guinea,GIN,Africa,pregnant,2011,106.0
Myanmar,MMR,South-East Asia,pregnant,2002,109.0
Lao People's Democratic Republic,LAO,Western Pacific,pregnant,2000,108.0
Bahrain,BHR,Eastern Mediterranean,pregnant,2018,115.0
Azerbaijan,AZE,Europe,pregnant,2001,113.0
Japan,JPN,Western Pacific,pregnant,2017,117.0
Russian Federation,RUS,Europe,pregnant,2010,119.0
United Arab Emirates,ARE,Eastern Mediterranean,pregnant,2000,119.0
Democratic Republic of the Congo,COD,Africa,pregnant,2009,108.0
Monaco,MCO,Europe,pregnant,2007,120.0
Barbados,BRB,Americas,pregnant,2019,121.0
Republic of Korea,KOR,Western Pacific,pregnant,2010,119.0
Viet Nam,VNM,Western Pacific,pregnant,2008,116.0
Slovakia,SVK,Europe,pregnant,2019,118.0
Uganda,UGA,Africa,pregnant,2009,113.0
Djibouti,DJI,Eastern Mediterranean,pregnant,2015,114.0
Bosnia and Herzegovina,BIH,Europe,pregnant,2003,116.0
Somalia,SOM,Eastern Mediterranean,pregnant,2000,108.0
Democratic Republic of the Congo,COD,Africa,pregnant,2008,108.0
Serbia,SRB,Europe,pregnant,2017,118.0
Latvia,LVA,Europe,pregnant,2009,119.0
Colombia,COL,Americas,pregnant,2003,116.0
Eritrea,ERI,Africa,pregnant,2002,111.0
Andorra,AND,Europe,pregnant,2005,120.0
Austria,AUT,Europe,pregnant,2010,120.0
Mongolia,MNG,Western Pacific,pregnant,2000,117.0
Egypt,EGY,Eastern Mediterranean,pregnant,2010,116.0
Saint Vincent and the Grenadines,VCT,Americas,pregnant,2010,120.0
Zambia,ZMB,Africa,pregnant,2007,113.0
San Marino,SMR,Europe,pregnant,2011,120.0
Nigeria,NGA,Africa,pregnant,2004,105.0
Thailand,THA,South-East Asia,pregnant,2000,116.0
Hungary,HUN,Europe,pregnant,2000,119.0
Mongolia,MNG,Western Pacific,pregnant,2017,117.0
Benin,BEN,Africa,pregnant,2019,105.0
Comoros,COM,Africa,pregnant,2002,112.0
Brazil,BRA,Americas,pregnant,2006,119.0
Guyana,GUY,Americas,pregnant,2002,114.0
Myanmar,MMR,South-East Asia,pregnant,2014,110.0
Tunisia,TUN,Eastern Mediterranean,pregnant,2010,116.0
Morocco,MAR,Eastern Mediterranean,pregnant,2009,115.0
Panama,PAN,Americas,pregnant,2002,118.0
Mexico,MEX,Americas,pregnant,2004,119.0
Guinea-Bissau,GNB,Africa,pregnant,2005,107.0
Equatorial Guinea,GNQ,Africa,pregnant,2002,106.0
Japan,JPN,Western Pacific,pregnant,2001,116.0
Brunei Darussalam,BRN,Western Pacific,pregnant,2017,118.0
Mali,MLI,Africa,pregnant,2013,105.0
Seychelles,SYC,Africa,pregnant,2007,118.0
Libya,LBY,Eastern Mediterranean,pregnant,2001,116.0
United Republic of Tanzania,TZA,Africa,pregnant,2013,109.0
North Macedonia,MKD,Europe,pregnant,2003,118.0
Viet Nam,VNM,Western Pacific,pregnant,2007,116.0
Bahrain,BHR,Eastern Mediterranean,pregnant,2010,115.0
Azerbaijan,AZE,Europe,pregnant,2018,114.0
Gabon,GAB,Africa,pregnant,2019,108.0
Yemen,YEM,Eastern Mediterranean,pregnant,2019,105.0
Chad,TCD,Africa,pregnant,2015,110.0
Kenya,KEN,Africa,pregnant,2009,113.0
Saudi Arabia,SAU,Eastern Mediterranean,pregnant,2004,116.0
Malta,MLT,Europe,pregnant,2012,119.0
Central African Republic,CAF,Africa,pregnant,2011,108.0
Niue,NIU,Western Pacific,pregnant,2010,116.0
Slovenia,SVN,Europe,pregnant,2001,119.0
Russian Federation,RUS,Europe,pregnant,2018,119.0
Cuba,CUB,Americas,pregnant,2019,120.0
United Kingdom of Great Britain and Northern Ireland,GBR,Europe,pregnant,2014,121.0
United Republic of Tanzania,TZA,Africa,pregnant,2005,107.0
Malawi,MWI,Africa,pregnant,2009,113.0
Malawi,MWI,Africa,pregnant,2012,114.0
Mozambique,MOZ,Africa,pregnant,2011,109.0
Honduras,HND,Americas,pregnant,2007,119.0
Central African Republic,CAF,Africa,pregnant,2000,107.0
Djibouti,DJI,Eastern Mediterranean,pregnant,2008,114.0
Greece,GRC,Europe,pregnant,2018,119.0
Paraguay,PRY,Americas,pregnant,2014,118.0
Poland,POL,Europe,pregnant,2016,120.0
Chad,TCD,Africa,pregnant,2009,108.0
Malta,MLT,Europe,pregnant,2008,119.0
Uzbekistan,UZB,Europe,pregnant,2017,114.0
Bhutan,BTN,South-East Asia,pregnant,2015,113.0
Venezuela (Bolivarian Republic of),VEN,Americas,pregnant,2000,117.0
Mauritius,MUS,Africa,pregnant,2008,117.0
Lithuania,LTU,Europe,pregnant,2011,120.0
Cuba,CUB,Americas,pregnant,2014,119.0
Democratic People's Republic of Korea,PRK,South-East Asia,pregnant,2016,113.0
Australia,AUS,Western Pacific,pregnant,2010,121.0
Israel,ISR,Europe,pregnant,2012,120.0
United Republic of Tanzania,TZA,Africa,pregnant,2008,108.0
Iran (Islamic Republic of),IRN,Eastern Mediterranean,pregnant,2007,118.0
Democratic Republic of the Congo,COD,Africa,pregnant,2016,110.0
Uganda,UGA,Africa,pregnant,2001,111.0
Czechia,CZE,Europe,pregnant,2018,119.0
Trinidad and Tobago,TTO,Americas,pregnant,2006,120.0
Venezuela (Bolivarian Republic of),VEN,Americas,pregnant,2005,117.0
Tajikistan,TJK,Europe,pregnant,2009,114.0
Belgium,BEL,Europe,pregnant,2012,120.0
Senegal,SEN,Africa,pregnant,2009,105.0
Greece,GRC,Europe,pregnant,2005,119.0
Morocco,MAR,Eastern Mediterranean,pregnant,2014,116.0
Georgia,GEO,Europe,pregnant,2011,117.0
Cook Islands,COK,Western Pacific,pregnant,2011,116.0
Sri Lanka,LKA,South-East Asia,pregnant,2016,114.0
Mexico,MEX,Americas,pregnant,2018,121.0
Greece,GRC,Europe,pregnant,2014,119.0
Kyrgyzstan,KGZ,Europe,pregnant,2019,114.0
Norway,NOR,Europe,pregnant,2015,120.0
Saint Lucia,LCA,Americas,pregnant,2008,122.0
Lesotho,LSO,Africa,pregnant,2001,115.0
Argentina,ARG,Americas,pregnant,2016,120.0
Turkmenistan,TKM,Europe,pregnant,2002,116.0
Maldives,MDV,South-East Asia,pregnant,2008,110.0
Burundi,BDI,Africa,pregnant,2005,112.0
Bahamas,BHS,Americas,pregnant,2015,123.0
Monaco,MCO,Europe,pregnant,2005,120.0
Malawi,MWI,Africa,pregnant,2019,114.0
Panama,PAN,Americas,pregnant,2006,118.0
Jordan,JOR,Eastern Mediterranean,pregnant,2013,116.0
Uganda,UGA,Africa,pregnant,2004,112.0
Zambia,ZMB,Africa,pregnant,2006,113.0
Czechia,CZE,Europe,pregnant,2016,119.0
El Salvador,SLV,Americas,pregnant,2001,122.0
Germany,DEU,Europe,pregnant,2006,121.0
Philippines,PHL,Western Pacific,pregnant,2006,112.0
Croatia,HRV,Europe,pregnant,2012,119.0
Jamaica,JAM,Americas,pregnant,2014,119.0
Bangladesh,BGD,South-East Asia,pregnant,2014,112.0
Benin,BEN,Africa,pregnant,2015,105.0
Saint Lucia,LCA,Americas,pregnant,2005,121.0
Tonga,TON,Western Pacific,pregnant,2018,115.0
Portugal,PRT,Europe,pregnant,2017,119.0
Mauritania,MRT,Africa,pregnant,2013,109.0
Viet Nam,VNM,Western Pacific,pregnant,2009,117.0
Guatemala,GTM,Americas,pregnant,2011,122.0
Italy,ITA,Europe,pregnant,2017,119.0
Gambia,GMB,Africa,pregnant,2015,106.0
Dominican Republic,DOM,Americas,pregnant,2003,115.0
Luxembourg,LUX,Europe,pregnant,2004,122.0
Yemen,YEM,Eastern Mediterranean,pregnant,2003,104.0
Lesotho,LSO,Africa,pregnant,2012,116.0
Cook Islands,COK,Western Pacific,pregnant,2013,116.0
Albania,ALB,Europe,pregnant,2005,118.0
Egypt,EGY,Eastern Mediterranean,pregnant,2011,117.0
Sri Lanka,LKA,South-East Asia,pregnant,2006,114.0
India,IND,South-East Asia,pregnant,2017,109.0
Uruguay,URY,Americas,pregnant,2013,118.0
Peru,PER,Americas,pregnant,2019,117.0
Andorra,AND,Europe,pregnant,2013,120.0
Togo,TGO,Africa,pregnant,2017,108.0
Eswatini,SWZ,Africa,pregnant,2017,116.0
Eswatini,SWZ,Africa,pregnant,2016,116.0
Thailand,THA,South-East Asia,pregnant,2009,116.0
Netherlands (Kingdom of the),NLD,Europe,pregnant,2012,120.0
Ethiopia,ETH,Africa,pregnant,2014,118.0
Liberia,LBR,Africa,pregnant,2006,108.0
Uruguay,URY,Americas,pregnant,2018,118.0
Indonesia,IDN,Western Pacific,pregnant,2001,112.0
Saint Vincent and the Grenadines,VCT,Americas,pregnant,2006,120.0
Bahrain,BHR,Eastern Mediterranean,pregnant,2016,115.0
Kazakhstan,KAZ,Europe,pregnant,2014,116.0
Suriname,SUR,Americas,pregnant,2014,119.0
United Republic of Tanzania,TZA,Africa,pregnant,2019,110.0
Venezuela (Bolivarian Republic of),VEN,Americas,pregnant,2004,117.0
Mauritania,MRT,Africa,pregnant,2003,108.0
Rwanda,RWA,Africa,pregnant,2011,120.0
United Arab Emirates,ARE,Eastern Mediterranean,pregnant,2017,119.0
Ethiopia,ETH,Africa,pregnant,2007,117.0
Andorra,AND,Europe,pregnant,2009,120.0
Dominican Republic,DOM,Americas,pregnant,2004,115.0
Honduras,HND,Americas,pregnant,2014,120.0
Nicaragua,NIC,Americas,pregnant,2003,118.0
New Zealand,NZL,Western Pacific,pregnant,2018,120.0
Nigeria,NGA,Africa,pregnant,2010,106.0
Naoero,NRU,Western Pacific,pregnant,2019,115.0
United Kingdom of Great Britain and Northern Ireland,GBR,Europe,pregnant,2011,121.0
North Macedonia,MKD,Europe,pregnant,2018,118.0
United States of America,USA,Americas,pregnant,2016,123.0
Colombia,COL,Americas,pregnant,2006,117.0
Somalia,SOM,Eastern Mediterranean,pregnant,2014,109.0
Jamaica,JAM,Americas,pregnant,2019,119.0
Austria,AUT,Europe,pregnant,2017,120.0
United Kingdom of Great Britain and Northern Ireland,GBR,Europe,pregnant,2000,121.0
Haiti,HTI,Americas,pregnant,2002,107.0
Costa Rica,CRI,Americas,pregnant,2017,121.0
Monaco,MCO,Europe,pregnant,2018,120.0
Egypt,EGY,Eastern Mediterranean,pregnant,2008,116.0
Burundi,BDI,Africa,pregnant,2010,113.0
Barbados,BRB,Americas,pregnant,2004,120.0
France,FRA,Europe,pregnant,2004,121.0
Argentina,ARG,Americas,pregnant,2007,119.0
Eswatini,SWZ,Africa,pregnant,2001,116.0
Cook Islands,COK,Western Pacific,pregnant,2012,116.0
Jamaica,JAM,Americas,pregnant,2011,119.0
Chile,CHL,Americas,pregnant,2011,121.0
Kenya,KEN,Africa,pregnant,2016,113.0
Hungary,HUN,Europe,pregnant,2015,119.0
France,FRA,Europe,pregnant,2005,121.0
Albania,ALB,Europe,pregnant,2012,119.0
Kazakhstan,KAZ,Europe,pregnant,2000,114.0
Colombia,COL,Americas,pregnant,2012,119.0
Turkmenistan,TKM,Europe,pregnant,2012,117.0
Ukraine,UKR,Europe,pregnant,2014,120.0
Honduras,HND,Americas,pregnant,2016,119.0
Cabo Verde,CPV,Africa,pregnant,2015,115.0
Ghana,GHA,Africa,pregnant,2016,109.0
Democratic People's Republic of Korea,PRK,South-East Asia,pregnant,2006,114.0
Israel,ISR,Europe,pregnant,2017,120.0
Romania,ROU,Europe,pregnant,2007,118.0
Finland,FIN,Europe,pregnant,2006,121.0
Tonga,TON,Western Pacific,pregnant,2011,115.0
Marshall Islands,MHL,Western Pacific,pregnant,2006,113.0
Greece,GRC,Europe,pregnant,2009,119.0
Greece,GRC,Europe,pregnant,2007,119.0
Democratic People's Republic of Korea,PRK,South-East Asia,pregnant,2007,114.0
Azerbaijan,AZE,Europe,pregnant,2009,114.0
Niger,NER,Africa,pregnant,2007,106.0
Angola,AGO,Africa,pregnant,2015,110.0
Belarus,BLR,Europe,pregnant,2009,119.0
Mali,MLI,Africa,pregnant,2003,104.0
Djibouti,DJI,Eastern Mediterranean,pregnant,2004,113.0
Cambodia,KHM,Western Pacific,pregnant,2013,109.0
Costa Rica,CRI,Americas,pregnant,2019,121.0
Somalia,SOM,Eastern Mediterranean,pregnant,2019,109.0
Dominica,DMA,Americas,pregnant,2008,118.0
Kenya,KEN,Africa,pregnant,2010,113.0
India,IND,South-East Asia,pregnant,2010,108.0
Tunisia,TUN,Eastern Mediterranean,pregnant,2018,116.0
Bahamas,BHS,Americas,pregnant,2014,123.0
Nigeria,NGA,Africa,pregnant,2017,107.0
Denmark,DNK,Europe,pregnant,2012,120.0
Botswana,BWA,Africa,pregnant,2012,117.0
Togo,TGO,Africa,pregnant,2008,107.0
Italy,ITA,Europe,pregnant,2016,119.0
Samoa,WSM,Western Pacific,pregnant,2014,114.0
Burkina Faso,BFA,Africa,pregnant,2014,106.0
Azerbaijan,AZE,Europe,pregnant,2012,114.0
Malawi,MWI,Africa,pregnant,2007,113.0
Tajikistan,TJK,Europe,pregnant,2013,114.0
Kenya,KEN,Africa,pregnant,2014,113.0
Australia,AUS,Western Pacific,pregnant,2003,121.0
Kenya,KEN,Africa,pregnant,2008,113.0
Angola,AGO,Africa,pregnant,2006,108.0
Iraq,IRQ,Eastern Mediterranean,pregnant,2005,113.0
Colombia,COL,Americas,pregnant,2000,116.0
Malaysia,MYS,Western Pacific,pregnant,2011,115.0
Belize,BLZ,Americas,pregnant,2013,120.0
Hungary,HUN,Europe,pregnant,2008,119.0
Democratic People's Republic of Korea,PRK,South-East Asia,pregnant,2010,114.0
Marshall Islands,MHL,Western Pacific,pregnant,2017,114.0
Uganda,UGA,Africa,pregnant,2000,111.0
Sudan,SDN,Eastern Mediterranean,pregnant,2010,113.0
Mongolia,MNG,Western Pacific,pregnant,2005,117.0
Mozambique,MOZ,Africa,pregnant,2003,108.0
Malaysia,MYS,Western Pacific,pregnant,2000,113.0
Honduras,HND,Americas,pregnant,2011,120.0
"occupied Palestinian territory, including east Jerusalem",PSE,Eastern Mediterranean,pregnant,2003,114.0
Kazakhstan,KAZ,Europe,pregnant,2010,116.0
Ethiopia,ETH,Africa,pregnant,2013,118.0
Viet Nam,VNM,Western Pacific,pregnant,2005,115.0
Armenia,ARM,Europe,pregnant,2003,119.0
Congo,COG,Africa,pregnant,2014,108.0
Samoa,WSM,Western Pacific,pregnant,2008,114.0
Niger,NER,Africa,pregnant,2012,107.0
Uganda,UGA,Africa,pregnant,2015,114.0
Libya,LBY,Eastern Mediterranean,pregnant,2002,116.0
Micronesia (Federated States of),FSM,Western Pacific,pregnant,2015,115.0
Marshall Islands,MHL,Western Pacific,pregnant,2001,113.0
Saudi Arabia,SAU,Eastern Mediterranean,pregnant,2009,117.0
Morocco,MAR,Eastern Mediterranean,pregnant,2008,115.0
Bahamas,BHS,Americas,pregnant,2006,123.0
Liberia,LBR,Africa,pregnant,2016,109.0
Timor-Leste,TLS,South-East Asia,pregnant,2002,115.0
Lao People's Democratic Republic,LAO,Western Pacific,pregnant,2002,109.0
Syrian Arab Republic,SYR,Eastern Mediterranean,pregnant,2009,115.0
South Sudan,SSD,Africa,pregnant,2006,112.0
Bosnia and Herzegovina,BIH,Europe,pregnant,2007,117.0
United Kingdom of Great Britain and Northern Ireland,GBR,Europe,pregnant,2006,121.0
Nigeria,NGA,Africa,pregnant,2015,106.0
Kazakhstan,KAZ,Europe,pregnant,2001,114.0
Marshall Islands,MHL,Western Pacific,pregnant,2015,114.0
Colombia,COL,Americas,pregnant,2010,118.0
Saudi Arabia,SAU,Eastern Mediterranean,pregnant,2018,117.0
France,FRA,Europe,pregnant,2015,121.0
Central African Republic,CAF,Africa,pregnant,2014,108.0
United Arab Emirates,ARE,Eastern Mediterranean,pregnant,2011,119.0
Haiti,HTI,Americas,pregnant,2000,107.0
Burundi,BDI,Africa,pregnant,2002,112.0
Montenegro,MNE,Europe,pregnant,2000,120.0
Mauritius,MUS,Africa,pregnant,2018,118.0
Philippines,PHL,Western Pacific,pregnant,2012,114.0
Seychelles,SYC,Africa,pregnant,2008,118.0
Panama,PAN,Americas,pregnant,2016,119.0
Saint Kitts and Nevis,KNA,Americas,pregnant,2018,122.0
Samoa,WSM,Western Pacific,pregnant,2002,114.0
Libya,LBY,Eastern Mediterranean,pregnant,2005,116.0
Belize,BLZ,Americas,pregnant,2019,120.0
Chile,CHL,Americas,pregnant,2015,121.0
Saudi Arabia,SAU,Eastern Mediterranean,pregnant,2006,116.0
Cyprus,CYP,Europe,pregnant,2013,120.0
Samoa,WSM,Western Pacific,pregnant,2009,114.0
Saint Kitts and Nevis,KNA,Americas,pregnant,2006,121.0
Solomon Islands,SLB,Western Pacific,pregnant,2015,109.0
Zambia,ZMB,Africa,pregnant,2008,113.0
Slovenia,SVN,Europe,pregnant,2000,119.0
Lebanon,LBN,Eastern Mediterranean,pregnant,2006,117.0
Indonesia,IDN,Western Pacific,pregnant,2012,113.0
Viet Nam,VNM,Western Pacific,pregnant,2002,114.0
Togo,TGO,Africa,pregnant,2010,107.0
Malta,MLT,Europe,pregnant,2002,119.0
Norway,NOR,Europe,pregnant,2011,120.0
Panama,PAN,Americas,pregnant,2008,118.0
Belgium,BEL,Europe,pregnant,2001,120.0
Ireland,IRL,Europe,pregnant,2010,120.0
Samoa,WSM,Western Pacific,pregnant,2012,114.0
Tuvalu,TUV,Western Pacific,pregnant,2000,116.0
Timor-Leste,TLS,South-East Asia,pregnant,2000,114.0
Bolivia (Plurinational State of),BOL,Americas,pregnant,2001,114.0
Azerbaijan,AZE,Europe,pregnant,2004,113.0
Tunisia,TUN,Eastern Mediterranean,pregnant,2000,115.0
Armenia,ARM,Europe,pregnant,2012,120.0
Cote d'Ivoire,CIV,Africa,pregnant,2014,107.0
Turkmenistan,TKM,Europe,pregnant,2006,117.0
Dominica,DMA,Americas,pregnant,2013,119.0
Brunei Darussalam,BRN,Western Pacific,pregnant,2011,118.0
Central African Republic,CAF,Africa,pregnant,2010,108.0
Rwanda,RWA,Africa,pregnant,2008,120.0
Palau,PLW,Western Pacific,pregnant,2010,115.0
Eswatini,SWZ,Africa,pregnant,2015,117.0
Syrian Arab Republic,SYR,Eastern Mediterranean,pregnant,2017,115.0
Ghana,GHA,Africa,pregnant,2018,110.0
Serbia,SRB,Europe,pregnant,2014,118.0
Antigua and Barbuda,ATG,Americas,pregnant,2014,121.0
Qatar,QAT,Eastern Mediterranean,pregnant,2003,117.0
Trinidad and Tobago,TTO,Americas,pregnant,2015,121.0
Niger,NER,Africa,pregnant,2015,107.0
Thailand,THA,South-East Asia,pregnant,2010,116.0
Dominica,DMA,Americas,pregnant,2002,117.0
Zambia,ZMB,Africa,pregnant,2004,112.0
Maldives,MDV,South-East Asia,pregnant,2014,110.0
Mauritania,MRT,Africa,pregnant,2012,109.0
Tonga,TON,Western Pacific,pregnant,2010,115.0
Republic of Moldova,MDA,Europe,pregnant,2007,116.0
Tunisia,TUN,Eastern Mediterranean,pregnant,2012,116.0
North Macedonia,MKD,Europe,pregnant,2011,118.0
Niger,NER,Africa,pregnant,2010,106.0
Bahrain,BHR,Eastern Mediterranean,pregnant,2000,114.0
Botswana,BWA,Africa,pregnant,2016,116.0
Czechia,CZE,Europe,pregnant,2011,119.0
Marshall Islands,MHL,Western Pacific,pregnant,2007,113.0
"occupied Palestinian territory, including east Jerusalem",PSE,Eastern Mediterranean,pregnant,2016,115.0
Seychelles,SYC,Africa,pregnant,2004,117.0
Uzbekistan,UZB,Europe,pregnant,2013,114.0
Saint Vincent and the Grenadines,VCT,Americas,pregnant,2018,121.0
Micronesia (Federated States of),FSM,Western Pacific,pregnant,2010,116.0
Estonia,EST,Europe,pregnant,2004,118.0
Iraq,IRQ,Eastern Mediterranean,pregnant,2011,115.0
Poland,POL,Europe,pregnant,2010,119.0
Cote d'Ivoire,CIV,Africa,pregnant,2009,106.0
Bhutan,BTN,South-East Asia,pregnant,2000,110.0
Cook Islands,COK,Western Pacific,pregnant,2006,116.0
Kyrgyzstan,KGZ,Europe,pregnant,2013,114.0
Kiribati,KIR,Western Pacific,pregnant,2004,112.0
Togo,TGO,Africa,pregnant,2005,107.0
Bahamas,BHS,Americas,pregnant,2017,123.0
Australia,AUS,Western Pacific,pregnant,2016,121.0
Maldives,MDV,South-East Asia,pregnant,2006,110.0
Sudan,SDN,Eastern Mediterranean,pregnant,2009,113.0
Croatia,HRV,Europe,pregnant,2002,118.0
Congo,COG,Africa,pregnant,2008,107.0
Bangladesh,BGD,South-East Asia,pregnant,2007,111.0
Haiti,HTI,Americas,pregnant,2009,109.0
Barbados,BRB,Americas,pregnant,2011,121.0
Cook Islands,COK,Western Pacific,pregnant,2002,116.0
Sao Tome and Principe,STP,Africa,pregnant,2015,109.0
Papua New Guinea,PNG,Western Pacific,pregnant,2004,111.0
Trinidad and Tobago,TTO,Americas,pregnant,2000,118.0
Turkmenistan,TKM,Europe,pregnant,2001,116.0
Malaysia,MYS,Western Pacific,pregnant,2012,115.0
Algeria,DZA,Africa,pregnant,2012,115.0
Panama,PAN,Americas,pregnant,2012,119.0
Netherlands (Kingdom of the),NLD,Europe,pregnant,2011,120.0
Saint Vincent and the Grenadines,VCT,Americas,pregnant,2002,119.0
Kenya,KEN,Africa,pregnant,2015,113.0
Nicaragua,NIC,Americas,pregnant,2018,119.0
Austria,AUT,Europe,pregnant,2003,120.0
Jamaica,JAM,Americas,pregnant,2004,119.0
Sao Tome and Principe,STP,Africa,pregnant,2005,107.0
Slovakia,SVK,Europe,pregnant,2012,118.0
United Arab Emirates,ARE,Eastern Mediterranean,pregnant,2016,119.0
Singapore,SGP,Western Pacific,pregnant,2007,120.0
Brazil,BRA,Americas,pregnant,2012,121.0
France,FRA,Europe,pregnant,2019,120.0
Zimbabwe,ZWE,Africa,pregnant,2011,116.0
Ghana,GHA,Africa,pregnant,2015,109.0
Cuba,CUB,Americas,pregnant,2012,119.0
Greece,GRC,Europe,pregnant,2010,119.0
Cote d'Ivoire,CIV,Africa,pregnant,2005,106.0
Fiji,FJI,Western Pacific,pregnant,2004,111.0
Canada,CAN,Americas,pregnant,2011,121.0
Papua New Guinea,PNG,Western Pacific,pregnant,2011,111.0
Namibia,NAM,Africa,pregnant,2019,117.0
Oman,OMN,Eastern Mediterranean,pregnant,2003,114.0
Switzerland,CHE,Europe,pregnant,2018,120.0
Tajikistan,TJK,Europe,pregnant,2003,113.0
Cook Islands,COK,Western Pacific,pregnant,2007,116.0
Malta,MLT,Europe,pregnant,2004,119.0
Belgium,BEL,Europe,pregnant,2010,121.0
Hungary,HUN,Europe,pregnant,2011,119.0
Algeria,DZA,Africa,pregnant,2015,115.0
New Zealand,NZL,Western Pacific,pregnant,2007,121.0
New Zealand,NZL,Western Pacific,pregnant,2006,121.0
Marshall Islands,MHL,Western Pacific,pregnant,2011,113.0
Armenia,ARM,Europe,pregnant,2008,120.0
Lao People's Democratic Republic,LAO,Western Pacific,pregnant,2016,110.0
Uruguay,URY,Americas,pregnant,2009,118.0
Brunei Darussalam,BRN,Western Pacific,pregnant,2003,117.0
Niger,NER,Africa,pregnant,2005,106.0
Sri Lanka,LKA,South-East Asia,pregnant,2018,114.0
Bangladesh,BGD,South-East Asia,pregnant,2017,112.0
Morocco,MAR,Eastern Mediterranean,pregnant,2001,115.0
Naoero,NRU,Western Pacific,pregnant,2015,115.0
Sri Lanka,LKA,South-East Asia,pregnant,2000,114.0
Guyana,GUY,Americas,pregnant,2015,115.0
Zambia,ZMB,Africa,pregnant,2013,114.0
Central African Republic,CAF,Africa,pregnant,2016,108.0
Democratic Republic of the Congo,COD,Africa,pregnant,2013,109.0
Ireland,IRL,Europe,pregnant,2001,120.0
Myanmar,MMR,South-East Asia,pregnant,2015,110.0
Costa Rica,CRI,Americas,pregnant,2015,121.0
Belize,BLZ,Americas,pregnant,2003,118.0
Naoero,NRU,Western Pacific,pregnant,2007,114.0
Belarus,BLR,Europe,pregnant,2011,119.0
Cyprus,CYP,Europe,pregnant,2000,119.0
Afghanistan,AFG,Eastern Mediterranean,pregnant,2012,114.0
Argentina,ARG,Americas,pregnant,2009,119.0
Sierra Leone,SLE,Africa,pregnant,2003,106.0
Slovenia,SVN,Europe,pregnant,2017,119.0
Suriname,SUR,Americas,pregnant,2002,117.0
Israel,ISR,Europe,pregnant,2003,120.0
Naoero,NRU,Western Pacific,pregnant,2012,114.0
Belgium,BEL,Europe,pregnant,2000,120.0
Mauritania,MRT,Africa,pregnant,2007,108.0
Cyprus,CYP,Europe,pregnant,2003,120.0
Fiji,FJI,Western Pacific,pregnant,2003,111.0
Haiti,HTI,Americas,pregnant,2017,109.0
Fiji,FJI,Western Pacific,pregnant,2015,112.0
Austria,AUT,Europe,pregnant,2015,120.0
Libya,LBY,Eastern Mediterranean,pregnant,2011,117.0
"occupied Palestinian territory, including east Jerusalem",PSE,Eastern Mediterranean,pregnant,2018,115.0
Sweden,SWE,Europe,pregnant,2013,120.0
Congo,COG,Africa,pregnant,2011,108.0
Russian Federation,RUS,Europe,pregnant,2017,119.0
Luxembourg,LUX,Europe,pregnant,2003,122.0
Belarus,BLR,Europe,pregnant,2006,118.0
Palau,PLW,Western Pacific,pregnant,2016,115.0
Vanuatu,VUT,Western Pacific,pregnant,2017,118.0
Mozambique,MOZ,Africa,pregnant,2009,109.0
Algeria,DZA,Africa,pregnant,2004,114.0
Hungary,HUN,Europe,pregnant,2019,119.0
Uganda,UGA,Africa,pregnant,2008,113.0
Tonga,TON,Western Pacific,pregnant,2017,115.0
Argentina,ARG,Americas,pregnant,2008,119.0
Sweden,SWE,Europe,pregnant,2001,119.0
Australia,AUS,Western Pacific,pregnant,2001,121.0
Seychelles,SYC,Africa,pregnant,2018,118.0
Norway,NOR,Europe,pregnant,2019,120.0
United Arab Emirates,ARE,Eastern Mediterranean,pregnant,2005,119.0
Mali,MLI,Africa,pregnant,2018,105.0
Botswana,BWA,Africa,pregnant,2014,117.0
Poland,POL,Europe,pregnant,2008,119.0
Cote d'Ivoire,CIV,Africa,pregnant,2011,107.0
San Marino,SMR,Europe,pregnant,2007,120.0
Tuvalu,TUV,Western Pacific,pregnant,2014,116.0
Jordan,JOR,Eastern Mediterranean,pregnant,2004,116.0
Portugal,PRT,Europe,pregnant,2018,119.0
China,CHN,Western Pacific,pregnant,2010,123.0
Japan,JPN,Western Pacific,pregnant,2012,117.0
Belgium,BEL,Europe,pregnant,2002,120.0
Croatia,HRV,Europe,pregnant,2004,119.0
Morocco,MAR,Eastern Mediterranean,pregnant,2003,115.0
Kuwait,KWT,Eastern Mediterranean,pregnant,2000,119.0
Oman,OMN,Eastern Mediterranean,pregnant,2010,116.0
Nigeria,NGA,Africa,pregnant,2006,105.0
Eritrea,ERI,Africa,pregnant,2005,112.0
Iceland,ISL,Europe,pregnant,2018,121.0
Albania,ALB,Europe,pregnant,2014,119.0
Panama,PAN,Americas,pregnant,2010,119.0
Tuvalu,TUV,Western Pacific,pregnant,2013,116.0
Brunei Darussalam,BRN,Western Pacific,pregnant,2014,118.0
Guinea,GIN,Africa,pregnant,2008,106.0
Slovakia,SVK,Europe,pregnant,2016,118.0
Morocco,MAR,Eastern Mediterranean,pregnant,2000,115.0
Trinidad and Tobago,TTO,Americas,pregnant,2014,121.0
Netherlands (Kingdom of the),NLD,Europe,pregnant,2010,120.0
Suriname,SUR,Americas,pregnant,2019,119.0
Ireland,IRL,Europe,pregnant,2004,120.0
Haiti,HTI,Americas,pregnant,2019,110.0
Saint Kitts and Nevis,KNA,Americas,pregnant,2019,122.0
Lebanon,LBN,Eastern Mediterranean,pregnant,2013,117.0
"occupied Palestinian territory, including east Jerusalem",PSE,Eastern Mediterranean,pregnant,2006,114.0
Equatorial Guinea,GNQ,Africa,pregnant,2013,109.0
Jamaica,JAM,Americas,pregnant,2017,119.0
Ecuador,ECU,Americas,pregnant,2016,119.0
Angola,AGO,Africa,pregnant,2002,108.0
Philippines,PHL,Western Pacific,pregnant,2017,116.0
Trinidad and Tobago,TTO,Americas,pregnant,2005,119.0
Tunisia,TUN,Eastern Mediterranean,pregnant,2003,115.0
Iraq,IRQ,Eastern Mediterranean,pregnant,2018,115.0
Ghana,GHA,Africa,pregnant,2005,107.0
Denmark,DNK,Europe,pregnant,2002,120.0
Saudi Arabia,SAU,Eastern Mediterranean,pregnant,2013,117.0
Antigua and Barbuda,ATG,Americas,pregnant,2001,120.0
Italy,ITA,Europe,pregnant,2008,120.0
Saint Vincent and the Grenadines,VCT,Americas,pregnant,2015,121.0
Jamaica,JAM,Americas,pregnant,2009,119.0
Mongolia,MNG,Western Pacific,pregnant,2008,117.0
Israel,ISR,Europe,pregnant,2018,120.0
New Zealand,NZL,Western Pacific,pregnant,2016,120.0
Bahamas,BHS,Americas,pregnant,2002,122.0
Israel,ISR,Europe,pregnant,2016,120.0
Botswana,BWA,Africa,pregnant,2001,115.0
Nepal,NPL,South-East Asia,pregnant,2013,112.0
Lithuania,LTU,Europe,pregnant,2004,119.0
Uzbekistan,UZB,Europe,pregnant,2001,112.0
Cook Islands,COK,Western Pacific,pregnant,2008,116.0
Chad,TCD,Africa,pregnant,2007,108.0
Tonga,TON,Western Pacific,pregnant,2003,115.0
Micronesia (Federated States of),FSM,Western Pacific,pregnant,2018,115.0
Brunei Darussalam,BRN,Western Pacific,pregnant,2012,118.0
Barbados,BRB,Americas,pregnant,2001,120.0
Panama,PAN,Americas,pregnant,2015,119.0
Chad,TCD,Africa,pregnant,2005,107.0
Bulgaria,BGR,Europe,pregnant,2017,118.0
Spain,ESP,Europe,pregnant,2010,120.0
Ukraine,UKR,Europe,pregnant,2015,120.0
Libya,LBY,Eastern Mediterranean,pregnant,2012,117.0
Gambia,GMB,Africa,pregnant,2003,104.0
Republic of Moldova,MDA,Europe,pregnant,2018,117.0
Naoero,NRU,Western Pacific,pregnant,2006,114.0
Bolivia (Plurinational State of),BOL,Americas,pregnant,2004,114.0
Namibia,NAM,Africa,pregnant,2001,117.0
Peru,PER,Americas,pregnant,2009,117.0
Mexico,MEX,Americas,pregnant,2012,120.0
Namibia,NAM,Africa,pregnant,2018,117.0
Thailand,THA,South-East Asia,pregnant,2017,116.0
Zimbabwe,ZWE,Africa,pregnant,2000,116.0
Republic of Moldova,MDA,Europe,pregnant,2008,116.0
Costa Rica,CRI,Americas,pregnant,2005,121.0
Japan,JPN,Western Pacific,pregnant,2000,116.0
Austria,AUT,Europe,pregnant,2013,120.0
Cook Islands,COK,Western Pacific,pregnant,2003,116.0
Ethiopia,ETH,Africa,pregnant,2008,117.0
Colombia,COL,Americas,pregnant,2009,118.0
Togo,TGO,Africa,pregnant,2006,107.0
Djibouti,DJI,Eastern Mediterranean,pregnant,2001,112.0
Maldives,MDV,South-East Asia,pregnant,2011,110.0
Gabon,GAB,Africa,pregnant,2017,108.0
Iceland,ISL,Europe,pregnant,2000,121.0
Kuwait,KWT,Eastern Mediterranean,pregnant,2016,119.0
Iran (Islamic Republic of),IRN,Eastern Mediterranean,pregnant,2012,118.0
Philippines,PHL,Western Pacific,pregnant,2001,111.0
Nigeria,NGA,Africa,pregnant,2014,106.0
China,CHN,Western Pacific,pregnant,2013,123.0
Trinidad and Tobago,TTO,Americas,pregnant,2018,121.0
Sri Lanka,LKA,South-East Asia,pregnant,2007,114.0
Lao People's Democratic Republic,LAO,Western Pacific,pregnant,2006,109.0
Bahamas,BHS,Americas,pregnant,2019,122.0
Albania,ALB,Europe,pregnant,2013,119.0
Belgium,BEL,Europe,pregnant,2016,120.0
Greece,GRC,Europe,pregnant,2001,119.0
Angola,AGO,Africa,pregnant,2001,108.0
Singapore,SGP,Western Pacific,pregnant,2011,120.0
South Africa,ZAF,Africa,pregnant,2019,118.0
Burundi,BDI,Africa,pregnant,2006,113.0
Ireland,IRL,Europe,pregnant,2012,120.0
Cote d'Ivoire,CIV,Africa,pregnant,2016,107.0
Pakistan,PAK,Eastern Mediterranean,pregnant,2000,109.0
Venezuela (Bolivarian Republic of),VEN,Americas,pregnant,2009,119.0
North Macedonia,MKD,Europe,pregnant,2000,118.0
Kazakhstan,KAZ,Europe,pregnant,2017,116.0
Cook Islands,COK,Western Pacific,pregnant,2004,116.0
France,FRA,Europe,pregnant,2006,121.0
Niue,NIU,Western Pacific,pregnant,2002,115.0
Bosnia and Herzegovina,BIH,Europe,pregnant,2009,117.0
San Marino,SMR,Europe,pregnant,2016,120.0
Uruguay,URY,Americas,pregnant,2001,118.0
Belgium,BEL,Europe,pregnant,2006,120.0
Costa Rica,CRI,Americas,pregnant,2011,122.0
Kyrgyzstan,KGZ,Europe,pregnant,2003,114.0
Brazil,BRA,Americas,pregnant,2017,121.0
Uganda,UGA,Africa,pregnant,2017,114.0
Mauritania,MRT,Africa,pregnant,2001,107.0
El Salvador,SLV,Americas,pregnant,2006,122.0
"occupied Palestinian territory, including east Jerusalem",PSE,Eastern Mediterranean,pregnant,2008,114.0
Saudi Arabia,SAU,Eastern Mediterranean,pregnant,2014,117.0
Latvia,LVA,Europe,pregnant,2011,119.0
New Zealand,NZL,Western Pacific,pregnant,2019,120.0
Bulgaria,BGR,Europe,pregnant,2012,118.0
Belgium,BEL,Europe,pregnant,2004,120.0
Switzerland,CHE,Europe,pregnant,2007,121.0
Montenegro,MNE,Europe,pregnant,2018,121.0
Haiti,HTI,Americas,pregnant,2006,108.0
Latvia,LVA,Europe,pregnant,2012,119.0
Jamaica,JAM,Americas,pregnant,2015,119.0
Pakistan,PAK,Eastern Mediterranean,pregnant,2011,110.0
Somalia,SOM,Eastern Mediterranean,pregnant,2003,109.0
Brunei Darussalam,BRN,Western Pacific,pregnant,2002,116.0
Montenegro,MNE,Europe,pregnant,2011,121.0
Paraguay,PRY,Americas,pregnant,2018,118.0
Libya,LBY,Eastern Mediterranean,pregnant,2018,116.0
Gabon,GAB,Africa,pregnant,2004,106.0
Azerbaijan,AZE,Europe,pregnant,2019,114.0
Paraguay,PRY,Americas,pregnant,2002,118.0
Greece,GRC,Europe,pregnant,2016,119.0
Naoero,NRU,Western Pacific,pregnant,2010,114.0
Mexico,MEX,Americas,pregnant,2007,120.0
Cote d'Ivoire,CIV,Africa,pregnant,2012,107.0
Ireland,IRL,Europe,pregnant,2002,120.0
Burundi,BDI,Africa,pregnant,2013,113.0
Tajikistan,TJK,Europe,pregnant,2015,114.0
Nepal,NPL,South-East Asia,pregnant,2019,112.0
Cameroon,CMR,Africa,pregnant,2003,109.0
Zimbabwe,ZWE,Africa,pregnant,2015,116.0
Antigua and Barbuda,ATG,Americas,pregnant,2016,121.0
Uruguay,URY,Americas,pregnant,2003,118.0
Romania,ROU,Europe,pregnant,2011,118.0
Mauritania,MRT,Africa,pregnant,2016,109.0
Kyrgyzstan,KGZ,Europe,pregnant,2015,114.0
Chile,CHL,Americas,pregnant,2012,121.0
Hungary,HUN,Europe,pregnant,2003,119.0
Saint Lucia,LCA,Americas,pregnant,2018,122.0
Mexico,MEX,Americas,pregnant,2013,120.0
Ireland,IRL,Europe,pregnant,2015,120.0
Congo,COG,Africa,pregnant,2013,108.0
Lebanon,LBN,Eastern Mediterranean,pregnant,2014,117.0
Venezuela (Bolivarian Republic of),VEN,Americas,pregnant,2010,119.0
Bolivia (Plurinational State of),BOL,Americas,pregnant,2018,116.0
Chile,CHL,Americas,pregnant,2018,121.0
Kyrgyzstan,KGZ,Europe,pregnant,2006,114.0
Morocco,MAR,Eastern Mediterranean,pregnant,2012,116.0
Samoa,WSM,Western Pacific,pregnant,2015,114.0
Comoros,COM,Africa,pregnant,2013,114.0
Tajikistan,TJK,Europe,pregnant,2004,113.0
Dominican Republic,DOM,Americas,pregnant,2008,116.0
Burundi,BDI,Africa,pregnant,2014,113.0
Paraguay,PRY,Americas,pregnant,2013,118.0
Oman,OMN,Eastern Mediterranean,pregnant,2014,116.0
Venezuela (Bolivarian Republic of),VEN,Americas,pregnant,2014,119.0
Sao Tome and Principe,STP,Africa,pregnant,2004,107.0
Central African Republic,CAF,Africa,pregnant,2004,107.0
Zimbabwe,ZWE,Africa,pregnant,2002,116.0
Rwanda,RWA,Africa,pregnant,2009,120.0
Brazil,BRA,Americas,pregnant,2004,119.0
Djibouti,DJI,Eastern Mediterranean,pregnant,2016,114.0
Tunisia,TUN,Eastern Mediterranean,pregnant,2001,115.0
United Arab Emirates,ARE,Eastern Mediterranean,pregnant,2006,119.0
Cuba,CUB,Americas,pregnant,2010,119.0
North Macedonia,MKD,Europe,pregnant,2006,118.0
Nepal,NPL,South-East Asia,pregnant,2010,111.0
El Salvador,SLV,Americas,pregnant,2009,122.0
Lithuania,LTU,Europe,pregnant,2013,120.0
Burkina Faso,BFA,Africa,pregnant,2007,106.0
Yemen,YEM,Eastern Mediterranean,pregnant,2000,104.0
Albania,ALB,Europe,pregnant,2011,119.0
Luxembourg,LUX,Europe,pregnant,2000,122.0
Türkiye,TUR,Europe,pregnant,2013,116.0
San Marino,SMR,Europe,pregnant,2001,120.0
Cuba,CUB,Americas,pregnant,2001,117.0
Cyprus,CYP,Europe,pregnant,2004,120.0
Lithuania,LTU,Europe,pregnant,2019,120.0
Singapore,SGP,Western Pacific,pregnant,2013,120.0
Saint Kitts and Nevis,KNA,Americas,pregnant,2015,122.0
Belarus,BLR,Europe,pregnant,2004,118.0
Venezuela (Bolivarian Republic of),VEN,Americas,pregnant,2007,118.0
India,IND,South-East Asia,pregnant,2019,109.0
Tunisia,TUN,Eastern Mediterranean,pregnant,2014,116.0
Afghanistan,AFG,Eastern Mediterranean,pregnant,2007,113.0
Romania,ROU,Europe,pregnant,2019,118.0
Armenia,ARM,Europe,pregnant,2015,121.0
Bosnia and Herzegovina,BIH,Europe,pregnant,2010,117.0
Sierra Leone,SLE,Africa,pregnant,2002,106.0
Kyrgyzstan,KGZ,Europe,pregnant,2010,114.0
Oman,OMN,Eastern Mediterranean,pregnant,2001,114.0
Angola,AGO,Africa,pregnant,2013,109.0
Haiti,HTI,Americas,pregnant,2013,109.0
Somalia,SOM,Eastern Mediterranean,pregnant,2010,109.0
Djibouti,DJI,Eastern Mediterranean,pregnant,2007,114.0
Argentina,ARG,Americas,pregnant,2013,120.0
Syrian Arab Republic,SYR,Eastern Mediterranean,pregnant,2006,115.0
Norway,NOR,Europe,pregnant,2018,120.0
Kenya,KEN,Africa,pregnant,2003,111.0
Finland,FIN,Europe,pregnant,2016,121.0
Argentina,ARG,Americas,pregnant,2002,118.0
Pakistan,PAK,Eastern Mediterranean,pregnant,2006,109.0
Kenya,KEN,Africa,pregnant,2007,112.0
Gambia,GMB,Africa,pregnant,2014,106.0
Lebanon,LBN,Eastern Mediterranean,pregnant,2007,117.0
Mauritius,MUS,Africa,pregnant,2019,118.0
Belize,BLZ,Americas,pregnant,2009,119.0
Bahrain,BHR,Eastern Mediterranean,pregnant,2005,114.0
Kazakhstan,KAZ,Europe,pregnant,2016,116.0
Botswana,BWA,Africa,pregnant,2006,116.0
Malaysia,MYS,Western Pacific,pregnant,2010,115.0
Jordan,JOR,Eastern Mediterranean,pregnant,2006,117.0
Afghanistan,AFG,Eastern Mediterranean,pregnant,2004,112.0
Belize,BLZ,Americas,pregnant,2017,120.0
Papua New Guinea,PNG,Western Pacific,pregnant,2005,111.0
Kyrgyzstan,KGZ,Europe,pregnant,2018,114.0
Senegal,SEN,Africa,pregnant,2001,104.0
Nepal,NPL,South-East Asia,pregnant,2006,110.0
Eswatini,SWZ,Africa,pregnant,2008,116.0
Uruguay,URY,Americas,pregnant,2019,118.0
Chile,CHL,Americas,pregnant,2005,120.0
Democratic Republic of the Congo,COD,Africa,pregnant,2010,108.0
Chad,TCD,Africa,pregnant,2019,111.0
Slovenia,SVN,Europe,pregnant,2012,119.0
Guatemala,GTM,Americas,pregnant,2014,123.0
Latvia,LVA,Europe,pregnant,2005,118.0
Malaysia,MYS,Western Pacific,pregnant,2015,115.0
Bulgaria,BGR,Europe,pregnant,2016,118.0
Kuwait,KWT,Eastern Mediterranean,pregnant,2003,119.0
Philippines,PHL,Western Pacific,pregnant,2018,117.0
Chad,TCD,Africa,pregnant,2017,110.0
Latvia,LVA,Europe,pregnant,2006,118.0
Paraguay,PRY,Americas,pregnant,2004,118.0
Malaysia,MYS,Western Pacific,pregnant,2003,114.0
France,FRA,Europe,pregnant,2011,121.0
Marshall Islands,MHL,Western Pacific,pregnant,2018,114.0
"occupied Palestinian territory, including east Jerusalem",PSE,Eastern Mediterranean,pregnant,2010,115.0
Turkmenistan,TKM,Europe,pregnant,2007,117.0
Saint Kitts and Nevis,KNA,Americas,pregnant,2005,121.0
Croatia,HRV,Europe,pregnant,2005,119.0
Iceland,ISL,Europe,pregnant,2007,121.0
Honduras,HND,Americas,pregnant,2002,119.0
Albania,ALB,Europe,pregnant,2000,116.0
Czechia,CZE,Europe,pregnant,2008,119.0
Kuwait,KWT,Eastern Mediterranean,pregnant,2018,119.0
Antigua and Barbuda,ATG,Americas,pregnant,2007,121.0
Bangladesh,BGD,South-East Asia,pregnant,2001,110.0
Nicaragua,NIC,Americas,pregnant,2019,119.0
Belgium,BEL,Europe,pregnant,2018,120.0
Equatorial Guinea,GNQ,Africa,pregnant,2000,106.0
Mexico,MEX,Americas,pregnant,2019,120.0
Iran (Islamic Republic of),IRN,Eastern Mediterranean,pregnant,2000,116.0
Kenya,KEN,Africa,pregnant,2000,111.0
Namibia,NAM,Africa,pregnant,2005,117.0
Singapore,SGP,Western Pacific,pregnant,2004,120.0
Naoero,NRU,Western Pacific,pregnant,2017,115.0
Belarus,BLR,Europe,pregnant,2012,119.0
Malawi,MWI,Africa,pregnant,2015,114.0
Myanmar,MMR,South-East Asia,pregnant,2013,110.0
Cyprus,CYP,Europe,pregnant,2009,120.0
Greece,GRC,Europe,pregnant,2012,119.0
Morocco,MAR,Eastern Mediterranean,pregnant,2004,115.0
Gambia,GMB,Africa,pregnant,2018,107.0
Nicaragua,NIC,Americas,pregnant,2009,119.0
Bangladesh,BGD,South-East Asia,pregnant,2018,112.0
Central African Republic,CAF,Africa,pregnant,2001,107.0
Vanuatu,VUT,Western Pacific,pregnant,2011,116.0
Sri Lanka,LKA,South-East Asia,pregnant,2005,114.0
Mauritius,MUS,Africa,pregnant,2017,118.0
Guyana,GUY,Americas,pregnant,2004,114.0
Niue,NIU,Western Pacific,pregnant,2011,116.0
Tuvalu,TUV,Western Pacific,pregnant,2008,116.0
Singapore,SGP,Western Pacific,pregnant,2015,120.0
Papua New Guinea,PNG,Western Pacific,pregnant,2018,112.0
Canada,CAN,Americas,pregnant,2004,121.0
India,IND,South-East Asia,pregnant,2005,108.0
Syrian Arab Republic,SYR,Eastern Mediterranean,pregnant,2012,115.0
Trinidad and Tobago,TTO,Americas,pregnant,2019,121.0
Ukraine,UKR,Europe,pregnant,2007,120.0
Malaysia,MYS,Western Pacific,pregnant,2008,115.0
Togo,TGO,Africa,pregnant,2013,107.0
Slovakia,SVK,Europe,pregnant,2007,118.0
Cabo Verde,CPV,Africa,pregnant,2001,111.0
Sweden,SWE,Europe,pregnant,2014,120.0
Paraguay,PRY,Americas,pregnant,2000,118.0
United Republic of Tanzania,TZA,Africa,pregnant,2014,109.0
Canada,CAN,Americas,pregnant,2001,121.0
Bosnia and Herzegovina,BIH,Europe,pregnant,2002,116.0
Denmark,DNK,Europe,pregnant,2019,120.0
Belarus,BLR,Europe,pregnant,2018,119.0
San Marino,SMR,Europe,pregnant,2015,120.0
Niger,NER,Africa,pregnant,2011,107.0
Democratic Republic of the Congo,COD,Africa,pregnant,2001,107.0
Oman,OMN,Eastern Mediterranean,pregnant,2017,116.0
United Republic of Tanzania,TZA,Africa,pregnant,2011,109.0
Colombia,COL,Americas,pregnant,2008,118.0
Romania,ROU,Europe,pregnant,2002,117.0
Hungary,HUN,Europe,pregnant,2007,119.0
Kuwait,KWT,Eastern Mediterranean,pregnant,2017,119.0
Portugal,PRT,Europe,pregnant,2000,119.0
Sao Tome and Principe,STP,Africa,pregnant,2018,109.0
Panama,PAN,Americas,pregnant,2014,119.0
Namibia,NAM,Africa,pregnant,2012,118.0
Equatorial Guinea,GNQ,Africa,pregnant,2015,109.0
Tajikistan,TJK,Europe,pregnant,2002,113.0
Philippines,PHL,Western Pacific,pregnant,2004,112.0
Trinidad and Tobago,TTO,Americas,pregnant,2013,121.0
Nigeria,NGA,Africa,pregnant,2008,106.0
Bangladesh,BGD,South-East Asia,pregnant,2011,111.0
Hungary,HUN,Europe,pregnant,2006,119.0
Sri Lanka,LKA,South-East Asia,pregnant,2002,114.0
Pakistan,PAK,Eastern Mediterranean,pregnant,2007,110.0
Brazil,BRA,Americas,pregnant,2010,120.0
New Zealand,NZL,Western Pacific,pregnant,2017,120.0
Brazil,BRA,Americas,pregnant,2013,121.0
Portugal,PRT,Europe,pregnant,2019,119.0
Sri Lanka,LKA,South-East Asia,pregnant,2009,115.0
North Macedonia,MKD,Europe,pregnant,2007,118.0
Botswana,BWA,Africa,pregnant,2004,116.0
Austria,AUT,Europe,pregnant,2001,120.0
Democratic People's Republic of Korea,PRK,South-East Asia,pregnant,2003,113.0
Luxembourg,LUX,Europe,pregnant,2010,122.0
North Macedonia,MKD,Europe,pregnant,2001,118.0
Niue,NIU,Western Pacific,pregnant,2004,116.0
Japan,JPN,Western Pacific,pregnant,2002,116.0
Eritrea,ERI,Africa,pregnant,2007,112.0
Belgium,BEL,Europe,pregnant,2008,121.0
Brunei Darussalam,BRN,Western Pacific,pregnant,2006,117.0
Egypt,EGY,Eastern Mediterranean,pregnant,2001,116.0
Malaysia,MYS,Western Pacific,pregnant,2002,114.0
Tonga,TON,Western Pacific,pregnant,2007,115.0
Israel,ISR,Europe,pregnant,2015,120.0
Barbados,BRB,Americas,pregnant,2013,121.0
New Zealand,NZL,Western Pacific,pregnant,2011,121.0
Madagascar,MDG,Africa,pregnant,2007,113.0
Vanuatu,VUT,Western Pacific,pregnant,2012,116.0
Yemen,YEM,Eastern Mediterranean,pregnant,2009,105.0
South Sudan,SSD,Africa,pregnant,2004,112.0
Algeria,DZA,Africa,pregnant,2003,114.0
Cook Islands,COK,Western Pacific,pregnant,2001,116.0
Cuba,CUB,Americas,pregnant,2018,120.0
Azerbaijan,AZE,Europe,pregnant,2007,114.0
Malaysia,MYS,Western Pacific,pregnant,2019,115.0
Afghanistan,AFG,Eastern Mediterranean,pregnant,2010,114.0
Naoero,NRU,Western Pacific,pregnant,2008,114.0
Cote d'Ivoire,CIV,Africa,pregnant,2007,106.0
Maldives,MDV,South-East Asia,pregnant,2010,110.0
Afghanistan,AFG,Eastern Mediterranean,pregnant,2019,115.0
Congo,COG,Africa,pregnant,2007,107.0
Sao Tome and Principe,STP,Africa,pregnant,2017,109.0
Portugal,PRT,Europe,pregnant,2001,119.0
Malaysia,MYS,Western Pacific,pregnant,2013,115.0
Seychelles,SYC,Africa,pregnant,2016,118.0
Kiribati,KIR,Western Pacific,pregnant,2010,112.0
Oman,OMN,Eastern Mediterranean,pregnant,2007,115.0
Cote d'Ivoire,CIV,Africa,pregnant,2013,107.0
Democratic People's Republic of Korea,PRK,South-East Asia,pregnant,2015,113.0
Russian Federation,RUS,Europe,pregnant,2016,119.0
Rwanda,RWA,Africa,pregnant,2014,120.0
Cambodia,KHM,Western Pacific,pregnant,2001,107.0
Israel,ISR,Europe,pregnant,2008,120.0
Pakistan,PAK,Eastern Mediterranean,pregnant,2013,110.0
Germany,DEU,Europe,pregnant,2012,121.0
Marshall Islands,MHL,Western Pacific,pregnant,2004,113.0
South Africa,ZAF,Africa,pregnant,2000,116.0
Portugal,PRT,Europe,pregnant,2003,119.0
Palau,PLW,Western Pacific,pregnant,2017,115.0
El Salvador,SLV,Americas,pregnant,2016,121.0
Eritrea,ERI,Africa,pregnant,2017,113.0
Republic of Moldova,MDA,Europe,pregnant,2015,117.0
United Arab Emirates,ARE,Eastern Mediterranean,pregnant,2003,119.0
Guyana,GUY,Americas,pregnant,2014,115.0
United Kingdom of Great Britain and Northern Ireland,GBR,Europe,pregnant,2007,121.0
Fiji,FJI,Western Pacific,pregnant,2000,111.0
Rwanda,RWA,Africa,pregnant,2015,120.0
Saint Lucia,LCA,Americas,pregnant,2000,121.0
Bulgaria,BGR,Europe,pregnant,2009,118.0
Burundi,BDI,Africa,pregnant,2012,113.0
Lebanon,LBN,Eastern Mediterranean,pregnant,2003,117.0
Gambia,GMB,Africa,pregnant,2007,104.0
Guatemala,GTM,Americas,pregnant,2001,119.0
Sao Tome and Principe,STP,Africa,pregnant,2014,109.0
Niue,NIU,Western Pacific,pregnant,2015,116.0
Estonia,EST,Europe,pregnant,2003,118.0
Cyprus,CYP,Europe,pregnant,2018,119.0
Tajikistan,TJK,Europe,pregnant,2014,114.0
Papua New Guinea,PNG,Western Pacific,pregnant,2001,111.0
Bahamas,BHS,Americas,pregnant,2005,123.0
United States of America,USA,Americas,pregnant,2012,123.0
Oman,OMN,Eastern Mediterranean,pregnant,2008,115.0
Liberia,LBR,Africa,pregnant,2013,109.0
Somalia,SOM,Eastern Mediterranean,pregnant,2005,109.0
Bosnia and Herzegovina,BIH,Europe,pregnant,2006,117.0
Bhutan,BTN,South-East Asia,pregnant,2004,111.0
Estonia,EST,Europe,pregnant,2008,119.0
Mauritius,MUS,Africa,pregnant,2012,118.0
South Africa,ZAF,Africa,pregnant,2002,117.0
Trinidad and Tobago,TTO,Americas,pregnant,2007,120.0
Ukraine,UKR,Europe,pregnant,2016,119.0
Naoero,NRU,Western Pacific,pregnant,2016,115.0
Tuvalu,TUV,Western Pacific,pregnant,2010,116.0
Denmark,DNK,Europe,pregnant,2015,120.0
Paraguay,PRY,Americas,pregnant,2015,118.0
China,CHN,Western Pacific,pregnant,2008,122.0
Ecuador,ECU,Americas,pregnant,2001,117.0
Croatia,HRV,Europe,pregnant,2009,119.0
Burkina Faso,BFA,Africa,pregnant,2003,105.0
Uzbekistan,UZB,Europe,pregnant,2016,114.0
Republic of Moldova,MDA,Europe,pregnant,2014,117.0
El Salvador,SLV,Americas,pregnant,2017,121.0
Guatemala,GTM,Americas,pregnant,2013,122.0
Canada,CAN,Americas,pregnant,2008,121.0
Solomon Islands,SLB,Western Pacific,pregnant,2007,109.0
Equatorial Guinea,GNQ,Africa,pregnant,2009,108.0
Uganda,UGA,Africa,pregnant,2010,114.0
Sri Lanka,LKA,South-East Asia,pregnant,2017,114.0
Afghanistan,AFG,Eastern Mediterranean,pregnant,2000,112.0
Turkmenistan,TKM,Europe,pregnant,2010,117.0
Portugal,PRT,Europe,pregnant,2007,119.0
Mali,MLI,Africa,pregnant,2016,105.0
Guatemala,GTM,Americas,pregnant,2015,123.0
Poland,POL,Europe,pregnant,2006,119.0
Kyrgyzstan,KGZ,Europe,pregnant,2008,114.0
Sweden,SWE,Europe,pregnant,2015,120.0
Guatemala,GTM,Americas,pregnant,2007,120.0
Ukraine,UKR,Europe,pregnant,2008,120.0
Finland,FIN,Europe,pregnant,2011,121.0
Venezuela (Bolivarian Republic of),VEN,Americas,pregnant,2017,118.0
China,CHN,Western Pacific,pregnant,2017,122.0
Saint Lucia,LCA,Americas,pregnant,2015,122.0
Guinea,GIN,Africa,pregnant,2003,105.0
Switzerland,CHE,Europe,pregnant,2012,121.0
Samoa,WSM,Western Pacific,pregnant,2005,114.0
Italy,ITA,Europe,pregnant,2006,120.0
Palau,PLW,Western Pacific,pregnant,2008,115.0
Gabon,GAB,Africa,pregnant,2003,106.0
South Africa,ZAF,Africa,pregnant,2008,118.0
Romania,ROU,Europe,pregnant,2012,118.0
Croatia,HRV,Europe,pregnant,2018,119.0
Somalia,SOM,Eastern Mediterranean,pregnant,2004,109.0
Czechia,CZE,Europe,pregnant,2010,119.0
Democratic Republic of the Congo,COD,Africa,pregnant,2014,109.0
Thailand,THA,South-East Asia,pregnant,2016,116.0
Portugal,PRT,Europe,pregnant,2014,119.0
Libya,LBY,Eastern Mediterranean,pregnant,2006,116.0
San Marino,SMR,Europe,pregnant,2013,120.0
Cambodia,KHM,Western Pacific,pregnant,2019,109.0
Switzerland,CHE,Europe,pregnant,2017,121.0
Italy,ITA,Europe,pregnant,2009,120.0
Iran (Islamic Republic of),IRN,Eastern Mediterranean,pregnant,2011,118.0
Guinea,GIN,Africa,pregnant,2013,107.0
Mozambique,MOZ,Africa,pregnant,2002,108.0
Estonia,EST,Europe,pregnant,2000,118.0
Sao Tome and Principe,STP,Africa,pregnant,2011,108.0
Mauritius,MUS,Africa,pregnant,2003,115.0
Andorra,AND,Europe,pregnant,2019,120.0
United Kingdom of Great Britain and Northern Ireland,GBR,Europe,pregnant,2013,121.0
Ecuador,ECU,Americas,pregnant,2005,118.0
Lithuania,LTU,Europe,pregnant,2003,118.0
Morocco,MAR,Eastern Mediterranean,pregnant,2015,116.0
Bulgaria,BGR,Europe,pregnant,2004,117.0
Thailand,THA,South-East Asia,pregnant,2012,116.0
Turkmenistan,TKM,Europe,pregnant,2018,117.0
Israel,ISR,Europe,pregnant,2009,120.0
Spain,ESP,Europe,pregnant,2008,120.0
Jordan,JOR,Eastern Mediterranean,pregnant,2011,117.0
Australia,AUS,Western Pacific,pregnant,2000,121.0
Saint Vincent and the Grenadines,VCT,Americas,pregnant,2017,121.0
Greece,GRC,Europe,pregnant,2003,119.0
United Kingdom of Great Britain and Northern Ireland,GBR,Europe,pregnant,2010,121.0
Liberia,LBR,Africa,pregnant,2009,108.0
Poland,POL,Europe,pregnant,2002,119.0
Portugal,PRT,Europe,pregnant,2016,119.0
Central African Republic,CAF,Africa,pregnant,2008,108.0
Saint Kitts and Nevis,KNA,Americas,pregnant,2009,121.0
Maldives,MDV,South-East Asia,pregnant,2000,109.0
Andorra,AND,Europe,pregnant,2011,120.0
Azerbaijan,AZE,Europe,pregnant,2014,114.0
Cambodia,KHM,Western Pacific,pregnant,2014,109.0
Monaco,MCO,Europe,pregnant,2019,120.0
United Arab Emirates,ARE,Eastern Mediterranean,pregnant,2009,119.0
Kazakhstan,KAZ,Europe,pregnant,2007,115.0
Cote d'Ivoire,CIV,Africa,pregnant,2008,106.0
Kiribati,KIR,Western Pacific,pregnant,2000,112.0
Papua New Guinea,PNG,Western Pacific,pregnant,2014,112.0
Peru,PER,Americas,pregnant,2010,117.0
Türkiye,TUR,Europe,pregnant,2006,115.0
Montenegro,MNE,Europe,pregnant,2007,121.0
Nepal,NPL,South-East Asia,pregnant,2003,110.0
Cook Islands,COK,Western Pacific,pregnant,2009,116.0
Bolivia (Plurinational State of),BOL,Americas,pregnant,2006,114.0
Russian Federation,RUS,Europe,pregnant,2012,119.0
Tonga,TON,Western Pacific,pregnant,2001,115.0
Democratic People's Republic of Korea,PRK,South-East Asia,pregnant,2001,113.0
Antigua and Barbuda,ATG,Americas,pregnant,2008,121.0
Romania,ROU,Europe,pregnant,2016,118.0
Solomon Islands,SLB,Western Pacific,pregnant,2011,109.0
Mali,MLI,Africa,pregnant,2005,104.0
Estonia,EST,Europe,pregnant,2016,119.0
Malta,MLT,Europe,pregnant,2017,119.0
Argentina,ARG,Americas,pregnant,2019,120.0
Croatia,HRV,Europe,pregnant,2008,119.0
Guinea,GIN,Africa,pregnant,2001,105.0
Spain,ESP,Europe,pregnant,2004,120.0
Namibia,NAM,Africa,pregnant,2007,117.0
Bhutan,BTN,South-East Asia,pregnant,2017,113.0
Haiti,HTI,Americas,pregnant,2011,109.0
Iceland,ISL,Europe,pregnant,2010,121.0
Saint Kitts and Nevis,KNA,Americas,pregnant,2004,121.0
Niger,NER,Africa,pregnant,2004,106.0
Democratic People's Republic of Korea,PRK,South-East Asia,pregnant,2011,114.0
Guinea-Bissau,GNB,Africa,pregnant,2016,108.0
Spain,ESP,Europe,pregnant,2011,120.0
Mongolia,MNG,Western Pacific,pregnant,2018,117.0
Lao People's Democratic Republic,LAO,Western Pacific,pregnant,2005,109.0
Armenia,ARM,Europe,pregnant,2009,120.0
Mexico,MEX,Americas,pregnant,2006,119.0
Paraguay,PRY,Americas,pregnant,2016,118.0
Vanuatu,VUT,Western Pacific,pregnant,2015,117.0
Iran (Islamic Republic of),IRN,Eastern Mediterranean,pregnant,2008,118.0
Iran (Islamic Republic of),IRN,Eastern Mediterranean,pregnant,2019,118.0
Bolivia (Plurinational State of),BOL,Americas,pregnant,2017,116.0
Ireland,IRL,Europe,pregnant,2016,120.0
Palau,PLW,Western Pacific,pregnant,2015,115.0
Montenegro,MNE,Europe,pregnant,2005,120.0
Iceland,ISL,Europe,pregnant,2019,121.0
Micronesia (Federated States of),FSM,Western Pacific,pregnant,2014,115.0
Sudan,SDN,Eastern Mediterranean,pregnant,2003,112.0
India,IND,South-East Asia,pregnant,2006,108.0
Honduras,HND,Americas,pregnant,2000,118.0
Gambia,GMB,Africa,pregnant,2005,104.0
Suriname,SUR,Americas,pregnant,2009,119.0
Ukraine,UKR,Europe,pregnant,2003,119.0
Croatia,HRV,Europe,pregnant,2019,119.0
Grenada,GRD,Americas,pregnant,2006,119.0
Spain,ESP,Europe,pregnant,2001,120.0
South Africa,ZAF,Africa,pregnant,2007,118.0
Uzbekistan,UZB,Europe,pregnant,2005,112.0
Afghanistan,AFG,Eastern Mediterranean,pregnant,2013,114.0
Kenya,KEN,Africa,pregnant,2002,111.0
Niger,NER,Africa,pregnant,2000,106.0
Cook Islands,COK,Western Pacific,pregnant,2019,116.0
Timor-Leste,TLS,South-East Asia,pregnant,2006,116.0
Nicaragua,NIC,Americas,pregnant,2010,120.0
Finland,FIN,Europe,pregnant,2005,121.0
Croatia,HRV,Europe,pregnant,2017,119.0
Senegal,SEN,Africa,pregnant,2000,104.0
Trinidad and Tobago,TTO,Americas,pregnant,2003,119.0
Malaysia,MYS,Western Pacific,pregnant,2004,114.0
Seychelles,SYC,Africa,pregnant,2002,117.0
Uzbekistan,UZB,Europe,pregnant,2003,112.0
Burkina Faso,BFA,Africa,pregnant,2005,105.0
Honduras,HND,Americas,pregnant,2015,120.0
South Sudan,SSD,Africa,pregnant,2012,113.0
Hungary,HUN,Europe,pregnant,2012,119.0
Maldives,MDV,South-East Asia,pregnant,2019,110.0
Nepal,NPL,South-East Asia,pregnant,2015,112.0
Papua New Guinea,PNG,Western Pacific,pregnant,2008,111.0
Uzbekistan,UZB,Europe,pregnant,2000,112.0
Chile,CHL,Americas,pregnant,2016,121.0
Saint Vincent and the Grenadines,VCT,Americas,pregnant,2001,118.0
Afghanistan,AFG,Eastern Mediterranean,pregnant,2011,114.0
Fiji,FJI,Western Pacific,pregnant,2013,112.0
Algeria,DZA,Africa,pregnant,2011,115.0
France,FRA,Europe,pregnant,2016,120.0
Sao Tome and Principe,STP,Africa,pregnant,2006,108.0
Mali,MLI,Africa,pregnant,2015,105.0
Democratic Republic of the Congo,COD,Africa,pregnant,2012,109.0
Canada,CAN,Americas,pregnant,2016,120.0
Latvia,LVA,Europe,pregnant,2003,118.0
Brunei Darussalam,BRN,Western Pacific,pregnant,2005,117.0
Nigeria,NGA,Africa,pregnant,2018,107.0
Guyana,GUY,Americas,pregnant,2017,115.0
Turkmenistan,TKM,Europe,pregnant,2017,117.0
Costa Rica,CRI,Americas,pregnant,2010,122.0
South Sudan,SSD,Africa,pregnant,2009,113.0
Venezuela (Bolivarian Republic of),VEN,Americas,pregnant,2003,117.0
Dominican Republic,DOM,Americas,pregnant,2011,117.0
Türkiye,TUR,Europe,pregnant,2000,115.0
Malta,MLT,Europe,pregnant,2013,119.0
Mali,MLI,Africa,pregnant,2006,104.0
Mauritius,MUS,Africa,pregnant,2005,116.0
Poland,POL,Europe,pregnant,2009,119.0
Syrian Arab Republic,SYR,Eastern Mediterranean,pregnant,2014,115.0
Eswatini,SWZ,Africa,pregnant,2014,117.0
Cyprus,CYP,Europe,pregnant,2011,120.0
Bangladesh,BGD,South-East Asia,pregnant,2015,112.0
Nigeria,NGA,Africa,pregnant,2003,105.0
Bahrain,BHR,Eastern Mediterranean,pregnant,2012,115.0
Papua New Guinea,PNG,Western Pacific,pregnant,2003,111.0
Uruguay,URY,Americas,pregnant,2002,118.0
Austria,AUT,Europe,pregnant,2018,120.0
Colombia,COL,Americas,pregnant,2016,120.0
Cameroon,CMR,Africa,pregnant,2000,108.0
Morocco,MAR,Eastern Mediterranean,pregnant,2007,115.0
Croatia,HRV,Europe,pregnant,2016,119.0
Fiji,FJI,Western Pacific,pregnant,2002,111.0
Turkmenistan,TKM,Europe,pregnant,2015,117.0
Costa Rica,CRI,Americas,pregnant,2006,121.0
Papua New Guinea,PNG,Western Pacific,pregnant,2013,112.0
Papua New Guinea,PNG,Western Pacific,pregnant,2015,112.0
United States of America,USA,Americas,pregnant,2017,122.0
Tunisia,TUN,Eastern Mediterranean,pregnant,2017,116.0
Russian Federation,RUS,Europe,pregnant,2013,119.0
Yemen,YEM,Eastern Mediterranean,pregnant,2001,104.0
Papua New Guinea,PNG,Western Pacific,pregnant,2007,111.0
Paraguay,PRY,Americas,pregnant,2011,118.0
Mauritania,MRT,Africa,pregnant,2014,109.0
Burundi,BDI,Africa,pregnant,2019,111.0
Estonia,EST,Europe,pregnant,2009,119.0
Antigua and Barbuda,ATG,Americas,pregnant,2009,121.0
Honduras,HND,Americas,pregnant,2009,120.0
Libya,LBY,Eastern Mediterranean,pregnant,2013,117.0
Barbados,BRB,Americas,pregnant,2007,121.0
Jordan,JOR,Eastern Mediterranean,pregnant,2000,116.0
Guinea,GIN,Africa,pregnant,2000,105.0
Indonesia,IDN,Western Pacific,pregnant,2005,112.0
Poland,POL,Europe,pregnant,2018,120.0
Malta,MLT,Europe,pregnant,2014,119.0
Italy,ITA,Europe,pregnant,2010,120.0
Japan,JPN,Western Pacific,pregnant,2014,117.0
Gabon,GAB,Africa,pregnant,2007,106.0
Kazakhstan,KAZ,Europe,pregnant,2013,116.0
Thailand,THA,South-East Asia,pregnant,2002,116.0
Norway,NOR,Europe,pregnant,2003,120.0
Georgia,GEO,Europe,pregnant,2003,117.0
Kiribati,KIR,Western Pacific,pregnant,2015,112.0
Montenegro,MNE,Europe,pregnant,2012,121.0
Cyprus,CYP,Europe,pregnant,2017,119.0
Suriname,SUR,Americas,pregnant,2005,118.0
Benin,BEN,Africa,pregnant,2005,104.0
Papua New Guinea,PNG,Western Pacific,pregnant,2012,112.0
El Salvador,SLV,Americas,pregnant,2000,122.0
Honduras,HND,Americas,pregnant,2003,119.0
Comoros,COM,Africa,pregnant,2008,113.0
Dominican Republic,DOM,Americas,pregnant,2001,114.0
Myanmar,MMR,South-East Asia,pregnant,2007,110.0
Malaysia,MYS,Western Pacific,pregnant,2006,114.0
Czechia,CZE,Europe,pregnant,2006,119.0
Republic of Korea,KOR,Western Pacific,pregnant,2003,118.0
Ireland,IRL,Europe,pregnant,2009,120.0
Indonesia,IDN,Western Pacific,pregnant,2010,113.0
Ghana,GHA,Africa,pregnant,2008,107.0
Madagascar,MDG,Africa,pregnant,2005,113.0
Zambia,ZMB,Africa,pregnant,2018,114.0
Brazil,BRA,Americas,pregnant,2000,119.0
Finland,FIN,Europe,pregnant,2014,121.0
Zimbabwe,ZWE,Africa,pregnant,2009,116.0
Saint Kitts and Nevis,KNA,Americas,pregnant,2017,122.0
Jordan,JOR,Eastern Mediterranean,pregnant,2012,117.0
Saint Lucia,LCA,Americas,pregnant,2017,122.0
Guyana,GUY,Americas,pregnant,2019,116.0
Australia,AUS,Western Pacific,pregnant,2011,121.0
Sao Tome and Principe,STP,Africa,pregnant,2003,107.0
Dominican Republic,DOM,Americas,pregnant,2015,117.0
Malta,MLT,Europe,pregnant,2015,119.0
Mali,MLI,Africa,pregnant,2011,105.0
Rwanda,RWA,Africa,pregnant,2013,120.0
San Marino,SMR,Europe,pregnant,2019,120.0
Somalia,SOM,Eastern Mediterranean,pregnant,2006,109.0
Bahrain,BHR,Eastern Mediterranean,pregnant,2008,115.0
Lao People's Democratic Republic,LAO,Western Pacific,pregnant,2013,110.0
Ukraine,UKR,Europe,pregnant,2005,119.0
Marshall Islands,MHL,Western Pacific,pregnant,2012,113.0
Madagascar,MDG,Africa,pregnant,2016,114.0
Belarus,BLR,Europe,pregnant,2015,119.0
Hungary,HUN,Europe,pregnant,2018,119.0
Belize,BLZ,Americas,pregnant,2014,120.0
Nigeria,NGA,Africa,pregnant,2011,106.0
Guinea-Bissau,GNB,Africa,pregnant,2018,108.0
Chile,CHL,Americas,pregnant,2019,121.0
Spain,ESP,Europe,pregnant,2006,120.0
Uzbekistan,UZB,Europe,pregnant,2009,113.0
Armenia,ARM,Europe,pregnant,2006,119.0
Vanuatu,VUT,Western Pacific,pregnant,2002,113.0
Equatorial Guinea,GNQ,Africa,pregnant,2010,108.0
Sierra Leone,SLE,Africa,pregnant,2006,107.0
Malaysia,MYS,Western Pacific,pregnant,2018,115.0
Malaysia,MYS,Western Pacific,pregnant,2016,115.0
Nicaragua,NIC,Americas,pregnant,2001,118.0
Timor-Leste,TLS,South-East Asia,pregnant,2019,114.0
Lesotho,LSO,Africa,pregnant,2002,115.0
Suriname,SUR,Americas,pregnant,2011,119.0
Qatar,QAT,Eastern Mediterranean,pregnant,2014,117.0
Cuba,CUB,Americas,pregnant,2011,119.0
Belarus,BLR,Europe,pregnant,2008,119.0
Sierra Leone,SLE,Africa,pregnant,2001,106.0
Qatar,QAT,Eastern Mediterranean,pregnant,2011,117.0
Kyrgyzstan,KGZ,Europe,pregnant,2000,113.0
India,IND,South-East Asia,pregnant,2009,108.0
Indonesia,IDN,Western Pacific,pregnant,2006,112.0
Cabo Verde,CPV,Africa,pregnant,2002,111.0
Panama,PAN,Americas,pregnant,2011,119.0
Brunei Darussalam,BRN,Western Pacific,pregnant,2001,116.0
Maldives,MDV,South-East Asia,pregnant,2017,110.0
Latvia,LVA,Europe,pregnant,2016,119.0
Democratic Republic of the Congo,COD,Africa,pregnant,2005,107.0
Jamaica,JAM,Americas,pregnant,2012,119.0
Myanmar,MMR,South-East Asia,pregnant,2016,110.0
Thailand,THA,South-East Asia,pregnant,2006,116.0
Maldives,MDV,South-East Asia,pregnant,2016,110.0
Fiji,FJI,Western Pacific,pregnant,2011,112.0
Saint Kitts and Nevis,KNA,Americas,pregnant,2016,122.0
"occupied Palestinian territory, including east Jerusalem",PSE,Eastern Mediterranean,pregnant,2000,114.0
Colombia,COL,Americas,pregnant,2018,120.0
Chad,TCD,Africa,pregnant,2002,107.0
Venezuela (Bolivarian Republic of),VEN,Americas,pregnant,2016,118.0
Gambia,GMB,Africa,pregnant,2016,106.0
Colombia,COL,Americas,pregnant,2004,116.0
Japan,JPN,Western Pacific,pregnant,2006,116.0
Grenada,GRD,Americas,pregnant,2015,120.0
Monaco,MCO,Europe,pregnant,2006,120.0
Madagascar,MDG,Africa,pregnant,2003,112.0
Iran (Islamic Republic of),IRN,Eastern Mediterranean,pregnant,2003,117.0
Tunisia,TUN,Eastern Mediterranean,pregnant,2004,115.0
Austria,AUT,Europe,pregnant,2011,120.0
Belarus,BLR,Europe,pregnant,2013,119.0
Algeria,DZA,Africa,pregnant,2000,114.0
Guinea,GIN,Africa,pregnant,2018,108.0
Luxembourg,LUX,Europe,pregnant,2017,121.0
Lebanon,LBN,Eastern Mediterranean,pregnant,2018,117.0
Belarus,BLR,Europe,pregnant,2010,119.0
France,FRA,Europe,pregnant,2010,121.0
San Marino,SMR,Europe,pregnant,2006,120.0
Andorra,AND,Europe,pregnant,2004,120.0
Eritrea,ERI,Africa,pregnant,2006,112.0
Romania,ROU,Europe,pregnant,2005,118.0
Georgia,GEO,Europe,pregnant,2004,117.0
Bangladesh,BGD,South-East Asia,pregnant,2005,111.0
Guyana,GUY,Americas,pregnant,2016,115.0
Bosnia and Herzegovina,BIH,Europe,pregnant,2014,117.0
Botswana,BWA,Africa,pregnant,2009,116.0
Republic of Korea,KOR,Western Pacific,pregnant,2008,119.0
Mauritius,MUS,Africa,pregnant,2006,116.0
India,IND,South-East Asia,pregnant,2012,108.0
Central African Republic,CAF,Africa,pregnant,2009,108.0
United States of America,USA,Americas,pregnant,2010,123.0
Bosnia and Herzegovina,BIH,Europe,pregnant,2016,117.0
El Salvador,SLV,Americas,pregnant,2008,122.0
Mexico,MEX,Americas,pregnant,2014,120.0
Cote d'Ivoire,CIV,Africa,pregnant,2017,107.0
Mexico,MEX,Americas,pregnant,2015,121.0
Saint Lucia,LCA,Americas,pregnant,2002,121.0
Montenegro,MNE,Europe,pregnant,2001,120.0
Tuvalu,TUV,Western Pacific,pregnant,2009,116.0
Democratic People's Republic of Korea,PRK,South-East Asia,pregnant,2008,114.0
Bosnia and Herzegovina,BIH,Europe,pregnant,2005,117.0
Iceland,ISL,Europe,pregnant,2004,121.0
Nepal,NPL,South-East Asia,pregnant,2016,112.0
Türkiye,TUR,Europe,pregnant,2005,115.0
North Macedonia,MKD,Europe,pregnant,2009,118.0
Argentina,ARG,Americas,pregnant,2010,120.0
Myanmar,MMR,South-East Asia,pregnant,2010,110.0
Niger,NER,Africa,pregnant,2003,106.0
Austria,AUT,Europe,pregnant,2019,120.0
Tunisia,TUN,Eastern Mediterranean,pregnant,2009,116.0
Bahrain,BHR,Eastern Mediterranean,pregnant,2001,114.0
Israel,ISR,Europe,pregnant,2000,119.0
Viet Nam,VNM,Western Pacific,pregnant,2018,117.0
Vanuatu,VUT,Western Pacific,pregnant,2003,113.0
India,IND,South-East Asia,pregnant,2003,107.0
Belize,BLZ,Americas,pregnant,2012,120.0
Lao People's Democratic Republic,LAO,Western Pacific,pregnant,2007,109.0
Zimbabwe,ZWE,Africa,pregnant,2003,116.0
Sierra Leone,SLE,Africa,pregnant,2016,107.0
Philippines,PHL,Western Pacific,pregnant,2015,115.0
Guinea,GIN,Africa,pregnant,2009,106.0
Somalia,SOM,Eastern Mediterranean,pregnant,2007,109.0
Togo,TGO,Africa,pregnant,2015,107.0
Bolivia (Plurinational State of),BOL,Americas,pregnant,2012,115.0
Namibia,NAM,Africa,pregnant,2009,118.0
Guatemala,GTM,Americas,pregnant,2010,121.0
Togo,TGO,Africa,pregnant,2014,107.0
Afghanistan,AFG,Eastern Mediterranean,pregnant,2008,113.0
Dominican Republic,DOM,Americas,pregnant,2000,114.0
Viet Nam,VNM,Western Pacific,pregnant,2001,113.0
Kazakhstan,KAZ,Europe,pregnant,2012,116.0
Mauritius,MUS,Africa,pregnant,2004,116.0
Namibia,NAM,Africa,pregnant,2000,117.0
Belgium,BEL,Europe,pregnant,2015,120.0
United Kingdom of Great Britain and Northern Ireland,GBR,Europe,pregnant,2003,121.0
Brunei Darussalam,BRN,Western Pacific,pregnant,2019,118.0
Peru,PER,Americas,pregnant,2014,117.0
Comoros,COM,Africa,pregnant,2003,112.0
Tuvalu,TUV,Western Pacific,pregnant,2003,116.0
Fiji,FJI,Western Pacific,pregnant,2006,111.0
Sweden,SWE,Europe,pregnant,2000,119.0
Afghanistan,AFG,Eastern Mediterranean,pregnant,2014,114.0
Saint Lucia,LCA,Americas,pregnant,2011,122.0
Uruguay,URY,Americas,pregnant,2007,118.0
Romania,ROU,Europe,pregnant,2006,118.0
Bolivia (Plurinational State of),BOL,Americas,pregnant,2016,115.0
Tonga,TON,Western Pacific,pregnant,2006,115.0
Ghana,GHA,Africa,pregnant,2003,107.0
Lesotho,LSO,Africa,pregnant,2007,116.0
Georgia,GEO,Europe,pregnant,2002,116.0
Brunei Darussalam,BRN,Western Pacific,pregnant,2018,118.0
Gambia,GMB,Africa,pregnant,2013,105.0
Luxembourg,LUX,Europe,pregnant,2014,121.0
Sao Tome and Principe,STP,Africa,pregnant,2008,108.0
Zimbabwe,ZWE,Africa,pregnant,2012,116.0
Chad,TCD,Africa,pregnant,2014,109.0
Georgia,GEO,Europe,pregnant,2007,117.0
Ghana,GHA,Africa,pregnant,2006,107.0
Afghanistan,AFG,Eastern Mediterranean,pregnant,2006,113.0
Cabo Verde,CPV,Africa,pregnant,2018,116.0
Tuvalu,TUV,Western Pacific,pregnant,2007,116.0
Bangladesh,BGD,South-East Asia,pregnant,2016,112.0
Equatorial Guinea,GNQ,Africa,pregnant,2014,109.0
Liberia,LBR,Africa,pregnant,2000,107.0
Morocco,MAR,Eastern Mediterranean,pregnant,2006,115.0
Mongolia,MNG,Western Pacific,pregnant,2004,117.0
Palau,PLW,Western Pacific,pregnant,2000,115.0
Sri Lanka,LKA,South-East Asia,pregnant,2012,115.0
Belarus,BLR,Europe,pregnant,2016,119.0
Syrian Arab Republic,SYR,Eastern Mediterranean,pregnant,2013,115.0
Eswatini,SWZ,Africa,pregnant,2012,116.0
Canada,CAN,Americas,pregnant,2000,121.0
Brazil,BRA,Americas,pregnant,2005,119.0
Liberia,LBR,Africa,pregnant,2015,109.0
Republic of Moldova,MDA,Europe,pregnant,2019,117.0
Georgia,GEO,Europe,pregnant,2001,116.0
Haiti,HTI,Americas,pregnant,2010,109.0
Niue,NIU,Western Pacific,pregnant,2018,116.0
Bahrain,BHR,Eastern Mediterranean,pregnant,2013,115.0
Benin,BEN,Africa,pregnant,2013,105.0
Micronesia (Federated States of),FSM,Western Pacific,pregnant,2001,115.0
Slovenia,SVN,Europe,pregnant,2018,119.0
Egypt,EGY,Eastern Mediterranean,pregnant,2017,117.0
Armenia,ARM,Europe,pregnant,2001,119.0
Czechia,CZE,Europe,pregnant,2002,119.0
Jamaica,JAM,Americas,pregnant,2010,119.0
Zimbabwe,ZWE,Africa,pregnant,2018,116.0
Türkiye,TUR,Europe,pregnant,2012,116.0
Vanuatu,VUT,Western Pacific,pregnant,2016,117.0
Finland,FIN,Europe,pregnant,2017,120.0
Bolivia (Plurinational State of),BOL,Americas,pregnant,2008,114.0
Italy,ITA,Europe,pregnant,2004,120.0
France,FRA,Europe,pregnant,2007,121.0
Zambia,ZMB,Africa,pregnant,2014,114.0
Mongolia,MNG,Western Pacific,pregnant,2009,117.0
Burkina Faso,BFA,Africa,pregnant,2019,107.0
Iceland,ISL,Europe,pregnant,2013,121.0
Montenegro,MNE,Europe,pregnant,2014,121.0
Colombia,COL,Americas,pregnant,2019,120.0
Gambia,GMB,Africa,pregnant,2009,105.0
Denmark,DNK,Europe,pregnant,2016,120.0
Brazil,BRA,Americas,pregnant,2011,121.0
Mozambique,MOZ,Africa,pregnant,2008,109.0
Lebanon,LBN,Eastern Mediterranean,pregnant,2009,117.0
Timor-Leste,TLS,South-East Asia,pregnant,2016,115.0
Kuwait,KWT,Eastern Mediterranean,pregnant,2014,119.0
Thailand,THA,South-East Asia,pregnant,2005,116.0
Sri Lanka,LKA,South-East Asia,pregnant,2014,115.0
Dominica,DMA,Americas,pregnant,2000,116.0
Micronesia (Federated States of),FSM,Western Pacific,pregnant,2003,115.0
Marshall Islands,MHL,Western Pacific,pregnant,2000,113.0
North Macedonia,MKD,Europe,pregnant,2008,118.0
Guinea,GIN,Africa,pregnant,2014,107.0
Benin,BEN,Africa,pregnant,2010,105.0
Saint Lucia,LCA,Americas,pregnant,2007,121.0
Iran (Islamic Republic of),IRN,Eastern Mediterranean,pregnant,2018,118.0
Togo,TGO,Africa,pregnant,2004,106.0
Cabo Verde,CPV,Africa,pregnant,2004,112.0
Central African Republic,CAF,Africa,pregnant,2003,107.0
Ghana,GHA,Africa,pregnant,2004,107.0
Jordan,JOR,Eastern Mediterranean,pregnant,2015,116.0
Bahamas,BHS,Americas,pregnant,2009,123.0
Niger,NER,Africa,pregnant,2001,106.0
Slovenia,SVN,Europe,pregnant,2014,119.0
Turkmenistan,TKM,Europe,pregnant,2000,115.0
Dominica,DMA,Americas,pregnant,2017,119.0
Myanmar,MMR,South-East Asia,pregnant,2012,110.0
Israel,ISR,Europe,pregnant,2002,120.0
Comoros,COM,Africa,pregnant,2010,114.0
Republic of Moldova,MDA,Europe,pregnant,2009,117.0
Jordan,JOR,Eastern Mediterranean,pregnant,2005,117.0
Nepal,NPL,South-East Asia,pregnant,2018,112.0
Central African Republic,CAF,Africa,pregnant,2015,108.0
Jamaica,JAM,Americas,pregnant,2013,119.0
Cameroon,CMR,Africa,pregnant,2005,109.0
Gabon,GAB,Africa,pregnant,2001,106.0
Bangladesh,BGD,South-East Asia,pregnant,2012,111.0
Serbia,SRB,Europe,pregnant,2016,118.0
Burkina Faso,BFA,Africa,pregnant,2004,105.0
Togo,TGO,Africa,pregnant,2001,107.0
Mali,MLI,Africa,pregnant,2000,103.0
New Zealand,NZL,Western Pacific,pregnant,2014,121.0
Qatar,QAT,Eastern Mediterranean,pregnant,2000,116.0
Peru,PER,Americas,pregnant,2003,116.0
United Kingdom of Great Britain and Northern Ireland,GBR,Europe,pregnant,2019,120.0
Ukraine,UKR,Europe,pregnant,2011,120.0
Switzerland,CHE,Europe,pregnant,2014,121.0
Sao Tome and Principe,STP,Africa,pregnant,2009,108.0
South Sudan,SSD,Africa,pregnant,2011,113.0
Eswatini,SWZ,Africa,pregnant,2013,116.0
Guinea,GIN,Africa,pregnant,2006,106.0
"occupied Palestinian territory, including east Jerusalem",PSE,Eastern Mediterranean,pregnant,2019,115.0
Grenada,GRD,Americas,pregnant,2008,119.0
Guinea-Bissau,GNB,Africa,pregnant,2001,106.0
Slovakia,SVK,Europe,pregnant,2000,118.0
North Macedonia,MKD,Europe,pregnant,2013,118.0
Bahamas,BHS,Americas,pregnant,2000,122.0
Syrian Arab Republic,SYR,Eastern Mediterranean,pregnant,2011,115.0
Barbados,BRB,Americas,pregnant,2009,121.0
United Kingdom of Great Britain and Northern Ireland,GBR,Europe,pregnant,2009,121.0
Tajikistan,TJK,Europe,pregnant,2010,114.0
Burkina Faso,BFA,Africa,pregnant,2016,107.0
Georgia,GEO,Europe,pregnant,2010,117.0
Zimbabwe,ZWE,Africa,pregnant,2019,116.0
Albania,ALB,Europe,pregnant,2009,119.0
Cameroon,CMR,Africa,pregnant,2014,111.0
Democratic Republic of the Congo,COD,Africa,pregnant,2004,107.0
Jamaica,JAM,Americas,pregnant,2006,119.0
Comoros,COM,Africa,pregnant,2018,114.0
Senegal,SEN,Africa,pregnant,2004,105.0
Georgia,GEO,Europe,pregnant,2014,117.0
United States of America,USA,Americas,pregnant,2004,124.0
Samoa,WSM,Western Pacific,pregnant,2011,114.0
Liberia,LBR,Africa,pregnant,2003,107.0
Madagascar,MDG,Africa,pregnant,2013,114.0
Cabo Verde,CPV,Africa,pregnant,2013,114.0
Naoero,NRU,Western Pacific,pregnant,2001,114.0
Armenia,ARM,Europe,pregnant,2010,120.0
Mexico,MEX,Americas,pregnant,2002,119.0
United Arab Emirates,ARE,Eastern Mediterranean,pregnant,2004,119.0
Nepal,NPL,South-East Asia,pregnant,2004,110.0
Angola,AGO,Africa,pregnant,2010,109.0
Turkmenistan,TKM,Europe,pregnant,2014,117.0
Lithuania,LTU,Europe,pregnant,2009,120.0
Solomon Islands,SLB,Western Pacific,pregnant,2017,110.0
Zambia,ZMB,Africa,pregnant,2010,114.0
Türkiye,TUR,Europe,pregnant,2017,116.0
Ukraine,UKR,Europe,pregnant,2018,119.0
Sri Lanka,LKA,South-East Asia,pregnant,2010,115.0
Qatar,QAT,Eastern Mediterranean,pregnant,2012,117.0
Guyana,GUY,Americas,pregnant,2006,114.0
Spain,ESP,Europe,pregnant,2012,119.0
Cabo Verde,CPV,Africa,pregnant,2017,115.0
Seychelles,SYC,Africa,pregnant,2010,118.0
Guinea-Bissau,GNB,Africa,pregnant,2009,107.0
Netherlands (Kingdom of the),NLD,Europe,pregnant,2013,120.0
Indonesia,IDN,Western Pacific,pregnant,2013,112.0
Oman,OMN,Eastern Mediterranean,pregnant,2016,116.0
Costa Rica,CRI,Americas,pregnant,2002,121.0
Timor-Leste,TLS,South-East Asia,pregnant,2004,115.0
Burkina Faso,BFA,Africa,pregnant,2011,106.0
Hungary,HUN,Europe,pregnant,2002,119.0
Brunei Darussalam,BRN,Western Pacific,pregnant,2009,118.0
Lao People's Democratic Republic,LAO,Western Pacific,pregnant,2012,110.0
Antigua and Barbuda,ATG,Americas,pregnant,2011,121.0
Indonesia,IDN,Western Pacific,pregnant,2018,112.0
Trinidad and Tobago,TTO,Americas,pregnant,2002,119.0
Dominica,DMA,Americas,pregnant,2009,118.0
Italy,ITA,Europe,pregnant,2014,119.0
Nicaragua,NIC,Americas,pregnant,2002,118.0
Armenia,ARM,Europe,pregnant,2014,121.0
Pakistan,PAK,Eastern Mediterranean,pregnant,2010,110.0
Cyprus,CYP,Europe,pregnant,2012,120.0
France,FRA,Europe,pregnant,2002,121.0
Uzbekistan,UZB,Europe,pregnant,2006,113.0
Nigeria,NGA,Africa,pregnant,2013,106.0
Comoros,COM,Africa,pregnant,2007,113.0
Slovakia,SVK,Europe,pregnant,2003,118.0
Cameroon,CMR,Africa,pregnant,2015,111.0
Bhutan,BTN,South-East Asia,pregnant,2007,111.0
Ecuador,ECU,Americas,pregnant,2003,118.0
Malta,MLT,Europe,pregnant,2007,119.0
United Kingdom of Great Britain and Northern Ireland,GBR,Europe,pregnant,2015,120.0
Congo,COG,Africa,pregnant,2017,109.0
South Sudan,SSD,Africa,pregnant,2010,113.0
Ghana,GHA,Africa,pregnant,2017,110.0
Guinea-Bissau,GNB,Africa,pregnant,2004,106.0
Naoero,NRU,Western Pacific,pregnant,2005,114.0
Mali,MLI,Africa,pregnant,2001,104.0
Guinea-Bissau,GNB,Africa,pregnant,2011,107.0
Montenegro,MNE,Europe,pregnant,2003,120.0
Uganda,UGA,Africa,pregnant,2013,114.0
Belarus,BLR,Europe,pregnant,2017,119.0
Jordan,JOR,Eastern Mediterranean,pregnant,2019,115.0
Rwanda,RWA,Africa,pregnant,2006,120.0
Benin,BEN,Africa,pregnant,2004,104.0
Equatorial Guinea,GNQ,Africa,pregnant,2003,107.0
Cabo Verde,CPV,Africa,pregnant,2010,113.0
Belgium,BEL,Europe,pregnant,2017,120.0
Kuwait,KWT,Eastern Mediterranean,pregnant,2011,120.0
Denmark,DNK,Europe,pregnant,2010,120.0
Türkiye,TUR,Europe,pregnant,2018,116.0
Russian Federation,RUS,Europe,pregnant,2011,119.0
Cameroon,CMR,Africa,pregnant,2018,112.0
Central African Republic,CAF,Africa,pregnant,2018,109.0
Cabo Verde,CPV,Africa,pregnant,2016,115.0
Tonga,TON,Western Pacific,pregnant,2012,115.0
Austria,AUT,Europe,pregnant,2007,120.0
Brazil,BRA,Americas,pregnant,2018,121.0
Burundi,BDI,Africa,pregnant,2003,112.0
Burkina Faso,BFA,Africa,pregnant,2013,106.0
Montenegro,MNE,Europe,pregnant,2016,121.0
Democratic People's Republic of Korea,PRK,South-East Asia,pregnant,2009,114.0
Germany,DEU,Europe,pregnant,2005,121.0
Dominican Republic,DOM,Americas,pregnant,2002,115.0
Syrian Arab Republic,SYR,Eastern Mediterranean,pregnant,2015,115.0
Saint Kitts and Nevis,KNA,Americas,pregnant,2008,121.0
Sierra Leone,SLE,Africa,pregnant,2011,107.0
Namibia,NAM,Africa,pregnant,2015,117.0
Brazil,BRA,Americas,pregnant,2009,120.0
Haiti,HTI,Americas,pregnant,2015,109.0
Nicaragua,NIC,Americas,pregnant,2006,119.0
Equatorial Guinea,GNQ,Africa,pregnant,2007,107.0
Greece,GRC,Europe,pregnant,2017,119.0
Sierra Leone,SLE,Africa,pregnant,2015,107.0
Czechia,CZE,Europe,pregnant,2005,119.0
Saudi Arabia,SAU,Eastern Mediterranean,pregnant,2010,117.0
Italy,ITA,Europe,pregnant,2002,120.0
Spain,ESP,Europe,pregnant,2013,119.0
United States of America,USA,Americas,pregnant,2011,123.0
Ecuador,ECU,Americas,pregnant,2006,118.0
Nicaragua,NIC,Americas,pregnant,2004,119.0
Kuwait,KWT,Eastern Mediterranean,pregnant,2007,120.0
Bulgaria,BGR,Europe,pregnant,2010,118.0
Ethiopia,ETH,Africa,pregnant,2000,115.0
Iceland,ISL,Europe,pregnant,2015,121.0
Bolivia (Plurinational State of),BOL,Americas,pregnant,2007,114.0
India,IND,South-East Asia,pregnant,2004,107.0
Haiti,HTI,Americas,pregnant,2016,109.0
Kuwait,KWT,Eastern Mediterranean,pregnant,2001,119.0
Barbados,BRB,Americas,pregnant,2016,121.0
Jamaica,JAM,Americas,pregnant,2007,119.0
Lesotho,LSO,Africa,pregnant,2000,115.0
Bangladesh,BGD,South-East Asia,pregnant,2004,111.0
France,FRA,Europe,pregnant,2018,120.0
Fiji,FJI,Western Pacific,pregnant,2010,112.0
Antigua and Barbuda,ATG,Americas,pregnant,2018,121.0
Saudi Arabia,SAU,Eastern Mediterranean,pregnant,2008,117.0
Eritrea,ERI,Africa,pregnant,2004,111.0
Samoa,WSM,Western Pacific,pregnant,2013,114.0
Lithuania,LTU,Europe,pregnant,2016,120.0
Brazil,BRA,Americas,pregnant,2019,121.0
Bolivia (Plurinational State of),BOL,Americas,pregnant,2003,114.0
Cameroon,CMR,Africa,pregnant,2017,111.0
Russian Federation,RUS,Europe,pregnant,2002,118.0
Saudi Arabia,SAU,Eastern Mediterranean,pregnant,2019,117.0
Vanuatu,VUT,Western Pacific,pregnant,2019,118.0
Antigua and Barbuda,ATG,Americas,pregnant,2005,120.0
Israel,ISR,Europe,pregnant,2014,120.0
Cook Islands,COK,Western Pacific,pregnant,2005,116.0
Azerbaijan,AZE,Europe,pregnant,2013,114.0
Saudi Arabia,SAU,Eastern Mediterranean,pregnant,2000,116.0
Grenada,GRD,Americas,pregnant,2014,120.0
Republic of Korea,KOR,Western Pacific,pregnant,2012,119.0
Panama,PAN,Americas,pregnant,2007,118.0
Eritrea,ERI,Africa,pregnant,2014,113.0
Kiribati,KIR,Western Pacific,pregnant,2001,112.0
Lesotho,LSO,Africa,pregnant,2005,116.0
Romania,ROU,Europe,pregnant,2009,118.0
Armenia,ARM,Europe,pregnant,2011,120.0
New Zealand,NZL,Western Pacific,pregnant,2000,121.0
Denmark,DNK,Europe,pregnant,2008,120.0
Cambodia,KHM,Western Pacific,pregnant,2015,109.0
Kyrgyzstan,KGZ,Europe,pregnant,2007,114.0
Peru,PER,Americas,pregnant,2015,117.0
China,CHN,Western Pacific,pregnant,2001,120.0
Jordan,JOR,Eastern Mediterranean,pregnant,2017,116.0
Morocco,MAR,Eastern Mediterranean,pregnant,2018,116.0
Cambodia,KHM,Western Pacific,pregnant,2010,108.0
Viet Nam,VNM,Western Pacific,pregnant,2013,117.0
Türkiye,TUR,Europe,pregnant,2003,115.0
Trinidad and Tobago,TTO,Americas,pregnant,2001,118.0
Brunei Darussalam,BRN,Western Pacific,pregnant,2008,117.0
Luxembourg,LUX,Europe,pregnant,2008,122.0
Qatar,QAT,Eastern Mediterranean,pregnant,2010,117.0
Maldives,MDV,South-East Asia,pregnant,2012,110.0
Jordan,JOR,Eastern Mediterranean,pregnant,2010,117.0
Austria,AUT,Europe,pregnant,2004,120.0
Angola,AGO,Africa,pregnant,2004,108.0
Singapore,SGP,Western Pacific,pregnant,2002,120.0
Timor-Leste,TLS,South-East Asia,pregnant,2009,116.0
Kuwait,KWT,Eastern Mediterranean,pregnant,2006,120.0
Lesotho,LSO,Africa,pregnant,2011,116.0
Canada,CAN,Americas,pregnant,2007,121.0
Sudan,SDN,Eastern Mediterranean,pregnant,2014,114.0
San Marino,SMR,Europe,pregnant,2004,120.0
Ecuador,ECU,Americas,pregnant,2002,117.0
Hungary,HUN,Europe,pregnant,2010,119.0
Kuwait,KWT,Eastern Mediterranean,pregnant,2004,119.0
Kiribati,KIR,Western Pacific,pregnant,2005,113.0
Bangladesh,BGD,South-East Asia,pregnant,2003,110.0
Chile,CHL,Americas,pregnant,2003,120.0
Zambia,ZMB,Africa,pregnant,2002,112.0
"occupied Palestinian territory, including east Jerusalem",PSE,Eastern Mediterranean,pregnant,2002,114.0
Kenya,KEN,Africa,pregnant,2017,113.0
Tajikistan,TJK,Europe,pregnant,2012,114.0
Micronesia (Federated States of),FSM,Western Pacific,pregnant,2009,116.0
Portugal,PRT,Europe,pregnant,2005,119.0
Sierra Leone,SLE,Africa,pregnant,2008,107.0
Togo,TGO,Africa,pregnant,2002,107.0
Congo,COG,Africa,pregnant,2009,107.0
Bahamas,BHS,Americas,pregnant,2011,123.0
Yemen,YEM,Eastern Mediterranean,pregnant,2007,105.0
Comoros,COM,Africa,pregnant,2006,113.0
Guyana,GUY,Americas,pregnant,2018,115.0
Peru,PER,Americas,pregnant,2007,117.0
Papua New Guinea,PNG,Western Pacific,pregnant,2016,112.0
Lithuania,LTU,Europe,pregnant,2008,120.0
Malawi,MWI,Africa,pregnant,2000,112.0
Rwanda,RWA,Africa,pregnant,2005,120.0
Benin,BEN,Africa,pregnant,2012,105.0
United Kingdom of Great Britain and Northern Ireland,GBR,Europe,pregnant,2017,120.0
Tonga,TON,Western Pacific,pregnant,2002,115.0
Germany,DEU,Europe,pregnant,2014,120.0
Saint Vincent and the Grenadines,VCT,Americas,pregnant,2014,121.0
Canada,CAN,Americas,pregnant,2010,121.0
Angola,AGO,Africa,pregnant,2011,109.0
Rwanda,RWA,Africa,pregnant,2007,120.0
Samoa,WSM,Western Pacific,pregnant,2016,114.0
Micronesia (Federated States of),FSM,Western Pacific,pregnant,2012,116.0
Saint Vincent and the Grenadines,VCT,Americas,pregnant,2000,118.0
Algeria,DZA,Africa,pregnant,2019,115.0
Cote d'Ivoire,CIV,Africa,pregnant,2018,107.0
Botswana,BWA,Africa,pregnant,2019,116.0
Argentina,ARG,Americas,pregnant,2014,120.0
Senegal,SEN,Africa,pregnant,2011,105.0
Ethiopia,ETH,Africa,pregnant,2011,118.0
Netherlands (Kingdom of the),NLD,Europe,pregnant,2015,120.0
Cambodia,KHM,Western Pacific,pregnant,2011,109.0
Ecuador,ECU,Americas,pregnant,2008,119.0
Georgia,GEO,Europe,pregnant,2005,117.0
Serbia,SRB,Europe,pregnant,2007,118.0
Yemen,YEM,Eastern Mediterranean,pregnant,2014,105.0
Ukraine,UKR,Europe,pregnant,2006,120.0
Malawi,MWI,Africa,pregnant,2018,114.0
Chad,TCD,Africa,pregnant,2012,109.0
Kiribati,KIR,Western Pacific,pregnant,2017,113.0
Argentina,ARG,Americas,pregnant,2017,120.0
Sri Lanka,LKA,South-East Asia,pregnant,2003,114.0
Turkmenistan,TKM,Europe,pregnant,2019,117.0
Malta,MLT,Europe,pregnant,2001,119.0
Egypt,EGY,Eastern Mediterranean,pregnant,2003,116.0
Estonia,EST,Europe,pregnant,2002,118.0
Pakistan,PAK,Eastern Mediterranean,pregnant,2004,109.0
Fiji,FJI,Western Pacific,pregnant,2007,111.0
Russian Federation,RUS,Europe,pregnant,2005,118.0
Democratic Republic of the Congo,COD,Africa,pregnant,2017,110.0
United States of America,USA,Americas,pregnant,2003,124.0
Iceland,ISL,Europe,pregnant,2001,121.0
Grenada,GRD,Americas,pregnant,2018,120.0
Kiribati,KIR,Western Pacific,pregnant,2008,112.0
United Arab Emirates,ARE,Eastern Mediterranean,pregnant,2002,119.0
Nicaragua,NIC,Americas,pregnant,2014,119.0
Bosnia and Herzegovina,BIH,Europe,pregnant,2012,117.0
Guyana,GUY,Americas,pregnant,2008,114.0
Sri Lanka,LKA,South-East Asia,pregnant,2008,115.0
Jordan,JOR,Eastern Mediterranean,pregnant,2016,116.0
Angola,AGO,Africa,pregnant,2019,110.0
Japan,JPN,Western Pacific,pregnant,2016,117.0
Belgium,BEL,Europe,pregnant,2014,120.0
Georgia,GEO,Europe,pregnant,2009,117.0
Madagascar,MDG,Africa,pregnant,2004,112.0
Comoros,COM,Africa,pregnant,2012,114.0
Chile,CHL,Americas,pregnant,2007,120.0
Malta,MLT,Europe,pregnant,2019,119.0
Kazakhstan,KAZ,Europe,pregnant,2004,115.0
Monaco,MCO,Europe,pregnant,2015,120.0
Egypt,EGY,Eastern Mediterranean,pregnant,2002,116.0
Costa Rica,CRI,Americas,pregnant,2018,121.0
Jamaica,JAM,Americas,pregnant,2018,119.0
Philippines,PHL,Western Pacific,pregnant,2009,113.0
Uganda,UGA,Africa,pregnant,2003,112.0
Bhutan,BTN,South-East Asia,pregnant,2008,112.0
Egypt,EGY,Eastern Mediterranean,pregnant,2013,117.0
Estonia,EST,Europe,pregnant,2007,119.0
France,FRA,Europe,pregnant,2009,121.0
Venezuela (Bolivarian Republic of),VEN,Americas,pregnant,2001,117.0
Central African Republic,CAF,Africa,pregnant,2019,109.0
Russian Federation,RUS,Europe,pregnant,2007,119.0
Lesotho,LSO,Africa,pregnant,2004,115.0
Zambia,ZMB,Africa,pregnant,2005,112.0
Republic of Korea,KOR,Western Pacific,pregnant,2017,120.0
Pakistan,PAK,Eastern Mediterranean,pregnant,2009,110.0
Cambodia,KHM,Western Pacific,pregnant,2012,109.0
Argentina,ARG,Americas,pregnant,2012,120.0
Cambodia,KHM,Western Pacific,pregnant,2017,109.0
Poland,POL,Europe,pregnant,2001,119.0
Malta,MLT,Europe,pregnant,2018,119.0
Andorra,AND,Europe,pregnant,2010,120.0
Morocco,MAR,Eastern Mediterranean,pregnant,2005,115.0
India,IND,South-East Asia,pregnant,2007,108.0
Gabon,GAB,Africa,pregnant,2005,106.0
Nicaragua,NIC,Americas,pregnant,2005,119.0
Sweden,SWE,Europe,pregnant,2008,120.0
Gambia,GMB,Africa,pregnant,2002,104.0
Lebanon,LBN,Eastern Mediterranean,pregnant,2017,117.0
Peru,PER,Americas,pregnant,2004,116.0
Timor-Leste,TLS,South-East Asia,pregnant,2012,116.0
Democratic Republic of the Congo,COD,Africa,pregnant,2002,107.0
Iceland,ISL,Europe,pregnant,2012,121.0
Malta,MLT,Europe,pregnant,2009,119.0
South Sudan,SSD,Africa,pregnant,2016,113.0
United Republic of Tanzania,TZA,Africa,pregnant,2002,107.0
Gabon,GAB,Africa,pregnant,2000,106.0
Turkmenistan,TKM,Europe,pregnant,2003,116.0
Finland,FIN,Europe,pregnant,2018,120.0
Italy,ITA,Europe,pregnant,2005,120.0
Barbados,BRB,Americas,pregnant,2003,120.0
Hungary,HUN,Europe,pregnant,2016,119.0
Grenada,GRD,Americas,pregnant,2009,119.0
Poland,POL,Europe,pregnant,2013,120.0
Lithuania,LTU,Europe,pregnant,2010,120.0
Croatia,HRV,Europe,pregnant,2015,119.0
Eritrea,ERI,Africa,pregnant,2000,111.0
Colombia,COL,Americas,pregnant,2013,119.0
Thailand,THA,South-East Asia,pregnant,2003,116.0
Saint Vincent and the Grenadines,VCT,Americas,pregnant,2003,119.0
India,IND,South-East Asia,pregnant,2014,109.0
India,IND,South-East Asia,pregnant,2016,109.0
Belgium,BEL,Europe,pregnant,2003,120.0
Indonesia,IDN,Western Pacific,pregnant,2002,112.0
Spain,ESP,Europe,pregnant,2016,119.0
Saint Vincent and the Grenadines,VCT,Americas,pregnant,2004,119.0
Russian Federation,RUS,Europe,pregnant,2009,119.0
Ecuador,ECU,Americas,pregnant,2010,119.0
Lesotho,LSO,Africa,pregnant,2014,116.0
Djibouti,DJI,Eastern Mediterranean,pregnant,2018,114.0
Monaco,MCO,Europe,pregnant,2013,120.0
Cambodia,KHM,Western Pacific,pregnant,2000,107.0
Ghana,GHA,Africa,pregnant,2001,107.0
Armenia,ARM,Europe,pregnant,2019,121.0
El Salvador,SLV,Americas,pregnant,2004,122.0
Finland,FIN,Europe,pregnant,2015,121.0
Mongolia,MNG,Western Pacific,pregnant,2013,117.0
Kenya,KEN,Africa,pregnant,2004,112.0
Bulgaria,BGR,Europe,pregnant,2006,117.0
Malawi,MWI,Africa,pregnant,2013,114.0
Argentina,ARG,Americas,pregnant,2011,120.0
Solomon Islands,SLB,Western Pacific,pregnant,2014,109.0
Jordan,JOR,Eastern Mediterranean,pregnant,2018,115.0
United Republic of Tanzania,TZA,Africa,pregnant,2017,109.0
Dominican Republic,DOM,Americas,pregnant,2019,117.0
Jordan,JOR,Eastern Mediterranean,pregnant,2007,117.0
New Zealand,NZL,Western Pacific,pregnant,2003,121.0
Saint Kitts and Nevis,KNA,Americas,pregnant,2011,121.0
Egypt,EGY,Eastern Mediterranean,pregnant,2009,116.0
China,CHN,Western Pacific,pregnant,2000,119.0
Kyrgyzstan,KGZ,Europe,pregnant,2004,114.0
Denmark,DNK,Europe,pregnant,2005,120.0
Portugal,PRT,Europe,pregnant,2008,119.0
Kenya,KEN,Africa,pregnant,2019,113.0
Samoa,WSM,Western Pacific,pregnant,2007,114.0
Rwanda,RWA,Africa,pregnant,2000,120.0
Myanmar,MMR,South-East Asia,pregnant,2019,110.0
Guinea-Bissau,GNB,Africa,pregnant,2000,106.0
Japan,JPN,Western Pacific,pregnant,2008,116.0
China,CHN,Western Pacific,pregnant,2014,123.0
New Zealand,NZL,Western Pacific,pregnant,2012,121.0
Congo,COG,Africa,pregnant,2015,108.0
Viet Nam,VNM,Western Pacific,pregnant,2017,117.0
Russian Federation,RUS,Europe,pregnant,2006,118.0
Costa Rica,CRI,Americas,pregnant,2012,122.0
Equatorial Guinea,GNQ,Africa,pregnant,2001,106.0
Vanuatu,VUT,Western Pacific,pregnant,2005,114.0
Albania,ALB,Europe,pregnant,2004,118.0
Mauritius,MUS,Africa,pregnant,2010,117.0
Marshall Islands,MHL,Western Pacific,pregnant,2016,114.0
Congo,COG,Africa,pregnant,2016,109.0
Serbia,SRB,Europe,pregnant,2019,118.0
Argentina,ARG,Americas,pregnant,2006,119.0
Gabon,GAB,Africa,pregnant,2009,107.0
Madagascar,MDG,Africa,pregnant,2011,114.0
Sudan,SDN,Eastern Mediterranean,pregnant,2001,112.0
Cote d'Ivoire,CIV,Africa,pregnant,2004,106.0
Mozambique,MOZ,Africa,pregnant,2014,110.0
Iceland,ISL,Europe,pregnant,2006,121.0
Bahrain,BHR,Eastern Mediterranean,pregnant,2015,115.0
Sri Lanka,LKA,South-East Asia,pregnant,2019,114.0
Israel,ISR,Europe,pregnant,2011,120.0
Afghanistan,AFG,Eastern Mediterranean,pregnant,2016,115.0
Congo,COG,Africa,pregnant,2006,107.0
Syrian Arab Republic,SYR,Eastern Mediterranean,pregnant,2001,114.0
Sri Lanka,LKA,South-East Asia,pregnant,2015,115.0
Peru,PER,Americas,pregnant,2006,116.0
Trinidad and Tobago,TTO,Americas,pregnant,2004,119.0
Rwanda,RWA,Africa,pregnant,2010,120.0
Kazakhstan,KAZ,Europe,pregnant,2008,116.0
Panama,PAN,Americas,pregnant,2009,119.0
Malta,MLT,Europe,pregnant,2011,119.0
Dominica,DMA,Americas,pregnant,2016,119.0
Kazakhstan,KAZ,Europe,pregnant,2009,116.0
Finland,FIN,Europe,pregnant,2004,121.0
Serbia,SRB,Europe,pregnant,2003,118.0
Sweden,SWE,Europe,pregnant,2016,120.0
Switzerland,CHE,Europe,pregnant,2016,121.0
Chile,CHL,Americas,pregnant,2017,121.0
Afghanistan,AFG,Eastern Mediterranean,pregnant,2017,115.0
Uruguay,URY,Americas,pregnant,2006,118.0
Lebanon,LBN,Eastern Mediterranean,pregnant,2000,117.0
Mauritania,MRT,Africa,pregnant,2019,110.0
Nicaragua,NIC,Americas,pregnant,2011,120.0
Slovakia,SVK,Europe,pregnant,2017,118.0
Slovakia,SVK,Europe,pregnant,2002,118.0
Saudi Arabia,SAU,Eastern Mediterranean,pregnant,2007,117.0
Greece,GRC,Europe,pregnant,2004,119.0
Solomon Islands,SLB,Western Pacific,pregnant,2013,109.0
Mongolia,MNG,Western Pacific,pregnant,2019,117.0
Cameroon,CMR,Africa,pregnant,2006,109.0
Saudi Arabia,SAU,Eastern Mediterranean,pregnant,2002,116.0
Mauritius,MUS,Africa,pregnant,2007,116.0
Azerbaijan,AZE,Europe,pregnant,2008,114.0
Serbia,SRB,Europe,pregnant,2010,118.0
Papua New Guinea,PNG,Western Pacific,pregnant,2006,111.0
Democratic Republic of the Congo,COD,Africa,pregnant,2015,110.0
Andorra,AND,Europe,pregnant,2017,120.0
Iceland,ISL,Europe,pregnant,2016,121.0
Madagascar,MDG,Africa,pregnant,2019,114.0
Yemen,YEM,Eastern Mediterranean,pregnant,2010,105.0
Nepal,NPL,South-East Asia,pregnant,2000,109.0
Djibouti,DJI,Eastern Mediterranean,pregnant,2019,114.0
Eswatini,SWZ,Africa,pregnant,2007,116.0
Niue,NIU,Western Pacific,pregnant,2003,115.0
Dominican Republic,DOM,Americas,pregnant,2017,117.0
Italy,ITA,Europe,pregnant,2007,120.0
Angola,AGO,Africa,pregnant,2000,108.0
Sudan,SDN,Eastern Mediterranean,pregnant,2005,112.0
Central African Republic,CAF,Africa,pregnant,2007,108.0
Egypt,EGY,Eastern Mediterranean,pregnant,2019,117.0
Niger,NER,Africa,pregnant,2014,107.0
Fiji,FJI,Western Pacific,pregnant,2009,112.0
Czechia,CZE,Europe,pregnant,2019,119.0
Thailand,THA,South-East Asia,pregnant,2011,116.0
Palau,PLW,Western Pacific,pregnant,2007,115.0
Guatemala,GTM,Americas,pregnant,2016,123.0
Mali,MLI,Africa,pregnant,2019,105.0
Togo,TGO,Africa,pregnant,2007,107.0
Malaysia,MYS,Western Pacific,pregnant,2017,115.0
South Sudan,SSD,Africa,pregnant,2019,113.0
Andorra,AND,Europe,pregnant,2018,120.0
Netherlands (Kingdom of the),NLD,Europe,pregnant,2001,120.0
Marshall Islands,MHL,Western Pacific,pregnant,2005,113.0
China,CHN,Western Pacific,pregnant,2004,121.0
Jordan,JOR,Eastern Mediterranean,pregnant,2008,117.0
Estonia,EST,Europe,pregnant,2006,119.0
Sudan,SDN,Eastern Mediterranean,pregnant,2015,114.0
United States of America,USA,Americas,pregnant,2002,124.0
Algeria,DZA,Africa,pregnant,2001,114.0
Malawi,MWI,Africa,pregnant,2010,114.0
Liberia,LBR,Africa,pregnant,2005,107.0
Slovakia,SVK,Europe,pregnant,2015,118.0
Yemen,YEM,Eastern Mediterranean,pregnant,2017,105.0
Comoros,COM,Africa,pregnant,2014,114.0
Republic of Korea,KOR,Western Pacific,pregnant,2002,118.0
Chile,CHL,Americas,pregnant,2009,120.0
"occupied Palestinian territory, including east Jerusalem",PSE,Eastern Mediterranean,pregnant,2015,115.0
Burundi,BDI,Africa,pregnant,2004,112.0
Sao Tome and Principe,STP,Africa,pregnant,2010,108.0
Argentina,ARG,Americas,pregnant,2003,118.0
United Kingdom of Great Britain and Northern Ireland,GBR,Europe,pregnant,2008,121.0
Tonga,TON,Western Pacific,pregnant,2019,115.0
Democratic Republic of the Congo,COD,Africa,pregnant,2019,111.0
Kazakhstan,KAZ,Europe,pregnant,2003,114.0
Dominica,DMA,Americas,pregnant,2010,118.0
Comoros,COM,Africa,pregnant,2009,114.0
Bahrain,BHR,Eastern Mediterranean,pregnant,2014,115.0
Haiti,HTI,Americas,pregnant,2001,107.0
Eritrea,ERI,Africa,pregnant,2019,113.0
Ukraine,UKR,Europe,pregnant,2009,120.0
Guinea,GIN,Africa,pregnant,2002,105.0
Mauritius,MUS,Africa,pregnant,2016,118.0
Peru,PER,Americas,pregnant,2011,117.0
Guinea-Bissau,GNB,Africa,pregnant,2017,108.0
Luxembourg,LUX,Europe,pregnant,2013,121.0
Kenya,KEN,Africa,pregnant,2018,113.0
Cambodia,KHM,Western Pacific,pregnant,2006,108.0
Dominica,DMA,Americas,pregnant,2014,119.0
Comoros,COM,Africa,pregnant,2011,114.0
Cameroon,CMR,Africa,pregnant,2007,109.0
Canada,CAN,Americas,pregnant,2005,121.0
Belarus,BLR,Europe,pregnant,2007,118.0
Israel,ISR,Europe,pregnant,2006,120.0
Dominica,DMA,Americas,pregnant,2003,117.0
Congo,COG,Africa,pregnant,2003,106.0
Cyprus,CYP,Europe,pregnant,2019,119.0
Portugal,PRT,Europe,pregnant,2004,119.0
Ecuador,ECU,Americas,pregnant,2000,117.0
Nepal,NPL,South-East Asia,pregnant,2005,110.0
Finland,FIN,Europe,pregnant,2003,121.0
Burundi,BDI,Africa,pregnant,2011,113.0
Republic of Moldova,MDA,Europe,pregnant,2011,117.0
Mongolia,MNG,Western Pacific,pregnant,2012,117.0
Angola,AGO,Africa,pregnant,2014,110.0
Tuvalu,TUV,Western Pacific,pregnant,2004,116.0
Bhutan,BTN,South-East Asia,pregnant,2002,111.0
Monaco,MCO,Europe,pregnant,2011,120.0
Guyana,GUY,Americas,pregnant,2001,114.0
Mauritania,MRT,Africa,pregnant,2009,108.0
Morocco,MAR,Eastern Mediterranean,pregnant,2017,116.0
Eswatini,SWZ,Africa,pregnant,2004,116.0
Kazakhstan,KAZ,Europe,pregnant,2019,116.0
Cambodia,KHM,Western Pacific,pregnant,2007,108.0
Venezuela (Bolivarian Republic of),VEN,Americas,pregnant,2013,119.0
Lithuania,LTU,Europe,pregnant,2018,120.0
Ethiopia,ETH,Africa,pregnant,2016,118.0
Cote d'Ivoire,CIV,Africa,pregnant,2019,107.0
Cote d'Ivoire,CIV,Africa,pregnant,2002,106.0
Lithuania,LTU,Europe,pregnant,2014,120.0
Honduras,HND,Americas,pregnant,2004,119.0
Mozambique,MOZ,Africa,pregnant,2007,108.0
Mali,MLI,Africa,pregnant,2004,104.0
Sudan,SDN,Eastern Mediterranean,pregnant,2004,112.0
Central African Republic,CAF,Africa,pregnant,2017,109.0
Mexico,MEX,Americas,pregnant,2011,120.0
Oman,OMN,Eastern Mediterranean,pregnant,2009,116.0
Central African Republic,CAF,Africa,pregnant,2006,107.0
South Sudan,SSD,Africa,pregnant,2013,113.0
Nepal,NPL,South-East Asia,pregnant,2007,111.0
Poland,POL,Europe,pregnant,2011,120.0
Viet Nam,VNM,Western Pacific,pregnant,2004,115.0
Congo,COG,Africa,pregnant,2000,106.0
Myanmar,MMR,South-East Asia,pregnant,2011,110.0
Solomon Islands,SLB,Western Pacific,pregnant,2002,109.0
Vanuatu,VUT,Western Pacific,pregnant,2013,117.0
India,IND,South-East Asia,pregnant,2018,109.0
Gabon,GAB,Africa,pregnant,2012,107.0
Uzbekistan,UZB,Europe,pregnant,2018,114.0
Seychelles,SYC,Africa,pregnant,2011,118.0
Iceland,ISL,Europe,pregnant,2003,121.0
Oman,OMN,Eastern Mediterranean,pregnant,2004,115.0
Bolivia (Plurinational State of),BOL,Americas,pregnant,2005,114.0
Tuvalu,TUV,Western Pacific,pregnant,2001,116.0
North Macedonia,MKD,Europe,pregnant,2012,118.0
Lithuania,LTU,Europe,pregnant,2012,120.0
France,FRA,Europe,pregnant,2017,120.0
Viet Nam,VNM,Western Pacific,pregnant,2019,117.0
Micronesia (Federated States of),FSM,Western Pacific,pregnant,2008,115.0
Iraq,IRQ,Eastern Mediterranean,pregnant,2017,115.0
Cameroon,CMR,Africa,pregnant,2001,108.0
"occupied Palestinian territory, including east Jerusalem",PSE,Eastern Mediterranean,pregnant,2001,114.0
Libya,LBY,Eastern Mediterranean,pregnant,2004,116.0
Lao People's Democratic Republic,LAO,Western Pacific,pregnant,2003,109.0
Venezuela (Bolivarian Republic of),VEN,Americas,pregnant,2002,117.0
Mali,MLI,Africa,pregnant,2008,104.0
Central African Republic,CAF,Africa,pregnant,2013,108.0
South Africa,ZAF,Africa,pregnant,2005,117.0
Sudan,SDN,Eastern Mediterranean,pregnant,2016,114.0
Syrian Arab Republic,SYR,Eastern Mediterranean,pregnant,2010,115.0
Argentina,ARG,Americas,pregnant,2015,120.0
Canada,CAN,Americas,pregnant,2013,121.0
Malawi,MWI,Africa,pregnant,2008,113.0
Maldives,MDV,South-East Asia,pregnant,2005,110.0
Sudan,SDN,Eastern Mediterranean,pregnant,2000,112.0
Chad,TCD,Africa,pregnant,2004,107.0
"occupied Palestinian territory, including east Jerusalem",PSE,Eastern Mediterranean,pregnant,2012,115.0
Libya,LBY,Eastern Mediterranean,pregnant,2019,116.0
Denmark,DNK,Europe,pregnant,2007,120.0
India,IND,South-East Asia,pregnant,2015,109.0
Bhutan,BTN,South-East Asia,pregnant,2019,114.0
Botswana,BWA,Africa,pregnant,2013,117.0
Oman,OMN,Eastern Mediterranean,pregnant,2006,115.0
Grenada,GRD,Americas,pregnant,2005,119.0
Estonia,EST,Europe,pregnant,2018,119.0
Uzbekistan,UZB,Europe,pregnant,2012,114.0
Congo,COG,Africa,pregnant,2001,106.0
Pakistan,PAK,Eastern Mediterranean,pregnant,2014,110.0
Barbados,BRB,Americas,pregnant,2018,121.0
Mozambique,MOZ,Africa,pregnant,2001,108.0
Vanuatu,VUT,Western Pacific,pregnant,2007,115.0
Palau,PLW,Western Pacific,pregnant,2014,115.0
Georgia,GEO,Europe,pregnant,2006,117.0
Ireland,IRL,Europe,pregnant,2013,120.0
Türkiye,TUR,Europe,pregnant,2015,116.0
Panama,PAN,Americas,pregnant,2003,118.0
Republic of Korea,KOR,Western Pacific,pregnant,2016,120.0
Ethiopia,ETH,Africa,pregnant,2015,118.0
Belgium,BEL,Europe,pregnant,2009,121.0
Yemen,YEM,Eastern Mediterranean,pregnant,2008,105.0
"occupied Palestinian territory, including east Jerusalem",PSE,Eastern Mediterranean,pregnant,2007,114.0
Finland,FIN,Europe,pregnant,2002,121.0
Palau,PLW,Western Pacific,pregnant,2013,115.0
Sierra Leone,SLE,Africa,pregnant,2017,107.0
Colombia,COL,Americas,pregnant,2011,119.0
Croatia,HRV,Europe,pregnant,2010,119.0
Qatar,QAT,Eastern Mediterranean,pregnant,2017,117.0
Republic of Moldova,MDA,Europe,pregnant,2016,117.0
Bosnia and Herzegovina,BIH,Europe,pregnant,2013,117.0
Vanuatu,VUT,Western Pacific,pregnant,2018,118.0
Kiribati,KIR,Western Pacific,pregnant,2013,112.0
Uzbekistan,UZB,Europe,pregnant,2015,114.0
Switzerland,CHE,Europe,pregnant,2001,121.0
San Marino,SMR,Europe,pregnant,2002,120.0
United States of America,USA,Americas,pregnant,2007,124.0
Georgia,GEO,Europe,pregnant,2017,117.0
Yemen,YEM,Eastern Mediterranean,pregnant,2015,105.0
Australia,AUS,Western Pacific,pregnant,2015,121.0
Colombia,COL,Americas,pregnant,2017,120.0
Lebanon,LBN,Eastern Mediterranean,pregnant,2019,117.0
Togo,TGO,Africa,pregnant,2016,107.0
Lesotho,LSO,Africa,pregnant,2013,116.0
Barbados,BRB,Americas,pregnant,2015,121.0
France,FRA,Europe,pregnant,2000,121.0
Palau,PLW,Western Pacific,pregnant,2009,115.0
Finland,FIN,Europe,pregnant,2010,121.0
Montenegro,MNE,Europe,pregnant,2019,121.0
Niue,NIU,Western Pacific,pregnant,2000,115.0
Oman,OMN,Eastern Mediterranean,pregnant,2015,116.0
Papua New Guinea,PNG,Western Pacific,pregnant,2010,111.0
Palau,PLW,Western Pacific,pregnant,2011,115.0
Cabo Verde,CPV,Africa,pregnant,2000,111.0
Saint Lucia,LCA,Americas,pregnant,2019,122.0
South Africa,ZAF,Africa,pregnant,2016,118.0
Japan,JPN,Western Pacific,pregnant,2019,117.0
Sao Tome and Principe,STP,Africa,pregnant,2016,109.0
Uruguay,URY,Americas,pregnant,2000,118.0
Cuba,CUB,Americas,pregnant,2006,118.0
Honduras,HND,Americas,pregnant,2013,120.0
Denmark,DNK,Europe,pregnant,2011,120.0
Benin,BEN,Africa,pregnant,2006,104.0
Dominican Republic,DOM,Americas,pregnant,2013,117.0
Hungary,HUN,Europe,pregnant,2017,119.0
Malaysia,MYS,Western Pacific,pregnant,2005,114.0
Guatemala,GTM,Americas,pregnant,2008,120.0
Mozambique,MOZ,Africa,pregnant,2018,110.0
Honduras,HND,Americas,pregnant,2006,119.0
Yemen,YEM,Eastern Mediterranean,pregnant,2012,105.0
Norway,NOR,Europe,pregnant,2016,120.0
Congo,COG,Africa,pregnant,2019,109.0
Czechia,CZE,Europe,pregnant,2015,119.0
Costa Rica,CRI,Americas,pregnant,2009,122.0
Greece,GRC,Europe,pregnant,2000,119.0
Philippines,PHL,Western Pacific,pregnant,2010,113.0
United Republic of Tanzania,TZA,Africa,pregnant,2000,107.0
Ethiopia,ETH,Africa,pregnant,2009,118.0
Gabon,GAB,Africa,pregnant,2006,106.0
Jordan,JOR,Eastern Mediterranean,pregnant,2002,116.0
Lithuania,LTU,Europe,pregnant,2007,120.0
Bhutan,BTN,South-East Asia,pregnant,2011,112.0
Jamaica,JAM,Americas,pregnant,2001,118.0
Fiji,FJI,Western Pacific,pregnant,2001,111.0
China,CHN,Western Pacific,pregnant,2006,121.0
Ethiopia,ETH,Africa,pregnant,2001,115.0
Djibouti,DJI,Eastern Mediterranean,pregnant,2013,114.0
Saint Kitts and Nevis,KNA,Americas,pregnant,2012,122.0
Honduras,HND,Americas,pregnant,2017,119.0
Lesotho,LSO,Africa,pregnant,2009,116.0
Azerbaijan,AZE,Europe,pregnant,2017,114.0
Guatemala,GTM,Americas,pregnant,2018,124.0
Bahrain,BHR,Eastern Mediterranean,pregnant,2019,115.0
Guyana,GUY,Americas,pregnant,2005,114.0
Tunisia,TUN,Eastern Mediterranean,pregnant,2007,116.0
New Zealand,NZL,Western Pacific,pregnant,2010,121.0
Japan,JPN,Western Pacific,pregnant,2011,116.0
Sweden,SWE,Europe,pregnant,2003,120.0
China,CHN,Western Pacific,pregnant,2002,120.0
Papua New Guinea,PNG,Western Pacific,pregnant,2009,111.0
Solomon Islands,SLB,Western Pacific,pregnant,2000,109.0
Bahrain,BHR,Eastern Mediterranean,pregnant,2003,114.0
El Salvador,SLV,Americas,pregnant,2015,121.0
Lebanon,LBN,Eastern Mediterranean,pregnant,2010,117.0
Qatar,QAT,Eastern Mediterranean,pregnant,2009,117.0
Georgia,GEO,Europe,pregnant,2000,116.0
Croatia,HRV,Europe,pregnant,2003,118.0
Israel,ISR,Europe,pregnant,2019,120.0
Slovenia,SVN,Europe,pregnant,2007,119.0
Lesotho,LSO,Africa,pregnant,2018,116.0
Italy,ITA,Europe,pregnant,2003,120.0
Algeria,DZA,Africa,pregnant,2005,114.0
Suriname,SUR,Americas,pregnant,2016,119.0
Netherlands (Kingdom of the),NLD,Europe,pregnant,2019,120.0
Germany,DEU,Europe,pregnant,2002,120.0
Morocco,MAR,Eastern Mediterranean,pregnant,2019,116.0
Philippines,PHL,Western Pacific,pregnant,2013,115.0
Iran (Islamic Republic of),IRN,Eastern Mediterranean,pregnant,2002,117.0
Yemen,YEM,Eastern Mediterranean,pregnant,2011,105.0
Zambia,ZMB,Africa,pregnant,2012,114.0
Mozambique,MOZ,Africa,pregnant,2010,109.0
Brazil,BRA,Americas,pregnant,2001,119.0
Barbados,BRB,Americas,pregnant,2014,121.0
Paraguay,PRY,Americas,pregnant,2012,118.0
San Marino,SMR,Europe,pregnant,2012,120.0
Myanmar,MMR,South-East Asia,pregnant,2006,110.0
Mali,MLI,Africa,pregnant,2010,105.0
Mauritania,MRT,Africa,pregnant,2011,109.0
Republic of Moldova,MDA,Europe,pregnant,2012,117.0
Romania,ROU,Europe,pregnant,2003,117.0
Niger,NER,Africa,pregnant,2018,107.0
Grenada,GRD,Americas,pregnant,2000,118.0
Pakistan,PAK,Eastern Mediterranean,pregnant,2012,110.0
El Salvador,SLV,Americas,pregnant,2013,122.0
Brunei Darussalam,BRN,Western Pacific,pregnant,2007,117.0
Lebanon,LBN,Eastern Mediterranean,pregnant,2011,117.0
Barbados,BRB,Americas,pregnant,2017,121.0
Angola,AGO,Africa,pregnant,2016,110.0
Madagascar,MDG,Africa,pregnant,2017,114.0
"occupied Palestinian territory, including east Jerusalem",PSE,Eastern Mediterranean,pregnant,2014,115.0
Portugal,PRT,Europe,pregnant,2013,119.0
Bangladesh,BGD,South-East Asia,pregnant,2008,111.0
Eritrea,ERI,Africa,pregnant,2010,112.0
Dominican Republic,DOM,Americas,pregnant,2007,116.0
Grenada,GRD,Americas,pregnant,2017,120.0
Trinidad and Tobago,TTO,Americas,pregnant,2010,120.0
Eritrea,ERI,Africa,pregnant,2001,111.0
Morocco,MAR,Eastern Mediterranean,pregnant,2002,115.0
Naoero,NRU,Western Pacific,pregnant,2009,114.0
Botswana,BWA,Africa,pregnant,2003,116.0
Lebanon,LBN,Eastern Mediterranean,pregnant,2004,117.0
Algeria,DZA,Africa,pregnant,2014,115.0
Nepal,NPL,South-East Asia,pregnant,2011,111.0
Marshall Islands,MHL,Western Pacific,pregnant,2013,114.0
Tajikistan,TJK,Europe,pregnant,2018,113.0
Türkiye,TUR,Europe,pregnant,2010,116.0
Denmark,DNK,Europe,pregnant,2018,120.0
Paraguay,PRY,Americas,pregnant,2006,118.0
Luxembourg,LUX,Europe,pregnant,2016,121.0
Indonesia,IDN,Western Pacific,pregnant,2009,113.0
Zambia,ZMB,Africa,pregnant,2017,114.0
Viet Nam,VNM,Western Pacific,pregnant,2014,117.0
Iceland,ISL,Europe,pregnant,2005,121.0
Bolivia (Plurinational State of),BOL,Americas,pregnant,2013,115.0
Uruguay,URY,Americas,pregnant,2004,118.0
Saudi Arabia,SAU,Eastern Mediterranean,pregnant,2012,117.0
Gambia,GMB,Africa,pregnant,2004,104.0
Monaco,MCO,Europe,pregnant,2012,120.0
Paraguay,PRY,Americas,pregnant,2003,118.0
Liberia,LBR,Africa,pregnant,2012,109.0
Ecuador,ECU,Americas,pregnant,2017,119.0
Australia,AUS,Western Pacific,pregnant,2012,121.0
Bulgaria,BGR,Europe,pregnant,2000,117.0
Costa Rica,CRI,Americas,pregnant,2008,121.0
Uruguay,URY,Americas,pregnant,2005,118.0
Bosnia and Herzegovina,BIH,Europe,pregnant,2017,117.0
Republic of Moldova,MDA,Europe,pregnant,2002,115.0
Kuwait,KWT,Eastern Mediterranean,pregnant,2009,120.0
Georgia,GEO,Europe,pregnant,2019,117.0
Luxembourg,LUX,Europe,pregnant,2002,122.0
Canada,CAN,Americas,pregnant,2002,121.0
Slovenia,SVN,Europe,pregnant,2002,119.0
Latvia,LVA,Europe,pregnant,2018,119.0
Thailand,THA,South-East Asia,pregnant,2013,116.0
Latvia,LVA,Europe,pregnant,2015,119.0
Zambia,ZMB,Africa,pregnant,2011,114.0
Chad,TCD,Africa,pregnant,2008,108.0
Croatia,HRV,Europe,pregnant,2006,119.0
Afghanistan,AFG,Eastern Mediterranean,pregnant,2018,115.0
China,CHN,Western Pacific,pregnant,2003,121.0
Iraq,IRQ,Eastern Mediterranean,pregnant,2006,113.0
Bosnia and Herzegovina,BIH,Europe,pregnant,2011,117.0
Benin,BEN,Africa,pregnant,2017,105.0
Uzbekistan,UZB,Europe,pregnant,2004,112.0
Armenia,ARM,Europe,pregnant,2004,119.0
San Marino,SMR,Europe,pregnant,2017,120.0
Trinidad and Tobago,TTO,Americas,pregnant,2016,121.0
United States of America,USA,Americas,pregnant,2019,122.0
Bosnia and Herzegovina,BIH,Europe,pregnant,2004,117.0
Naoero,NRU,Western Pacific,pregnant,2014,115.0
Finland,FIN,Europe,pregnant,2007,121.0
Nepal,NPL,South-East Asia,pregnant,2009,111.0
Estonia,EST,Europe,pregnant,2005,119.0
Chad,TCD,Africa,pregnant,2006,108.0
Cuba,CUB,Americas,pregnant,2016,120.0
Czechia,CZE,Europe,pregnant,2007,119.0
Cabo Verde,CPV,Africa,pregnant,2012,114.0
Ecuador,ECU,Americas,pregnant,2013,120.0
Chile,CHL,Americas,pregnant,2000,119.0
Timor-Leste,TLS,South-East Asia,pregnant,2017,114.0
South Africa,ZAF,Africa,pregnant,2017,118.0
Bulgaria,BGR,Europe,pregnant,2018,118.0
Cuba,CUB,Americas,pregnant,2008,119.0
Serbia,SRB,Europe,pregnant,2005,118.0
Antigua and Barbuda,ATG,Americas,pregnant,2006,120.0
Guyana,GUY,Americas,pregnant,2009,115.0
Bulgaria,BGR,Europe,pregnant,2007,117.0
South Africa,ZAF,Africa,pregnant,2004,117.0
Sweden,SWE,Europe,pregnant,2007,120.0
Zimbabwe,ZWE,Africa,pregnant,2007,116.0
Slovakia,SVK,Europe,pregnant,2005,118.0
Gambia,GMB,Africa,pregnant,2010,105.0
Honduras,HND,Americas,pregnant,2001,118.0
Greece,GRC,Europe,pregnant,2019,119.0
Slovenia,SVN,Europe,pregnant,2003,119.0
Sweden,SWE,Europe,pregnant,2017,120.0
Gambia,GMB,Africa,pregnant,2019,107.0
Kyrgyzstan,KGZ,Europe,pregnant,2017,114.0
Guyana,GUY,Americas,pregnant,2012,115.0
Naoero,NRU,Western Pacific,pregnant,2011,114.0
Australia,AUS,Western Pacific,pregnant,2009,121.0
Botswana,BWA,Africa,pregnant,2018,116.0
Slovakia,SVK,Europe,pregnant,2008,118.0
Netherlands (Kingdom of the),NLD,Europe,pregnant,2017,120.0
Romania,ROU,Europe,pregnant,2001,117.0
Niue,NIU,Western Pacific,pregnant,2007,116.0
Switzerland,CHE,Europe,pregnant,2019,120.0
Madagascar,MDG,Africa,pregnant,2009,113.0
Georgia,GEO,Europe,pregnant,2016,117.0
Indonesia,IDN,Western Pacific,pregnant,2008,113.0
Mauritius,MUS,Africa,pregnant,2000,115.0
Mali,MLI,Africa,pregnant,2017,105.0
Ecuador,ECU,Americas,pregnant,2019,119.0
Philippines,PHL,Western Pacific,pregnant,2005,112.0
Niger,NER,Africa,pregnant,2009,106.0
Austria,AUT,Europe,pregnant,2016,120.0
Guatemala,GTM,Americas,pregnant,2003,119.0
Samoa,WSM,Western Pacific,pregnant,2017,114.0
Morocco,MAR,Eastern Mediterranean,pregnant,2016,116.0
Singapore,SGP,Western Pacific,pregnant,2010,120.0
Montenegro,MNE,Europe,pregnant,2002,120.0
Republic of Moldova,MDA,Europe,pregnant,2004,116.0
Honduras,HND,Americas,pregnant,2019,119.0
Niger,NER,Africa,pregnant,2002,106.0
Saint Lucia,LCA,Americas,pregnant,2006,121.0
Bosnia and Herzegovina,BIH,Europe,pregnant,2008,117.0
Lithuania,LTU,Europe,pregnant,2001,118.0
South Africa,ZAF,Africa,pregnant,2013,118.0
United Arab Emirates,ARE,Eastern Mediterranean,pregnant,2014,119.0
Bangladesh,BGD,South-East Asia,pregnant,2006,111.0
United Kingdom of Great Britain and Northern Ireland,GBR,Europe,pregnant,2004,121.0
Cook Islands,COK,Western Pacific,pregnant,2016,116.0
Liberia,LBR,Africa,pregnant,2019,110.0
Jamaica,JAM,Americas,pregnant,2000,118.0
Brunei Darussalam,BRN,Western Pacific,pregnant,2013,118.0
Ghana,GHA,Africa,pregnant,2014,109.0
Cuba,CUB,Americas,pregnant,2005,118.0
Republic of Moldova,MDA,Europe,pregnant,2010,117.0
Gambia,GMB,Africa,pregnant,2000,104.0
Botswana,BWA,Africa,pregnant,2017,116.0
Iraq,IRQ,Eastern Mediterranean,pregnant,2003,113.0
Montenegro,MNE,Europe,pregnant,2013,121.0
Samoa,WSM,Western Pacific,pregnant,2006,114.0
Montenegro,MNE,Europe,pregnant,2004,120.0
Denmark,DNK,Europe,pregnant,2009,120.0
Gambia,GMB,Africa,pregnant,2006,104.0
Netherlands (Kingdom of the),NLD,Europe,pregnant,2004,120.0
South Africa,ZAF,Africa,pregnant,2001,116.0
Norway,NOR,Europe,pregnant,2000,120.0
Costa Rica,CRI,Americas,pregnant,2004,121.0
Jordan,JOR,Eastern Mediterranean,pregnant,2014,116.0
Belarus,BLR,Europe,pregnant,2001,118.0
Bhutan,BTN,South-East Asia,pregnant,2014,113.0
United States of America,USA,Americas,pregnant,2006,124.0
Estonia,EST,Europe,pregnant,2017,119.0
Cyprus,CYP,Europe,pregnant,2016,119.0
Canada,CAN,Americas,pregnant,2015,121.0
Italy,ITA,Europe,pregnant,2019,119.0
Yemen,YEM,Eastern Mediterranean,pregnant,2004,104.0
Cabo Verde,CPV,Africa,pregnant,2008,113.0
Monaco,MCO,Europe,pregnant,2001,120.0
Mauritius,MUS,Africa,pregnant,2009,117.0
Austria,AUT,Europe,pregnant,2000,120.0
Malawi,MWI,Africa,pregnant,2017,114.0
Niue,NIU,Western Pacific,pregnant,2019,116.0
Viet Nam,VNM,Western Pacific,pregnant,2010,117.0
Greece,GRC,Europe,pregnant,2002,119.0
Japan,JPN,Western Pacific,pregnant,2007,116.0
Argentina,ARG,Americas,pregnant,2001,118.0
Malta,MLT,Europe,pregnant,2005,119.0
Serbia,SRB,Europe,pregnant,2004,118.0
Cambodia,KHM,Western Pacific,pregnant,2003,107.0
Saint Vincent and the Grenadines,VCT,Americas,pregnant,2013,121.0
Afghanistan,AFG,Eastern Mediterranean,pregnant,2001,112.0
Mauritania,MRT,Africa,pregnant,2004,108.0
Haiti,HTI,Americas,pregnant,2004,108.0
France,FRA,Europe,pregnant,2001,121.0
Mexico,MEX,Americas,pregnant,2008,120.0
Malawi,MWI,Africa,pregnant,2006,112.0
Malta,MLT,Europe,pregnant,2010,119.0
United States of America,USA,Americas,pregnant,2018,122.0
Zimbabwe,ZWE,Africa,pregnant,2010,116.0
Equatorial Guinea,GNQ,Africa,pregnant,2006,107.0
Sudan,SDN,Eastern Mediterranean,pregnant,2011,113.0
Cook Islands,COK,Western Pacific,pregnant,2017,116.0
Gabon,GAB,Africa,pregnant,2016,108.0
Ethiopia,ETH,Africa,pregnant,2018,117.0
Thailand,THA,South-East Asia,pregnant,2014,116.0
Cook Islands,COK,Western Pacific,pregnant,2018,116.0
Rwanda,RWA,Africa,pregnant,2012,120.0
Russian Federation,RUS,Europe,pregnant,2003,118.0
Ecuador,ECU,Americas,pregnant,2012,120.0
China,CHN,Western Pacific,pregnant,2016,122.0
Gambia,GMB,Africa,pregnant,2008,105.0
Mozambique,MOZ,Africa,pregnant,2015,110.0
Uganda,UGA,Africa,pregnant,2018,114.0
Saint Vincent and the Grenadines,VCT,Americas,pregnant,2008,120.0
Senegal,SEN,Africa,pregnant,2002,104.0
Romania,ROU,Europe,pregnant,2015,118.0
Ethiopia,ETH,Africa,pregnant,2005,116.0
Serbia,SRB,Europe,pregnant,2009,118.0
Greece,GRC,Europe,pregnant,2006,119.0
Lebanon,LBN,Eastern Mediterranean,pregnant,2008,117.0
Democratic People's Republic of Korea,PRK,South-East Asia,pregnant,2004,113.0
Kuwait,KWT,Eastern Mediterranean,pregnant,2019,119.0
Germany,DEU,Europe,pregnant,2001,120.0
Vanuatu,VUT,Western Pacific,pregnant,2008,115.0
Latvia,LVA,Europe,pregnant,2001,118.0
Slovakia,SVK,Europe,pregnant,2013,118.0
Myanmar,MMR,South-East Asia,pregnant,2009,110.0
Ethiopia,ETH,Africa,pregnant,2019,117.0
Togo,TGO,Africa,pregnant,2000,107.0
New Zealand,NZL,Western Pacific,pregnant,2004,121.0
San Marino,SMR,Europe,pregnant,2000,120.0
Peru,PER,Americas,pregnant,2018,117.0
Montenegro,MNE,Europe,pregnant,2006,121.0
Niue,NIU,Western Pacific,pregnant,2012,116.0
Burundi,BDI,Africa,pregnant,2016,112.0
Armenia,ARM,Europe,pregnant,2005,119.0
Suriname,SUR,Americas,pregnant,2001,117.0
Bolivia (Plurinational State of),BOL,Americas,pregnant,2014,115.0
Tonga,TON,Western Pacific,pregnant,2009,115.0
Cameroon,CMR,Africa,pregnant,2019,112.0
Nepal,NPL,South-East Asia,pregnant,2001,109.0
Iran (Islamic Republic of),IRN,Eastern Mediterranean,pregnant,2001,117.0
Nepal,NPL,South-East Asia,pregnant,2017,112.0
Mauritania,MRT,Africa,pregnant,2010,108.0
Türkiye,TUR,Europe,pregnant,2011,116.0
Eswatini,SWZ,Africa,pregnant,2006,116.0
Senegal,SEN,Africa,pregnant,2013,106.0
Sweden,SWE,Europe,pregnant,2019,119.0
Ethiopia,ETH,Africa,pregnant,2002,115.0
Luxembourg,LUX,Europe,pregnant,2007,122.0
Libya,LBY,Eastern Mediterranean,pregnant,2010,117.0
Peru,PER,Americas,pregnant,2001,116.0
Nigeria,NGA,Africa,pregnant,2002,105.0
Venezuela (Bolivarian Republic of),VEN,Americas,pregnant,2011,119.0
Bulgaria,BGR,Europe,pregnant,2002,117.0
Tuvalu,TUV,Western Pacific,pregnant,2005,116.0
United Arab Emirates,ARE,Eastern Mediterranean,pregnant,2013,119.0
Suriname,SUR,Americas,pregnant,2017,119.0
South Africa,ZAF,Africa,pregnant,2009,118.0
Tonga,TON,Western Pacific,pregnant,2013,115.0
Cambodia,KHM,Western Pacific,pregnant,2002,107.0
Eswatini,SWZ,Africa,pregnant,2018,116.0
Democratic People's Republic of Korea,PRK,South-East Asia,pregnant,2018,113.0
Iraq,IRQ,Eastern Mediterranean,pregnant,2010,114.0
Armenia,ARM,Europe,pregnant,2018,121.0
Azerbaijan,AZE,Europe,pregnant,2011,114.0
Thailand,THA,South-East Asia,pregnant,2019,116.0
United Republic of Tanzania,TZA,Africa,pregnant,2006,108.0
Seychelles,SYC,Africa,pregnant,2003,117.0
Lao People's Democratic Republic,LAO,Western Pacific,pregnant,2014,110.0
San Marino,SMR,Europe,pregnant,2003,120.0
Ukraine,UKR,Europe,pregnant,2001,119.0
Belize,BLZ,Americas,pregnant,2004,118.0
Brazil,BRA,Americas,pregnant,2003,119.0
Sao Tome and Principe,STP,Africa,pregnant,2002,107.0
Sweden,SWE,Europe,pregnant,2009,120.0
Niue,NIU,Western Pacific,pregnant,2001,115.0
Sierra Leone,SLE,Africa,pregnant,2014,107.0
Chile,CHL,Americas,pregnant,2010,121.0
Eritrea,ERI,Africa,pregnant,2012,113.0
Viet Nam,VNM,Western Pacific,pregnant,2000,113.0
Lebanon,LBN,Eastern Mediterranean,pregnant,2012,117.0
Lesotho,LSO,Africa,pregnant,2008,116.0
Germany,DEU,Europe,pregnant,2010,121.0
Slovakia,SVK,Europe,pregnant,2010,118.0
Antigua and Barbuda,ATG,Americas,pregnant,2019,121.0
New Zealand,NZL,Western Pacific,pregnant,2005,121.0
Mozambique,MOZ,Africa,pregnant,2004,108.0
Niue,NIU,Western Pacific,pregnant,2016,116.0
Palau,PLW,Western Pacific,pregnant,2019,116.0
Romania,ROU,Europe,pregnant,2018,118.0
South Sudan,SSD,Africa,pregnant,2007,112.0
Kazakhstan,KAZ,Europe,pregnant,2002,114.0
Maldives,MDV,South-East Asia,pregnant,2001,109.0
Papua New Guinea,PNG,Western Pacific,pregnant,2017,112.0
Marshall Islands,MHL,Western Pacific,pregnant,2010,113.0
Haiti,HTI,Americas,pregnant,2003,108.0
Bolivia (Plurinational State of),BOL,Americas,pregnant,2015,115.0
Comoros,COM,Africa,pregnant,2015,114.0
Nepal,NPL,South-East Asia,pregnant,2002,109.0
Russian Federation,RUS,Europe,pregnant,2000,118.0
Trinidad and Tobago,TTO,Americas,pregnant,2017,121.0
Saint Lucia,LCA,Americas,pregnant,2012,122.0
Solomon Islands,SLB,Western Pacific,pregnant,2009,109.0
Sweden,SWE,Europe,pregnant,2005,120.0
South Sudan,SSD,Africa,pregnant,2008,113.0
Bosnia and Herzegovina,BIH,Europe,pregnant,2018,117.0
Kyrgyzstan,KGZ,Europe,pregnant,2002,114.0
Democratic People's Republic of Korea,PRK,South-East Asia,pregnant,2019,113.0
Madagascar,MDG,Africa,pregnant,2018,114.0
Norway,NOR,Europe,pregnant,2012,120.0
Jamaica,JAM,Americas,pregnant,2003,119.0
Denmark,DNK,Europe,pregnant,2003,120.0
Belize,BLZ,Americas,pregnant,2006,119.0
Guinea-Bissau,GNB,Africa,pregnant,2003,106.0
Namibia,NAM,Africa,pregnant,2011,118.0
Montenegro,MNE,Europe,pregnant,2015,121.0
Czechia,CZE,Europe,pregnant,2000,119.0
Syrian Arab Republic,SYR,Eastern Mediterranean,pregnant,2003,114.0
Liberia,LBR,Africa,pregnant,2008,108.0
Republic of Korea,KOR,Western Pacific,pregnant,2006,118.0
Mali,MLI,Africa,pregnant,2014,105.0
Maldives,MDV,South-East Asia,pregnant,2004,110.0
China,CHN,Western Pacific,pregnant,2012,123.0
Kuwait,KWT,Eastern Mediterranean,pregnant,2005,120.0
Cameroon,CMR,Africa,pregnant,2011,110.0
Lao People's Democratic Republic,LAO,Western Pacific,pregnant,2015,110.0
Dominica,DMA,Americas,pregnant,2018,119.0
Tuvalu,TUV,Western Pacific,pregnant,2011,116.0
Malta,MLT,Europe,pregnant,2006,119.0
Costa Rica,CRI,Americas,pregnant,2013,122.0
Hungary,HUN,Europe,pregnant,2001,119.0
Andorra,AND,Europe,pregnant,2001,120.0
Ethiopia,ETH,Africa,pregnant,2006,117.0
Armenia,ARM,Europe,pregnant,2017,121.0
Gambia,GMB,Africa,pregnant,2011,105.0
Mauritania,MRT,Africa,pregnant,2000,107.0
Saint Kitts and Nevis,KNA,Americas,pregnant,2010,121.0
Ethiopia,ETH,Africa,pregnant,2017,118.0
Madagascar,MDG,Africa,pregnant,2006,113.0
Uruguay,URY,Americas,pregnant,2017,118.0
Singapore,SGP,Western Pacific,pregnant,2003,120.0
Paraguay,PRY,Americas,pregnant,2007,118.0
Bolivia (Plurinational State of),BOL,Americas,pregnant,2019,116.0
Egypt,EGY,Eastern Mediterranean,pregnant,2016,117.0
Suriname,SUR,Americas,pregnant,2000,117.0
Rwanda,RWA,Africa,pregnant,2002,120.0
United Arab Emirates,ARE,Eastern Mediterranean,pregnant,2010,119.0
Republic of Korea,KOR,Western Pacific,pregnant,2009,119.0
Ireland,IRL,Europe,pregnant,2018,120.0
Mongolia,MNG,Western Pacific,pregnant,2006,117.0
Romania,ROU,Europe,pregnant,2008,118.0
Monaco,MCO,Europe,pregnant,2004,120.0
Saudi Arabia,SAU,Eastern Mediterranean,pregnant,2016,117.0
Afghanistan,AFG,Eastern Mediterranean,pregnant,2015,114.0
Colombia,COL,Americas,pregnant,2002,116.0
Equatorial Guinea,GNQ,Africa,pregnant,2011,108.0
Pakistan,PAK,Eastern Mediterranean,pregnant,2017,111.0
Burkina Faso,BFA,Africa,pregnant,2017,107.0
Pakistan,PAK,Eastern Mediterranean,pregnant,2003,109.0
Singapore,SGP,Western Pacific,pregnant,2012,120.0
Oman,OMN,Eastern Mediterranean,pregnant,2000,114.0
Austria,AUT,Europe,pregnant,2012,120.0
Uganda,UGA,Africa,pregnant,2007,113.0
Ecuador,ECU,Americas,pregnant,2014,120.0
Qatar,QAT,Eastern Mediterranean,pregnant,2019,117.0
Liberia,LBR,Africa,pregnant,2007,108.0
Guinea-Bissau,GNB,Africa,pregnant,2015,108.0
Namibia,NAM,Africa,pregnant,2013,118.0
Guinea,GIN,Africa,pregnant,2007,106.0
Latvia,LVA,Europe,pregnant,2008,119.0
Vanuatu,VUT,Western Pacific,pregnant,2014,117.0
Somalia,SOM,Eastern Mediterranean,pregnant,2012,109.0
Liberia,LBR,Africa,pregnant,2004,107.0
Iraq,IRQ,Eastern Mediterranean,pregnant,2002,113.0
Tuvalu,TUV,Western Pacific,pregnant,2019,116.0
Ghana,GHA,Africa,pregnant,2011,108.0
Democratic People's Republic of Korea,PRK,South-East Asia,pregnant,2012,114.0
Kiribati,KIR,Western Pacific,pregnant,2002,112.0
Djibouti,DJI,Eastern Mediterranean,pregnant,2010,114.0
Mauritius,MUS,Africa,pregnant,2002,115.0
Cambodia,KHM,Western Pacific,pregnant,2009,108.0
Switzerland,CHE,Europe,pregnant,2015,121.0
Estonia,EST,Europe,pregnant,2012,119.0
Mauritius,MUS,Africa,pregnant,2015,118.0
Nigeria,NGA,Africa,pregnant,2016,106.0
Mauritius,MUS,Africa,pregnant,2001,115.0
Marshall Islands,MHL,Western Pacific,pregnant,2003,113.0
Chad,TCD,Africa,pregnant,2013,109.0
Australia,AUS,Western Pacific,pregnant,2004,121.0
Belize,BLZ,Americas,pregnant,2010,120.0
Jordan,JOR,Eastern Mediterranean,pregnant,2009,117.0
Kiribati,KIR,Western Pacific,pregnant,2016,113.0
Netherlands (Kingdom of the),NLD,Europe,pregnant,2014,120.0
Monaco,MCO,Europe,pregnant,2010,120.0
Monaco,MCO,Europe,pregnant,2008,120.0
Djibouti,DJI,Eastern Mediterranean,pregnant,2002,113.0
Vanuatu,VUT,Western Pacific,pregnant,2006,114.0
Palau,PLW,Western Pacific,pregnant,2004,115.0
Indonesia,IDN,Western Pacific,pregnant,2004,112.0
Romania,ROU,Europe,pregnant,2010,118.0
Netherlands (Kingdom of the),NLD,Europe,pregnant,2000,120.0
Angola,AGO,Africa,pregnant,2005,108.0
Saudi Arabia,SAU,Eastern Mediterranean,pregnant,2011,117.0
Bahamas,BHS,Americas,pregnant,2018,122.0
Algeria,DZA,Africa,pregnant,2002,114.0
Uganda,UGA,Africa,pregnant,2002,111.0
Benin,BEN,Africa,pregnant,2003,104.0
Yemen,YEM,Eastern Mediterranean,pregnant,2013,105.0
Andorra,AND,Europe,pregnant,2007,120.0
San Marino,SMR,Europe,pregnant,2009,120.0
Tuvalu,TUV,Western Pacific,pregnant,2017,116.0
Somalia,SOM,Eastern Mediterranean,pregnant,2018,109.0
Paraguay,PRY,Americas,pregnant,2005,118.0
Canada,CAN,Americas,pregnant,2018,120.0
France,FRA,Europe,pregnant,2013,121.0
South Africa,ZAF,Africa,pregnant,2010,118.0
Democratic People's Republic of Korea,PRK,South-East Asia,pregnant,2005,114.0
Iran (Islamic Republic of),IRN,Eastern Mediterranean,pregnant,2005,118.0
Micronesia (Federated States of),FSM,Western Pacific,pregnant,2006,115.0
Germany,DEU,Europe,pregnant,2004,120.0
Cuba,CUB,Americas,pregnant,2004,117.0
Equatorial Guinea,GNQ,Africa,pregnant,2017,110.0
Georgia,GEO,Europe,pregnant,2012,117.0
San Marino,SMR,Europe,pregnant,2010,120.0
Estonia,EST,Europe,pregnant,2011,119.0
Ireland,IRL,Europe,pregnant,2019,120.0
Botswana,BWA,Africa,pregnant,2005,116.0
Cook Islands,COK,Western Pacific,pregnant,2014,116.0
Tuvalu,TUV,Western Pacific,pregnant,2002,116.0
Egypt,EGY,Eastern Mediterranean,pregnant,2014,117.0
Egypt,EGY,Eastern Mediterranean,pregnant,2006,116.0
Peru,PER,Americas,pregnant,2008,117.0
Chad,TCD,Africa,pregnant,2011,109.0
Cook Islands,COK,Western Pacific,pregnant,2015,116.0
Jamaica,JAM,Americas,pregnant,2008,119.0
Senegal,SEN,Africa,pregnant,2007,105.0
Benin,BEN,Africa,pregnant,2007,104.0
Eswatini,SWZ,Africa,pregnant,2011,116.0
Republic of Moldova,MDA,Europe,pregnant,2013,117.0
United Arab Emirates,ARE,Eastern Mediterranean,pregnant,2019,118.0
Mauritania,MRT,Africa,pregnant,2015,109.0
Tuvalu,TUV,Western Pacific,pregnant,2006,116.0
Mongolia,MNG,Western Pacific,pregnant,2007,117.0
Zambia,ZMB,Africa,pregnant,2016,114.0
Myanmar,MMR,South-East Asia,pregnant,2005,109.0
Liberia,LBR,Africa,pregnant,2001,107.0
Algeria,DZA,Africa,pregnant,2016,115.0
Ethiopia,ETH,Africa,pregnant,2004,116.0
Guatemala,GTM,Americas,pregnant,2000,118.0
Fiji,FJI,Western Pacific,pregnant,2008,111.0
Sao Tome and Principe,STP,Africa,pregnant,2019,109.0
Chile,CHL,Americas,pregnant,2001,119.0
Oman,OMN,Eastern Mediterranean,pregnant,2011,116.0
United Republic of Tanzania,TZA,Africa,pregnant,2009,108.0
Lesotho,LSO,Africa,pregnant,2016,116.0
Guyana,GUY,Americas,pregnant,2010,115.0
Guyana,GUY,Americas,pregnant,2000,114.0
Netherlands (Kingdom of the),NLD,Europe,pregnant,2008,120.0
Luxembourg,LUX,Europe,pregnant,2001,122.0
Tonga,TON,Western Pacific,pregnant,2008,115.0
Spain,ESP,Europe,pregnant,2014,119.0
Costa Rica,CRI,Americas,pregnant,2001,121.0
Luxembourg,LUX,Europe,pregnant,2018,121.0
Cameroon,CMR,Africa,pregnant,2002,108.0
Sierra Leone,SLE,Africa,pregnant,2004,106.0
Zimbabwe,ZWE,Africa,pregnant,2017,116.0
Spain,ESP,Europe,pregnant,2018,119.0
Lesotho,LSO,Africa,pregnant,2017,116.0
Monaco,MCO,Europe,pregnant,2009,120.0
Cameroon,CMR,Africa,pregnant,2008,109.0
Cabo Verde,CPV,Africa,pregnant,2011,114.0
Yemen,YEM,Eastern Mediterranean,pregnant,2006,105.0
Ethiopia,ETH,Africa,pregnant,2003,115.0
Equatorial Guinea,GNQ,Africa,pregnant,2019,110.0
Eritrea,ERI,Africa,pregnant,2003,111.0
Lebanon,LBN,Eastern Mediterranean,pregnant,2015,117.0
Saint Vincent and the Grenadines,VCT,Americas,pregnant,2019,121.0
Haiti,HTI,Americas,pregnant,2018,110.0
Madagascar,MDG,Africa,pregnant,2015,114.0
Finland,FIN,Europe,pregnant,2009,121.0
Slovakia,SVK,Europe,pregnant,2006,118.0
Maldives,MDV,South-East Asia,pregnant,2009,110.0
Tuvalu,TUV,Western Pacific,pregnant,2016,116.0
Costa Rica,CRI,Americas,pregnant,2014,121.0
Russian Federation,RUS,Europe,pregnant,2004,118.0
Portugal,PRT,Europe,pregnant,2015,119.0
Mongolia,MNG,Western Pacific,pregnant,2015,117.0
Sudan,SDN,Eastern Mediterranean,pregnant,2013,113.0
Indonesia,IDN,Western Pacific,pregnant,2003,112.0
Czechia,CZE,Europe,pregnant,2004,119.0
Afghanistan,AFG,Eastern Mediterranean,pregnant,2003,112.0
Kuwait,KWT,Eastern Mediterranean,pregnant,2002,119.0
Morocco,MAR,Eastern Mediterranean,pregnant,2013,116.0
Mozambique,MOZ,Africa,pregnant,2012,109.0
Singapore,SGP,Western Pacific,pregnant,2006,120.0
Republic of Moldova,MDA,Europe,pregnant,2006,116.0
Niue,NIU,Western Pacific,pregnant,2013,116.0
Namibia,NAM,Africa,pregnant,2006,117.0
Cameroon,CMR,Africa,pregnant,2010,110.0
Poland,POL,Europe,pregnant,2005,119.0
South Africa,ZAF,Africa,pregnant,2011,118.0
Iraq,IRQ,Eastern Mediterranean,pregnant,2014,115.0
Nigeria,NGA,Africa,pregnant,2007,106.0
United Kingdom of Great Britain and Northern Ireland,GBR,Europe,pregnant,2016,120.0
Saudi Arabia,SAU,Eastern Mediterranean,pregnant,2003,116.0
Sudan,SDN,Eastern Mediterranean,pregnant,2018,114.0
Belgium,BEL,Europe,pregnant,2011,120.0
Malaysia,MYS,Western Pacific,pregnant,2001,113.0
Cabo Verde,CPV,Africa,pregnant,2009,113.0
Bahrain,BHR,Eastern Mediterranean,pregnant,2002,114.0
Republic of Korea,KOR,Western Pacific,pregnant,2000,117.0
United Kingdom of Great Britain and Northern Ireland,GBR,Europe,pregnant,2005,121.0
Chad,TCD,Africa,pregnant,2018,111.0
Sao Tome and Principe,STP,Africa,pregnant,2012,108.0
Lithuania,LTU,Europe,pregnant,2015,120.0
Madagascar,MDG,Africa,pregnant,2000,112.0
Congo,COG,Africa,pregnant,2005,107.0
Norway,NOR,Europe,pregnant,2005,120.0
Republic of Korea,KOR,Western Pacific,pregnant,2014,120.0
South Sudan,SSD,Africa,pregnant,2005,112.0
Grenada,GRD,Americas,pregnant,2004,119.0
Saint Kitts and Nevis,KNA,Americas,pregnant,2002,121.0
Slovakia,SVK,Europe,pregnant,2011,118.0
Poland,POL,Europe,pregnant,2019,120.0
Belarus,BLR,Europe,pregnant,2002,118.0
Armenia,ARM,Europe,pregnant,2013,121.0
Sudan,SDN,Eastern Mediterranean,pregnant,2002,112.0
Slovenia,SVN,Europe,pregnant,2016,119.0
Bangladesh,BGD,South-East Asia,pregnant,2010,111.0
Mozambique,MOZ,Africa,pregnant,2000,108.0
Azerbaijan,AZE,Europe,pregnant,2002,113.0
Canada,CAN,Americas,pregnant,2019,120.0
Albania,ALB,Europe,pregnant,2018,118.0
Kyrgyzstan,KGZ,Europe,pregnant,2001,114.0
Malawi,MWI,Africa,pregnant,2016,114.0
Vanuatu,VUT,Western Pacific,pregnant,2009,115.0
Georgia,GEO,Europe,pregnant,2018,117.0
Saint Kitts and Nevis,KNA,Americas,pregnant,2013,122.0
Palau,PLW,Western Pacific,pregnant,2018,115.0
Madagascar,MDG,Africa,pregnant,2014,114.0
Egypt,EGY,Eastern Mediterranean,pregnant,2015,117.0
Japan,JPN,Western Pacific,pregnant,2005,116.0
Sao Tome and Principe,STP,Africa,pregnant,2000,107.0
Türkiye,TUR,Europe,pregnant,2014,116.0
Panama,PAN,Americas,pregnant,2019,119.0
Israel,ISR,Europe,pregnant,2004,120.0
Chad,TCD,Africa,pregnant,2010,108.0
Venezuela (Bolivarian Republic of),VEN,Americas,pregnant,2015,118.0
Belgium,BEL,Europe,pregnant,2005,120.0
Canada,CAN,Americas,pregnant,2003,121.0
Estonia,EST,Europe,pregnant,2013,119.0
Cabo Verde,CPV,Africa,pregnant,2014,114.0
Chile,CHL,Americas,pregnant,2004,120.0
Eswatini,SWZ,Africa,pregnant,2009,116.0
Central African Republic,CAF,Africa,pregnant,2002,107.0
Czechia,CZE,Europe,pregnant,2013,119.0
Cuba,CUB,Americas,pregnant,2017,120.0
Grenada,GRD,Americas,pregnant,2016,120.0
Kyrgyzstan,KGZ,Europe,pregnant,2014,114.0
Andorra,AND,Europe,pregnant,2015,120.0
Georgia,GEO,Europe,pregnant,2013,117.0
Mexico,MEX,Americas,pregnant,2010,120.0
Republic of Moldova,MDA,Europe,pregnant,2017,117.0
Gabon,GAB,Africa,pregnant,2011,107.0
France,FRA,Europe,pregnant,2012,121.0
Panama,PAN,Americas,pregnant,2013,119.0
Fiji,FJI,Western Pacific,pregnant,2005,111.0
Niue,NIU,Western Pacific,pregnant,2014,116.0
Liberia,LBR,Africa,pregnant,2018,110.0
Kazakhstan,KAZ,Europe,pregnant,2011,116.0
Greece,GRC,Europe,pregnant,2011,119.0
Saudi Arabia,SAU,Eastern Mediterranean,pregnant,2001,116.0
Eritrea,ERI,Africa,pregnant,2018,113.0
Singapore,SGP,Western Pacific,pregnant,2009,120.0
Uruguay,URY,Americas,pregnant,2015,118.0
Netherlands (Kingdom of the),NLD,Europe,pregnant,2005,120.0
Ecuador,ECU,Americas,pregnant,2007,119.0
Honduras,HND,Americas,pregnant,2008,119.0
Kuwait,KWT,Eastern Mediterranean,pregnant,2010,120.0
Philippines,PHL,Western Pacific,pregnant,2003,112.0
Madagascar,MDG,Africa,pregnant,2012,114.0
Albania,ALB,Europe,pregnant,2002,117.0
Timor-Leste,TLS,South-East Asia,pregnant,2015,115.0
Mauritania,MRT,Africa,pregnant,2008,108.0
Dominica,DMA,Americas,pregnant,2005,118.0
Antigua and Barbuda,ATG,Americas,pregnant,2012,121.0
Guatemala,GTM,Americas,pregnant,2006,120.0
Tajikistan,TJK,Europe,pregnant,2006,113.0
Uzbekistan,UZB,Europe,pregnant,2002,112.0
Mali,MLI,Africa,pregnant,2009,104.0
Mongolia,MNG,Western Pacific,pregnant,2014,117.0
Mali,MLI,Africa,pregnant,2012,105.0
Republic of Moldova,MDA,Europe,pregnant,2003,116.0
Croatia,HRV,Europe,pregnant,2014,119.0
Pakistan,PAK,Eastern Mediterranean,pregnant,2019,111.0
Azerbaijan,AZE,Europe,pregnant,2000,113.0
Tunisia,TUN,Eastern Mediterranean,pregnant,2002,115.0
Lao People's Democratic Republic,LAO,Western Pacific,pregnant,2017,110.0
Lao People's Democratic Republic,LAO,Western Pacific,pregnant,2001,109.0
Germany,DEU,Europe,pregnant,2008,121.0
Azerbaijan,AZE,Europe,pregnant,2015,114.0
Australia,AUS,Western Pacific,pregnant,2013,121.0
China,CHN,Western Pacific,pregnant,2019,122.0
Peru,PER,Americas,pregnant,2017,117.0
Timor-Leste,TLS,South-East Asia,pregnant,2013,116.0
Poland,POL,Europe,pregnant,2014,120.0
Estonia,EST,Europe,pregnant,2010,119.0
Iran (Islamic Republic of),IRN,Eastern Mediterranean,pregnant,2015,118.0
Rwanda,RWA,Africa,pregnant,2004,120.0
Croatia,HRV,Europe,pregnant,2001,118.0
Turkmenistan,TKM,Europe,pregnant,2016,117.0
Uganda,UGA,Africa,pregnant,2012,114.0
Cyprus,CYP,Europe,pregnant,2014,119.0
Ireland,IRL,Europe,pregnant,2008,120.0
United States of America,USA,Americas,pregnant,2009,123.0
Guatemala,GTM,Americas,pregnant,2004,119.0
Syrian Arab Republic,SYR,Eastern Mediterranean,pregnant,2016,115.0
San Marino,SMR,Europe,pregnant,2005,120.0
Haiti,HTI,Americas,pregnant,2014,109.0
Iceland,ISL,Europe,pregnant,2014,121.0
Uruguay,URY,Americas,pregnant,2016,118.0
Saint Lucia,LCA,Americas,pregnant,2014,122.0
Republic of Korea,KOR,Western Pacific,pregnant,2011,119.0
Serbia,SRB,Europe,pregnant,2002,118.0
Costa Rica,CRI,Americas,pregnant,2000,121.0
Lao People's Democratic Republic,LAO,Western Pacific,pregnant,2018,110.0
Timor-Leste,TLS,South-East Asia,pregnant,2003,115.0
Lithuania,LTU,Europe,pregnant,2006,119.0
Malawi,MWI,Africa,pregnant,2014,114.0
Viet Nam,VNM,Western Pacific,pregnant,2006,115.0
Latvia,LVA,Europe,pregnant,2000,117.0
Kiribati,KIR,Western Pacific,pregnant,2003,112.0
Timor-Leste,TLS,South-East Asia,pregnant,2011,116.0
Tunisia,TUN,Eastern Mediterranean,pregnant,2019,116.0
Israel,ISR,Europe,pregnant,2013,120.0
Kenya,KEN,Africa,pregnant,2006,112.0
Timor-Leste,TLS,South-East Asia,pregnant,2018,114.0
Guinea-Bissau,GNB,Africa,pregnant,2010,107.0
Indonesia,IDN,Western Pacific,pregnant,2015,112.0
Pakistan,PAK,Eastern Mediterranean,pregnant,2015,110.0
Ireland,IRL,Europe,pregnant,2003,120.0
Sao Tome and Principe,STP,Africa,pregnant,2013,109.0
Türkiye,TUR,Europe,pregnant,2008,116.0
Mongolia,MNG,Western Pacific,pregnant,2003,117.0
Ireland,IRL,Europe,pregnant,2006,120.0
Seychelles,SYC,Africa,pregnant,2014,118.0
Suriname,SUR,Americas,pregnant,2015,119.0
Lebanon,LBN,Eastern Mediterranean,pregnant,2001,117.0
United Arab Emirates,ARE,Eastern Mediterranean,pregnant,2001,119.0
Japan,JPN,Western Pacific,pregnant,2004,116.0
Palau,PLW,Western Pacific,pregnant,2005,115.0
Croatia,HRV,Europe,pregnant,2000,118.0
South Sudan,SSD,Africa,pregnant,2015,113.0
Solomon Islands,SLB,Western Pacific,pregnant,2005,109.0
Republic of Korea,KOR,Western Pacific,pregnant,2015,120.0
South Africa,ZAF,Africa,pregnant,2012,118.0
Cambodia,KHM,Western Pacific,pregnant,2004,107.0
Benin,BEN,Africa,pregnant,2018,105.0
Jamaica,JAM,Americas,pregnant,2016,119.0
Fiji,FJI,Western Pacific,pregnant,2018,112.0
Suriname,SUR,Americas,pregnant,2018,119.0
Serbia,SRB,Europe,pregnant,2012,118.0
Antigua and Barbuda,ATG,Americas,pregnant,2002,120.0
Belgium,BEL,Europe,pregnant,2013,120.0
Denmark,DNK,Europe,pregnant,2013,120.0
Serbia,SRB,Europe,pregnant,2001,118.0
Tunisia,TUN,Eastern Mediterranean,pregnant,2015,116.0
Andorra,AND,Europe,pregnant,2002,120.0
Oman,OMN,Eastern Mediterranean,pregnant,2002,114.0
Somalia,SOM,Eastern Mediterranean,pregnant,2016,109.0
Bulgaria,BGR,Europe,pregnant,2013,118.0
Norway,NOR,Europe,pregnant,2013,120.0
South Africa,ZAF,Africa,pregnant,2015,118.0
Dominican Republic,DOM,Americas,pregnant,2006,116.0
United Arab Emirates,ARE,Eastern Mediterranean,pregnant,2015,119.0
Ghana,GHA,Africa,pregnant,2019,111.0
Qatar,QAT,Eastern Mediterranean,pregnant,2016,117.0
Suriname,SUR,Americas,pregnant,2013,119.0
Latvia,LVA,Europe,pregnant,2019,119.0
Marshall Islands,MHL,Western Pacific,pregnant,2009,113.0
Cyprus,CYP,Europe,pregnant,2010,120.0
Iraq,IRQ,Eastern Mediterranean,pregnant,2013,115.0
Chile,CHL,Americas,pregnant,2014,121.0
Saint Lucia,LCA,Americas,pregnant,2001,121.0
Norway,NOR,Europe,pregnant,2017,120.0
Afghanistan,AFG,Eastern Mediterranean,pregnant,2005,113.0
Guinea,GIN,Africa,pregnant,2012,107.0
Iran (Islamic Republic of),IRN,Eastern Mediterranean,pregnant,2017,118.0
Rwanda,RWA,Africa,pregnant,2001,120.0
Bulgaria,BGR,Europe,pregnant,2008,118.0
Brazil,BRA,Americas,pregnant,2008,120.0
Belarus,BLR,Europe,pregnant,2000,118.0
Romania,ROU,Europe,pregnant,2014,118.0
Papua New Guinea,PNG,Western Pacific,pregnant,2002,111.0
Fiji,FJI,Western Pacific,pregnant,2012,112.0
Mongolia,MNG,Western Pacific,pregnant,2002,117.0
Japan,JPN,Western Pacific,pregnant,2010,116.0
Hungary,HUN,Europe,pregnant,2004,119.0
Spain,ESP,Europe,pregnant,2000,120.0
Republic of Moldova,MDA,Europe,pregnant,2005,116.0
Chad,TCD,Africa,pregnant,2016,110.0
Botswana,BWA,Africa,pregnant,2008,116.0
Morocco,MAR,Eastern Mediterranean,pregnant,2010,115.0
Dominica,DMA,Americas,pregnant,2015,119.0
Kenya,KEN,Africa,pregnant,2005,112.0
Viet Nam,VNM,Western Pacific,pregnant,2016,117.0
Qatar,QAT,Eastern Mediterranean,pregnant,2006,117.0
Croatia,HRV,Europe,pregnant,2007,119.0
Cote d'Ivoire,CIV,Africa,pregnant,2000,106.0
Benin,BEN,Africa,pregnant,2009,105.0
Thailand,THA,South-East Asia,pregnant,2004,116.0
Republic of Korea,KOR,Western Pacific,pregnant,2007,119.0
Montenegro,MNE,Europe,pregnant,2010,121.0
Burkina Faso,BFA,Africa,pregnant,2001,105.0
Oman,OMN,Eastern Mediterranean,pregnant,2019,116.0
Antigua and Barbuda,ATG,Americas,pregnant,2013,121.0
Grenada,GRD,Americas,pregnant,2010,120.0
Lao People's Democratic Republic,LAO,Western Pacific,pregnant,2008,110.0
Grenada,GRD,Americas,pregnant,2007,119.0
Montenegro,MNE,Europe,pregnant,2017,121.0
Benin,BEN,Africa,pregnant,2016,105.0
Gambia,GMB,Africa,pregnant,2017,107.0
Namibia,NAM,Africa,pregnant,2017,117.0
Timor-Leste,TLS,South-East Asia,pregnant,2014,115.0
Iceland,ISL,Europe,pregnant,2011,121.0
Bahamas,BHS,Americas,pregnant,2013,123.0
Albania,ALB,Europe,pregnant,2017,118.0
Democratic Republic of the Congo,COD,Africa,pregnant,2000,107.0
Spain,ESP,Europe,pregnant,2009,120.0
United States of America,USA,Americas,pregnant,2001,124.0
Bhutan,BTN,South-East Asia,pregnant,2005,111.0
Netherlands (Kingdom of the),NLD,Europe,pregnant,2018,120.0
Belarus,BLR,Europe,pregnant,2019,119.0
Albania,ALB,Europe,pregnant,2001,117.0
Bhutan,BTN,South-East Asia,pregnant,2013,113.0
Morocco,MAR,Eastern Mediterranean,pregnant,2011,116.0
Australia,AUS,Western Pacific,pregnant,2007,121.0
Samoa,WSM,Western Pacific,pregnant,2019,114.0
Congo,COG,Africa,pregnant,2002,106.0
Grenada,GRD,Americas,pregnant,2012,120.0
Dominica,DMA,Americas,pregnant,2004,117.0
Palau,PLW,Western Pacific,pregnant,2001,115.0
Ireland,IRL,Europe,pregnant,2014,120.0
Estonia,EST,Europe,pregnant,2014,119.0
Iran (Islamic Republic of),IRN,Eastern Mediterranean,pregnant,2004,117.0
Tajikistan,TJK,Europe,pregnant,2008,114.0
Bhutan,BTN,South-East Asia,pregnant,2009,112.0
South Sudan,SSD,Africa,pregnant,2014,113.0
Poland,POL,Europe,pregnant,2007,119.0
Republic of Moldova,MDA,Europe,pregnant,2000,115.0
Burkina Faso,BFA,Africa,pregnant,2000,105.0
Armenia,ARM,Europe,pregnant,2007,119.0
Samoa,WSM,Western Pacific,pregnant,2003,114.0
Oman,OMN,Eastern Mediterranean,pregnant,2012,116.0
Syrian Arab Republic,SYR,Eastern Mediterranean,pregnant,2005,114.0
North Macedonia,MKD,Europe,pregnant,2004,118.0
Botswana,BWA,Africa,pregnant,2015,116.0
Zambia,ZMB,Africa,pregnant,2000,112.0
Mexico,MEX,Americas,pregnant,2009,120.0
Guyana,GUY,Americas,pregnant,2013,115.0
Micronesia (Federated States of),FSM,Western Pacific,pregnant,2019,115.0
Mongolia,MNG,Western Pacific,pregnant,2011,117.0
Comoros,COM,Africa,pregnant,2004,113.0
Ghana,GHA,Africa,pregnant,2010,108.0
Benin,BEN,Africa,pregnant,2001,104.0
Lebanon,LBN,Eastern Mediterranean,pregnant,2016,117.0
Seychelles,SYC,Africa,pregnant,2019,118.0
Bolivia (Plurinational State of),BOL,Americas,pregnant,2009,114.0
Maldives,MDV,South-East Asia,pregnant,2003,110.0
Namibia,NAM,Africa,pregnant,2010,118.0
Jordan,JOR,Eastern Mediterranean,pregnant,2001,116.0
Zimbabwe,ZWE,Africa,pregnant,2013,116.0
Pakistan,PAK,Eastern Mediterranean,pregnant,2018,111.0
Ukraine,UKR,Europe,pregnant,2019,119.0
Sudan,SDN,Eastern Mediterranean,pregnant,2019,114.0
Haiti,HTI,Americas,pregnant,2005,108.0
Germany,DEU,Europe,pregnant,2009,121.0
Solomon Islands,SLB,Western Pacific,pregnant,2018,110.0
Netherlands (Kingdom of the),NLD,Europe,pregnant,2002,120.0
Ukraine,UKR,Europe,pregnant,2010,120.0
Malawi,MWI,Africa,pregnant,2011,114.0
Norway,NOR,Europe,pregnant,2006,120.0
Tunisia,TUN,Eastern Mediterranean,pregnant,2008,116.0
Türkiye,TUR,Europe,pregnant,2016,116.0
Saint Kitts and Nevis,KNA,Americas,pregnant,2001,120.0
Algeria,DZA,Africa,pregnant,2008,115.0
Iran (Islamic Republic of),IRN,Eastern Mediterranean,pregnant,2013,118.0
Democratic People's Republic of Korea,PRK,South-East Asia,pregnant,2002,113.0
Cyprus,CYP,Europe,pregnant,2006,120.0
Naoero,NRU,Western Pacific,pregnant,2000,114.0
Cote d'Ivoire,CIV,Africa,pregnant,2006,106.0
Algeria,DZA,Africa,pregnant,2017,115.0
Samoa,WSM,Western Pacific,pregnant,2004,114.0
Marshall Islands,MHL,Western Pacific,pregnant,2014,114.0
Fiji,FJI,Western Pacific,pregnant,2016,112.0
Namibia,NAM,Africa,pregnant,2014,118.0
Bangladesh,BGD,South-East Asia,pregnant,2009,111.0
Germany,DEU,Europe,pregnant,2000,120.0
Ghana,GHA,Africa,pregnant,2007,107.0
Viet Nam,VNM,Western Pacific,pregnant,2011,117.0
Monaco,MCO,Europe,pregnant,2003,120.0
Eritrea,ERI,Africa,pregnant,2009,112.0
San Marino,SMR,Europe,pregnant,2014,120.0
Slovenia,SVN,Europe,pregnant,2013,119.0
Equatorial Guinea,GNQ,Africa,pregnant,2005,107.0
Angola,AGO,Africa,pregnant,2007,108.0
Trinidad and Tobago,TTO,Americas,pregnant,2008,120.0
Somalia,SOM,Eastern Mediterranean,pregnant,2002,108.0
United Republic of Tanzania,TZA,Africa,pregnant,2007,108.0
Italy,ITA,Europe,pregnant,2013,119.0
Mongolia,MNG,Western Pacific,pregnant,2016,117.0
Philippines,PHL,Western Pacific,pregnant,2011,114.0
France,FRA,Europe,pregnant,2008,121.0
Thailand,THA,South-East Asia,pregnant,2001,116.0
Guatemala,GTM,Americas,pregnant,2009,121.0
Naoero,NRU,Western Pacific,pregnant,2013,115.0
Burundi,BDI,Africa,pregnant,2009,113.0
Timor-Leste,TLS,South-East Asia,pregnant,2007,116.0
Djibouti,DJI,Eastern Mediterranean,pregnant,2000,112.0
North Macedonia,MKD,Europe,pregnant,2016,118.0
Jamaica,JAM,Americas,pregnant,2005,119.0
Mali,MLI,Africa,pregnant,2002,104.0
Niue,NIU,Western Pacific,pregnant,2008,116.0
Yemen,YEM,Eastern Mediterranean,pregnant,2016,105.0
Rwanda,RWA,Africa,pregnant,2003,120.0
Marshall Islands,MHL,Western Pacific,pregnant,2002,113.0
Germany,DEU,Europe,pregnant,2003,120.0
Senegal,SEN,Africa,pregnant,2006,105.0
Burundi,BDI,Africa,pregnant,2001,111.0
El Salvador,SLV,Americas,pregnant,2007,122.0
Uganda,UGA,Africa,pregnant,2016,114.0
Slovenia,SVN,Europe,pregnant,2008,119.0
Naoero,NRU,Western Pacific,pregnant,2003,114.0
Albania,ALB,Europe,pregnant,2007,118.0
Saint Kitts and Nevis,KNA,Americas,pregnant,2000,120.0
Türkiye,TUR,Europe,pregnant,2004,115.0
Germany,DEU,Europe,pregnant,2011,121.0
Sweden,SWE,Europe,pregnant,2006,120.0
Iran (Islamic Republic of),IRN,Eastern Mediterranean,pregnant,2009,118.0
Antigua and Barbuda,ATG,Americas,pregnant,2004,120.0
Indonesia,IDN,Western Pacific,pregnant,2014,112.0
Tuvalu,TUV,Western Pacific,pregnant,2015,116.0
Türkiye,TUR,Europe,pregnant,2009,116.0
Kiribati,KIR,Western Pacific,pregnant,2014,112.0
Botswana,BWA,Africa,pregnant,2011,117.0
San Marino,SMR,Europe,pregnant,2008,120.0
Norway,NOR,Europe,pregnant,2008,120.0
Slovenia,SVN,Europe,pregnant,2006,119.0
Mauritius,MUS,Africa,pregnant,2013,118.0
Sudan,SDN,Eastern Mediterranean,pregnant,2008,113.0
Nicaragua,NIC,Americas,pregnant,2008,119.0
Belize,BLZ,Americas,pregnant,2016,120.0
Tunisia,TUN,Eastern Mediterranean,pregnant,2005,115.0
Cuba,CUB,Americas,pregnant,2009,119.0
Sweden,SWE,Europe,pregnant,2011,120.0
Niger,NER,Africa,pregnant,2016,107.0
Colombia,COL,Americas,pregnant,2007,117.0
Botswana,BWA,Africa,pregnant,2007,116.0
Armenia,ARM,Europe,pregnant,2000,119.0
Cote d'Ivoire,CIV,Africa,pregnant,2015,107.0
Senegal,SEN,Africa,pregnant,2015,106.0
Eswatini,SWZ,Africa,pregnant,2002,116.0
Barbados,BRB,Americas,pregnant,2000,120.0
Peru,PER,Americas,pregnant,2000,116.0
Tonga,TON,Western Pacific,pregnant,2005,115.0
Singapore,SGP,Western Pacific,pregnant,2017,120.0
Thailand,THA,South-East Asia,pregnant,2007,116.0
Tajikistan,TJK,Europe,pregnant,2001,112.0
Netherlands (Kingdom of the),NLD,Europe,pregnant,2016,120.0
Mozambique,MOZ,Africa,pregnant,2016,110.0
Latvia,LVA,Europe,pregnant,2007,119.0
Ukraine,UKR,Europe,pregnant,2017,119.0
Mexico,MEX,Americas,pregnant,2016,121.0
Belize,BLZ,Americas,pregnant,2001,118.0
Fiji,FJI,Western Pacific,pregnant,2014,112.0
New Zealand,NZL,Western Pacific,pregnant,2009,121.0
Kiribati,KIR,Western Pacific,pregnant,2007,112.0
Georgia,GEO,Europe,pregnant,2008,117.0
Slovenia,SVN,Europe,pregnant,2009,119.0
Kuwait,KWT,Eastern Mediterranean,pregnant,2012,119.0
Kyrgyzstan,KGZ,Europe,pregnant,2005,114.0
Mozambique,MOZ,Africa,pregnant,2019,110.0
Mozambique,MOZ,Africa,pregnant,2013,109.0
Turkmenistan,TKM,Europe,pregnant,2008,117.0
United States of America,USA,Americas,pregnant,2015,123.0
Ecuador,ECU,Americas,pregnant,2011,120.0
United Republic of Tanzania,TZA,Africa,pregnant,2004,107.0
Somalia,SOM,Eastern Mediterranean,pregnant,2008,109.0
Iran (Islamic Republic of),IRN,Eastern Mediterranean,pregnant,2006,118.0
Nigeria,NGA,Africa,pregnant,2019,107.0
Portugal,PRT,Europe,pregnant,2006,119.0
Lithuania,LTU,Europe,pregnant,2005,119.0
Kazakhstan,KAZ,Europe,pregnant,2015,116.0
Türkiye,TUR,Europe,pregnant,2001,115.0
Türkiye,TUR,Europe,pregnant,2002,115.0
Belize,BLZ,Americas,pregnant,2011,120.0
Philippines,PHL,Western Pacific,pregnant,2014,115.0
Ecuador,ECU,Americas,pregnant,2018,119.0
Nepal,NPL,South-East Asia,pregnant,2014,112.0
Uruguay,URY,Americas,pregnant,2010,118.0
"occupied Palestinian territory, including east Jerusalem",PSE,Eastern Mediterranean,pregnant,2009,115.0
Algeria,DZA,Africa,pregnant,2009,115.0
Switzerland,CHE,Europe,pregnant,2011,121.0
South Africa,ZAF,Africa,pregnant,2006,117.0
United Republic of Tanzania,TZA,Africa,pregnant,2012,109.0
Dominican Republic,DOM,Americas,pregnant,2016,117.0
Norway,NOR,Europe,pregnant,2009,120.0
Israel,ISR,Europe,pregnant,2010,120.0
Qatar,QAT,Eastern Mediterranean,pregnant,2005,117.0
Zimbabwe,ZWE,Africa,pregnant,2008,116.0
Republic of Korea,KOR,Western Pacific,pregnant,2018,120.0
Singapore,SGP,Western Pacific,pregnant,2014,120.0
United Kingdom of Great Britain and Northern Ireland,GBR,Europe,pregnant,2001,121.0
Malawi,MWI,Africa,pregnant,2005,112.0
United Arab Emirates,ARE,Eastern Mediterranean,pregnant,2007,119.0
Iceland,ISL,Europe,pregnant,2002,121.0
Qatar,QAT,Eastern Mediterranean,pregnant,2007,117.0
Slovenia,SVN,Europe,pregnant,2005,119.0
Colombia,COL,Americas,pregnant,2001,116.0
Trinidad and Tobago,TTO,Americas,pregnant,2009,120.0
Czechia,CZE,Europe,pregnant,2009,119.0
Suriname,SUR,Americas,pregnant,2008,118.0
Myanmar,MMR,South-East Asia,pregnant,2000,108.0
Seychelles,SYC,Africa,pregnant,2012,118.0
Italy,ITA,Europe,pregnant,2000,119.0
El Salvador,SLV,Americas,pregnant,2002,122.0
Mauritius,MUS,Africa,pregnant,2014,118.0
Iraq,IRQ,Eastern Mediterranean,pregnant,2000,112.0
Bulgaria,BGR,Europe,pregnant,2014,118.0
Ethiopia,ETH,Africa,pregnant,2012,118.0
Niger,NER,Africa,pregnant,2019,107.0
Austria,AUT,Europe,pregnant,2006,120.0
Japan,JPN,Western Pacific,pregnant,2013,117.0
Guatemala,GTM,Americas,pregnant,2012,122.0
Rwanda,RWA,Africa,pregnant,2019,119.0
El Salvador,SLV,Americas,pregnant,2019,121.0
Burkina Faso,BFA,Africa,pregnant,2012,106.0
Iraq,IRQ,Eastern Mediterranean,pregnant,2008,114.0
Colombia,COL,Americas,pregnant,2015,120.0
Ireland,IRL,Europe,pregnant,2005,120.0
Sierra Leone,SLE,Africa,pregnant,2000,106.0
Montenegro,MNE,Europe,pregnant,2008,121.0
Bahamas,BHS,Americas,pregnant,2008,123.0
Sri Lanka,LKA,South-East Asia,pregnant,2004,114.0
Malta,MLT,Europe,pregnant,2000,119.0
Germany,DEU,Europe,pregnant,2019,120.0
Dominica,DMA,Americas,pregnant,2007,118.0
Saint Kitts and Nevis,KNA,Americas,pregnant,2014,122.0
Saint Lucia,LCA,Americas,pregnant,2009,122.0
Cabo Verde,CPV,Africa,pregnant,2007,112.0
Niger,NER,Africa,pregnant,2017,107.0
Paraguay,PRY,Americas,pregnant,2009,118.0
Switzerland,CHE,Europe,pregnant,2005,121.0
China,CHN,Western Pacific,pregnant,2018,122.0
Democratic Republic of the Congo,COD,Africa,pregnant,2007,108.0
Timor-Leste,TLS,South-East Asia,pregnant,2010,116.0
India,IND,South-East Asia,pregnant,2013,108.0
Vanuatu,VUT,Western Pacific,pregnant,2001,113.0
Burundi,BDI,Africa,pregnant,2015,112.0
Brazil,BRA,Americas,pregnant,2014,121.0
Australia,AUS,Western Pacific,pregnant,2002,121.0
Kenya,KEN,Africa,pregnant,2011,113.0
Uzbekistan,UZB,Europe,pregnant,2010,113.0
Bosnia and Herzegovina,BIH,Europe,pregnant,2015,117.0
Paraguay,PRY,Americas,pregnant,2008,118.0
Qatar,QAT,Eastern Mediterranean,pregnant,2013,117.0
El Salvador,SLV,Americas,pregnant,2012,122.0
Uruguay,URY,Americas,pregnant,2014,118.0
Somalia,SOM,Eastern Mediterranean,pregnant,2001,108.0
Maldives,MDV,South-East Asia,pregnant,2007,110.0
Croatia,HRV,Europe,pregnant,2013,119.0
Republic of Korea,KOR,Western Pacific,pregnant,2019,120.0
Seychelles,SYC,Africa,pregnant,2000,117.0
Zambia,ZMB,Africa,pregnant,2019,114.0
Egypt,EGY,Eastern Mediterranean,pregnant,2000,116.0
Republic of Korea,KOR,Western Pacific,pregnant,2005,118.0
Nigeria,NGA,Africa,pregnant,2012,106.0
Comoros,COM,Africa,pregnant,2000,112.0
Naoero,NRU,Western Pacific,pregnant,2002,114.0
Panama,PAN,Americas,pregnant,2005,118.0
Romania,ROU,Europe,pregnant,2000,117.0
Eswatini,SWZ,Africa,pregnant,2003,116.0
Iraq,IRQ,Eastern Mediterranean,pregnant,2001,112.0
Cuba,CUB,Americas,pregnant,2015,119.0
Angola,AGO,Africa,pregnant,2008,109.0
Belize,BLZ,Americas,pregnant,2018,120.0
Slovakia,SVK,Europe,pregnant,2018,118.0
Belarus,BLR,Europe,pregnant,2003,118.0
Chile,CHL,Americas,pregnant,2002,120.0
Germany,DEU,Europe,pregnant,2015,120.0
Bahamas,BHS,Americas,pregnant,2003,122.0
United Republic of Tanzania,TZA,Africa,pregnant,2003,107.0
Algeria,DZA,Africa,pregnant,2007,115.0
Togo,TGO,Africa,pregnant,2018,108.0
Comoros,COM,Africa,pregnant,2001,112.0
Guinea,GIN,Africa,pregnant,2016,107.0
Libya,LBY,Eastern Mediterranean,pregnant,2000,116.0
Czechia,CZE,Europe,pregnant,2017,119.0
Armenia,ARM,Europe,pregnant,2002,119.0
Switzerland,CHE,Europe,pregnant,2002,121.0
Azerbaijan,AZE,Europe,pregnant,2016,114.0
Sri Lanka,LKA,South-East Asia,pregnant,2011,115.0
Finland,FIN,Europe,pregnant,2013,121.0
Honduras,HND,Americas,pregnant,2012,120.0
Cote d'Ivoire,CIV,Africa,pregnant,2010,106.0
Syrian Arab Republic,SYR,Eastern Mediterranean,pregnant,2019,115.0
Singapore,SGP,Western Pacific,pregnant,2001,120.0
Solomon Islands,SLB,Western Pacific,pregnant,2008,109.0
United States of America,USA,Americas,pregnant,2014,123.0
Saint Vincent and the Grenadines,VCT,Americas,pregnant,2012,121.0
Nicaragua,NIC,Americas,pregnant,2007,119.0
Estonia,EST,Europe,pregnant,2015,119.0
Canada,CAN,Americas,pregnant,2006,121.0
Italy,ITA,Europe,pregnant,2001,120.0
Kazakhstan,KAZ,Europe,pregnant,2005,115.0
Micronesia (Federated States of),FSM,Western Pacific,pregnant,2007,115.0
Syrian Arab Republic,SYR,Eastern Mediterranean,pregnant,2018,115.0
Argentina,ARG,Americas,pregnant,2000,118.0
Angola,AGO,Africa,pregnant,2003,108.0
Micronesia (Federated States of),FSM,Western Pacific,pregnant,2011,116.0
Israel,ISR,Europe,pregnant,2005,120.0
Russian Federation,RUS,Europe,pregnant,2001,118.0
North Macedonia,MKD,Europe,pregnant,2002,118.0
United States of America,USA,Americas,pregnant,2008,124.0
Bahrain,BHR,Eastern Mediterranean,pregnant,2011,115.0
Congo,COG,Africa,pregnant,2018,109.0
Cuba,CUB,Americas,pregnant,2000,117.0
Sweden,SWE,Europe,pregnant,2002,120.0
Barbados,BRB,Americas,pregnant,2008,121.0
North Macedonia,MKD,Europe,pregnant,2005,118.0
Serbia,SRB,Europe,pregnant,2015,118.0
Serbia,SRB,Europe,pregnant,2018,118.0
Lithuania,LTU,Europe,pregnant,2017,120.0
Finland,FIN,Europe,pregnant,2019,120.0
Saint Lucia,LCA,Americas,pregnant,2013,122.0
Malawi,MWI,Africa,pregnant,2003,112.0
Chad,TCD,Africa,pregnant,2001,107.0
Japan,JPN,Western Pacific,pregnant,2009,116.0
Liberia,LBR,Africa,pregnant,2002,107.0
Venezuela (Bolivarian Republic of),VEN,Americas,pregnant,2012,119.0
Denmark,DNK,Europe,pregnant,2014,120.0
North Macedonia,MKD,Europe,pregnant,2015,118.0
Togo,TGO,Africa,pregnant,2012,107.0
Somalia,SOM,Eastern Mediterranean,pregnant,2015,109.0
Burkina Faso,BFA,Africa,pregnant,2010,106.0
Luxembourg,LUX,Europe,pregnant,2019,121.0
Cyprus,CYP,Europe,pregnant,2015,119.0
South Sudan,SSD,Africa,pregnant,2001,112.0
Guinea-Bissau,GNB,Africa,pregnant,2019,108.0
Mexico,MEX,Americas,pregnant,2000,118.0
Iraq,IRQ,Eastern Mediterranean,pregnant,2007,114.0
Brazil,BRA,Americas,pregnant,2015,121.0
Botswana,BWA,Africa,pregnant,2002,116.0
Iceland,ISL,Europe,pregnant,2009,121.0
Zimbabwe,ZWE,Africa,pregnant,2004,116.0
Andorra,AND,Europe,pregnant,2012,120.0
Guinea-Bissau,GNB,Africa,pregnant,2008,107.0
Senegal,SEN,Africa,pregnant,2012,106.0
Togo,TGO,Africa,pregnant,2009,107.0
Democratic Republic of the Congo,COD,Africa,pregnant,2006,107.0
Samoa,WSM,Western Pacific,pregnant,2000,114.0
Mongolia,MNG,Western Pacific,pregnant,2001,117.0
South Sudan,SSD,Africa,pregnant,2018,113.0
Netherlands (Kingdom of the),NLD,Europe,pregnant,2007,120.0
Serbia,SRB,Europe,pregnant,2000,118.0
Sao Tome and Principe,STP,Africa,pregnant,2007,108.0
Bhutan,BTN,South-East Asia,pregnant,2016,113.0
New Zealand,NZL,Western Pacific,pregnant,2001,121.0
Dominica,DMA,Americas,pregnant,2011,119.0
Israel,ISR,Europe,pregnant,2001,119.0
Serbia,SRB,Europe,pregnant,2011,118.0
Saint Lucia,LCA,Americas,pregnant,2010,122.0
Democratic People's Republic of Korea,PRK,South-East Asia,pregnant,2014,114.0
"occupied Palestinian territory, including east Jerusalem",PSE,Eastern Mediterranean,pregnant,2017,115.0
Guatemala,GTM,Americas,pregnant,2002,119.0
Somalia,SOM,Eastern Mediterranean,pregnant,2009,109.0
Angola,AGO,Africa,pregnant,2017,110.0
Russian Federation,RUS,Europe,pregnant,2008,119.0
Gabon,GAB,Africa,pregnant,2008,106.0
Kiribati,KIR,Western Pacific,pregnant,2006,113.0
Eswatini,SWZ,Africa,pregnant,2010,116.0
Solomon Islands,SLB,Western Pacific,pregnant,2004,109.0
China,CHN,Western Pacific,pregnant,2005,121.0
South Sudan,SSD,Africa,pregnant,2017,113.0
Vanuatu,VUT,Western Pacific,pregnant,2004,114.0
Brunei Darussalam,BRN,Western Pacific,pregnant,2004,117.0
Serbia,SRB,Europe,pregnant,2008,118.0
Netherlands (Kingdom of the),NLD,Europe,pregnant,2003,120.0
Kuwait,KWT,Eastern Mediterranean,pregnant,2015,119.0
Mauritania,MRT,Africa,pregnant,2002,108.0
Switzerland,CHE,Europe,pregnant,2000,121.0
Sri Lanka,LKA,South-East Asia,pregnant,2013,115.0
India,IND,South-East Asia,pregnant,2011,108.0
Cameroon,CMR,Africa,pregnant,2009,110.0
Jamaica,JAM,Americas,pregnant,2002,118.0
Kiribati,KIR,Western Pacific,pregnant,2012,112.0
Grenada,GRD,Americas,pregnant,2001,118.0
Iran (Islamic Republic of),IRN,Eastern Mediterranean,pregnant,2016,118.0
Bahamas,BHS,Americas,pregnant,2001,122.0
Libya,LBY,Eastern Mediterranean,pregnant,2015,117.0
Kuwait,KWT,Eastern Mediterranean,pregnant,2008,120.0
Uzbekistan,UZB,Europe,pregnant,2008,113.0
Samoa,WSM,Western Pacific,pregnant,2018,114.0
Guinea,GIN,Africa,pregnant,2004,105.0
Eswatini,SWZ,Africa,pregnant,2019,116.0
Peru,PER,Americas,pregnant,2002,116.0
Nigeria,NGA,Africa,pregnant,2000,105.0
Benin,BEN,Africa,pregnant,2002,104.0
El Salvador,SLV,Americas,pregnant,2018,121.0
Greece,GRC,Europe,pregnant,2013,119.0
"occupied Palestinian territory, including east Jerusalem",PSE,Eastern Mediterranean,pregnant,2013,115.0
Seychelles,SYC,Africa,pregnant,2009,118.0
Bahamas,BHS,Americas,pregnant,2010,123.0
Namibia,NAM,Africa,pregnant,2002,117.0
Niger,NER,Africa,pregnant,2013,107.0
Yemen,YEM,Eastern Mediterranean,pregnant,2018,105.0
Pakistan,PAK,Eastern Mediterranean,pregnant,2001,109.0
Lao People's Democratic Republic,LAO,Western Pacific,pregnant,2004,109.0
Singapore,SGP,Western Pacific,pregnant,2019,120.0
Azerbaijan,AZE,Europe,pregnant,2006,114.0
Guinea-Bissau,GNB,Africa,pregnant,2002,106.0
Malaysia,MYS,Western Pacific,pregnant,2009,115.0
Guinea-Bissau,GNB,Africa,pregnant,2006,107.0
Chile,CHL,Americas,pregnant,2013,121.0
Antigua and Barbuda,ATG,Americas,pregnant,2010,121.0
Bolivia (Plurinational State of),BOL,Americas,pregnant,2000,115.0
Egypt,EGY,Eastern Mediterranean,pregnant,2018,117.0
Senegal,SEN,Africa,pregnant,2005,105.0
Grenada,GRD,Americas,pregnant,2019,119.0
Andorra,AND,Europe,pregnant,2003,120.0
Togo,TGO,Africa,pregnant,2011,107.0
Saudi Arabia,SAU,Eastern Mediterranean,pregnant,2017,117.0
Norway,NOR,Europe,pregnant,2001,120.0
Indonesia,IDN,Western Pacific,pregnant,2019,111.0
Cuba,CUB,Americas,pregnant,2003,117.0
Antigua and Barbuda,ATG,Americas,pregnant,2000,120.0
Suriname,SUR,Americas,pregnant,2010,119.0
Sierra Leone,SLE,Africa,pregnant,2005,107.0
Liberia,LBR,Africa,pregnant,2010,109.0
Angola,AGO,Africa,pregnant,2009,109.0
Burundi,BDI,Africa,pregnant,2008,113.0
Thailand,THA,South-East Asia,pregnant,2008,116.0
Palau,PLW,Western Pacific,pregnant,2012,115.0
Ukraine,UKR,Europe,pregnant,2004,119.0
South Africa,ZAF,Africa,pregnant,2014,118.0
Slovakia,SVK,Europe,pregnant,2004,118.0
Brunei Darussalam,BRN,Western Pacific,pregnant,2015,118.0
Comoros,COM,Africa,pregnant,2019,114.0
Eritrea,ERI,Africa,pregnant,2016,113.0
Saint Lucia,LCA,Americas,pregnant,2003,121.0
Zambia,ZMB,Africa,pregnant,2003,112.0
Nigeria,NGA,Africa,pregnant,2005,105.0
Niue,NIU,Western Pacific,pregnant,2006,116.0
Italy,ITA,Europe,pregnant,2012,120.0
Albania,ALB,Europe,pregnant,2015,119.0
Burundi,BDI,Africa,pregnant,2018,112.0
Albania,ALB,Europe,pregnant,2010,119.0
Somalia,SOM,Eastern Mediterranean,pregnant,2013,109.0
Romania,ROU,Europe,pregnant,2013,118.0
Gambia,GMB,Africa,pregnant,2012,105.0
Gambia,GMB,Africa,pregnant,2001,104.0
Portugal,PRT,Europe,pregnant,2009,119.0
Mauritania,MRT,Africa,pregnant,2018,110.0
Bahrain,BHR,Eastern Mediterranean,pregnant,2006,114.0
Brunei Darussalam,BRN,Western Pacific,pregnant,2000,116.0
Singapore,SGP,Western Pacific,pregnant,2018,120.0
Solomon Islands,SLB,Western Pacific,pregnant,2001,109.0
Turkmenistan,TKM,Europe,pregnant,2013,117.0
Indonesia,IDN,Western Pacific,pregnant,2016,112.0
El Salvador,SLV,Americas,pregnant,2010,122.0
Iran (Islamic Republic of),IRN,Eastern Mediterranean,pregnant,2014,118.0
Guinea-Bissau,GNB,Africa,pregnant,2012,107.0
Bosnia and Herzegovina,BIH,Europe,pregnant,2000,116.0
Comoros,COM,Africa,pregnant,2016,114.0
Spain,ESP,Europe,pregnant,2003,120.0
Albania,ALB,Europe,pregnant,2019,118.0
Finland,FIN,Europe,pregnant,2001,121.0
Saint Vincent and the Grenadines,VCT,Americas,pregnant,2007,120.0
Spain,ESP,Europe,pregnant,2002,120.0
United Kingdom of Great Britain and Northern Ireland,GBR,Europe,pregnant,2012,121.0
Albania,ALB,Europe,pregnant,2008,119.0
Chad,TCD,Africa,pregnant,2003,107.0
Japan,JPN,Western Pacific,pregnant,2003,116.0
Samoa,WSM,Western Pacific,pregnant,2010,114.0
Portugal,PRT,Europe,pregnant,2002,119.0
New Zealand,NZL,Western Pacific,pregnant,2015,121.0
Senegal,SEN,Africa,pregnant,2003,105.0
Qatar,QAT,Eastern Mediterranean,pregnant,2018,117.0
Nicaragua,NIC,Americas,pregnant,2013,119.0
Cyprus,CYP,Europe,pregnant,2002,119.0
Ukraine,UKR,Europe,pregnant,2000,119.0
Vanuatu,VUT,Western Pacific,pregnant,2000,113.0
Nicaragua,NIC,Americas,pregnant,2017,119.0
Ecuador,ECU,Americas,pregnant,2009,119.0
Tajikistan,TJK,Europe,pregnant,2017,113.0
Philippines,PHL,Western Pacific,pregnant,2000,111.0
Namibia,NAM,Africa,pregnant,2016,117.0
Timor-Leste,TLS,South-East Asia,pregnant,2005,116.0
Cuba,CUB,Americas,pregnant,2013,119.0
Djibouti,DJI,Eastern Mediterranean,pregnant,2003,113.0
United Republic of Tanzania,TZA,Africa,pregnant,2018,109.0
Saint Lucia,LCA,Americas,pregnant,2016,122.0
Peru,PER,Americas,pregnant,2012,117.0
Burkina Faso,BFA,Africa,pregnant,2002,105.0
Grenada,GRD,Americas,pregnant,2011,120.0
Monaco,MCO,Europe,pregnant,2000,120.0
Guinea,GIN,Africa,pregnant,2017,107.0
United States of America,USA,Americas,pregnant,2000,124.0
Syrian Arab Republic,SYR,Eastern Mediterranean,pregnant,2000,114.0
Hungary,HUN,Europe,pregnant,2005,119.0
Saint Kitts and Nevis,KNA,Americas,pregnant,2007,121.0
Zimbabwe,ZWE,Africa,pregnant,2005,116.0
Philippines,PHL,Western Pacific,pregnant,2019,117.0
El Salvador,SLV,Americas,pregnant,2003,122.0
Italy,ITA,Europe,pregnant,2018,119.0
Costa Rica,CRI,Americas,pregnant,2007,121.0
Dominican Republic,DOM,Americas,pregnant,2010,117.0
Sudan,SDN,Eastern Mediterranean,pregnant,2007,113.0
Tunisia,TUN,Eastern Mediterranean,pregnant,2006,115.0
New Zealand,NZL,Western Pacific,pregnant,2013,121.0
Tonga,TON,Western Pacific,pregnant,2014,115.0
Senegal,SEN,Africa,pregnant,2016,106.0
Ghana,GHA,Africa,pregnant,2000,107.0
Iraq,IRQ,Eastern Mediterranean,pregnant,2004,113.0
Senegal,SEN,Africa,pregnant,2019,107.0
Canada,CAN,Americas,pregnant,2012,121.0
Guinea,GIN,Africa,pregnant,2010,106.0
Cyprus,CYP,Europe,pregnant,2008,120.0
Saint Kitts and Nevis,KNA,Americas,pregnant,2003,121.0
Monaco,MCO,Europe,pregnant,2002,120.0
Norway,NOR,Europe,pregnant,2014,120.0
Latvia,LVA,Europe,pregnant,2013,119.0
Micronesia (Federated States of),FSM,Western Pacific,pregnant,2000,115.0
Senegal,SEN,Africa,pregnant,2017,106.0
Equatorial Guinea,GNQ,Africa,pregnant,2004,107.0
Mozambique,MOZ,Africa,pregnant,2006,108.0
Brunei Darussalam,BRN,Western Pacific,pregnant,2010,118.0
Cameroon,CMR,Africa,pregnant,2013,110.0
Norway,NOR,Europe,pregnant,2010,120.0
Liberia,LBR,Africa,pregnant,2014,109.0
Honduras,HND,Americas,pregnant,2018,119.0
Palau,PLW,Western Pacific,pregnant,2002,115.0
Micronesia (Federated States of),FSM,Western Pacific,pregnant,2016,115.0
Solomon Islands,SLB,Western Pacific,pregnant,2019,110.0
Panama,PAN,Americas,pregnant,2004,118.0
Mauritania,MRT,Africa,pregnant,2006,108.0
Madagascar,MDG,Africa,pregnant,2008,113.0
Lesotho,LSO,Africa,pregnant,2006,116.0
Samoa,WSM,Western Pacific,pregnant,2001,114.0
Nigeria,NGA,Africa,pregnant,2009,106.0
Solomon Islands,SLB,Western Pacific,pregnant,2006,109.0
Ireland,IRL,Europe,pregnant,2011,120.0
China,CHN,Western Pacific,pregnant,2015,123.0
Syrian Arab Republic,SYR,Eastern Mediterranean,pregnant,2007,115.0
Guatemala,GTM,Americas,pregnant,2005,120.0
Burkina Faso,BFA,Africa,pregnant,2015,106.0
Suriname,SUR,Americas,pregnant,2003,117.0
Germany,DEU,Europe,pregnant,2018,120.0
Vanuatu,VUT,Western Pacific,pregnant,2010,116.0
United Kingdom of Great Britain and Northern Ireland,GBR,Europe,pregnant,2018,120.0
Belize,BLZ,Americas,pregnant,2002,118.0
Singapore,SGP,Western Pacific,pregnant,2008,120.0
Nicaragua,NIC,Americas,pregnant,2016,119.0
Eritrea,ERI,Africa,pregnant,2013,113.0
Albania,ALB,Europe,pregnant,2006,118.0
Cyprus,CYP,Europe,pregnant,2005,120.0
Switzerland,CHE,Europe,pregnant,2013,121.0
United States of America,USA,Americas,pregnant,2005,124.0
Somalia,SOM,Eastern Mediterranean,pregnant,2011,109.0
Uruguay,URY,Americas,pregnant,2008,118.0
Barbados,BRB,Americas,pregnant,2002,120.0
Malaysia,MYS,Western Pacific,pregnant,2014,115.0
Seychelles,SYC,Africa,pregnant,2017,118.0
Niue,NIU,Western Pacific,pregnant,2009,116.0
Bhutan,BTN,South-East Asia,pregnant,2003,111.0
Guinea,GIN,Africa,pregnant,2015,107.0
Indonesia,IDN,Western Pacific,pregnant,2011,113.0
Poland,POL,Europe,pregnant,2017,120.0
Zimbabwe,ZWE,Africa,pregnant,2006,116.0
Hungary,HUN,Europe,pregnant,2009,119.0
Uzbekistan,UZB,Europe,pregnant,2014,114.0
Qatar,QAT,Eastern Mediterranean,pregnant,2015,117.0
Lao People's Democratic Republic,LAO,Western Pacific,pregnant,2010,110.0
"occupied Palestinian territory, including east Jerusalem",PSE,Eastern Mediterranean,pregnant,2011,115.0
Andorra,AND,Europe,pregnant,2014,120.0
Mongolia,MNG,Western Pacific,pregnant,2010,117.0
Solomon Islands,SLB,Western Pacific,pregnant,2010,109.0
Algeria,DZA,Africa,pregnant,2010,115.0
Bhutan,BTN,South-East Asia,pregnant,2018,113.0
Lithuania,LTU,Europe,pregnant,2002,118.0
Slovenia,SVN,Europe,pregnant,2004,119.0
Guinea-Bissau,GNB,Africa,pregnant,2014,108.0
Ghana,GHA,Africa,pregnant,2012,108.0
Cameroon,CMR,Africa,pregnant,2016,111.0
Lebanon,LBN,Eastern Mediterranean,pregnant,2002,117.0
Georgia,GEO,Europe,pregnant,2015,117.0
Bahamas,BHS,Americas,pregnant,2007,123.0
Uruguay,URY,Americas,pregnant,2011,118.0
Lao People's Democratic Republic,LAO,Western Pacific,pregnant,2019,110.0
El Salvador,SLV,Americas,pregnant,2011,122.0
Solomon Islands,SLB,Western Pacific,pregnant,2012,109.0
Australia,AUS,Western Pacific,pregnant,2005,121.0
Brazil,BRA,Americas,pregnant,2007,119.0
Russian Federation,RUS,Europe,pregnant,2015,119.0
Serbia,SRB,Europe,pregnant,2006,118.0
Hungary,HUN,Europe,pregnant,2013,119.0
Maldives,MDV,South-East Asia,pregnant,2018,110.0
El Salvador,SLV,Americas,pregnant,2014,122.0
Panama,PAN,Americas,pregnant,2000,117.0
Nepal,NPL,South-East Asia,pregnant,2008,111.0
Egypt,EGY,Eastern Mediterranean,pregnant,2007,116.0
Belize,BLZ,Americas,pregnant,2007,119.0
Comoros,COM,Africa,pregnant,2017,114.0
Paraguay,PRY,Americas,pregnant,2019,118.0
Guinea-Bissau,GNB,Africa,pregnant,2013,108.0
Bahrain,BHR,Eastern Mediterranean,pregnant,2017,115.0
Somalia,SOM,Eastern Mediterranean,pregnant,2017,109.0
Equatorial Guinea,GNQ,Africa,pregnant,2018,110.0
Timor-Leste,TLS,South-East Asia,pregnant,2001,115.0
Sierra Leone,SLE,Africa,pregnant,2010,107.0
Denmark,DNK,Europe,pregnant,2001,120.0
Kyrgyzstan,KGZ,Europe,pregnant,2016,114.0
Papua New Guinea,PNG,Western Pacific,pregnant,2019,112.0
Russian Federation,RUS,Europe,pregnant,2019,119.0
Paraguay,PRY,Americas,pregnant,2010,118.0
Switzerland,CHE,Europe,pregnant,2006,121.0
Kazakhstan,KAZ,Europe,pregnant,2018,116.0
Armenia,ARM,Europe,pregnant,2016,121.0
Benin,BEN,Africa,pregnant,2011,105.0
Latvia,LVA,Europe,pregnant,2014,119.0
Seychelles,SYC,Africa,pregnant,2013,118.0
Bolivia (Plurinational State of),BOL,Americas,pregnant,2010,115.0
Djibouti,DJI,Eastern Mediterranean,pregnant,2009,114.0
Djibouti,DJI,Eastern Mediterranean,pregnant,2006,114.0
Sweden,SWE,Europe,pregnant,2012,120.0
New Zealand,NZL,Western Pacific,pregnant,2008,121.0
Costa Rica,CRI,Americas,pregnant,2003,121.0
Sierra Leone,SLE,Africa,pregnant,2019,107.0
Australia,AUS,Western Pacific,pregnant,2018,121.0
Belize,BLZ,Americas,pregnant,2005,119.0
Spain,ESP,Europe,pregnant,2017,119.0
Niger,NER,Africa,pregnant,2008,106.0
Dominica,DMA,Americas,pregnant,2012,119.0
Maldives,MDV,South-East Asia,pregnant,2002,109.0
Bulgaria,BGR,Europe,pregnant,2001,117.0
Iran (Islamic Republic of),IRN,Eastern Mediterranean,pregnant,2010,118.0
Cabo Verde,CPV,Africa,pregnant,2006,112.0
Bosnia and Herzegovina,BIH,Europe,pregnant,2019,117.0
Rwanda,RWA,Africa,pregnant,2016,120.0
Sweden,SWE,Europe,pregnant,2010,120.0
Egypt,EGY,Eastern Mediterranean,pregnant,2005,116.0
Burkina Faso,BFA,Africa,pregnant,2018,107.0
Poland,POL,Europe,pregnant,2012,120.0
Cabo Verde,CPV,Africa,pregnant,2003,111.0
Bhutan,BTN,South-East Asia,pregnant,2012,112.0
Libya,LBY,Eastern Mediterranean,pregnant,2009,117.0
Seychelles,SYC,Africa,pregnant,2005,117.0
Viet Nam,VNM,Western Pacific,pregnant,2003,114.0
Benin,BEN,Africa,pregnant,2014,105.0
Suriname,SUR,Americas,pregnant,2012,119.0
Kuwait,KWT,Eastern Mediterranean,pregnant,2013,119.0
Slovenia,SVN,Europe,pregnant,2019,119.0
Slovenia,SVN,Europe,pregnant,2011,119.0
Denmark,DNK,Europe,pregnant,2004,120.0
Tajikistan,TJK,Europe,pregnant,2005,113.0
Rwanda,RWA,Africa,pregnant,2017,119.0
Spain,ESP,Europe,pregnant,2007,120.0
Libya,LBY,Eastern Mediterranean,pregnant,2003,116.0
Nicaragua,NIC,Americas,pregnant,2012,120.0
Libya,LBY,Eastern Mediterranean,pregnant,2014,117.0
Ireland,IRL,Europe,pregnant,2007,120.0
Republic of Korea,KOR,Western Pacific,pregnant,2001,118.0
Gabon,GAB,Africa,pregnant,2013,107.0
Viet Nam,VNM,Western Pacific,pregnant,2012,117.0
Romania,ROU,Europe,pregnant,2004,118.0
Greece,GRC,Europe,pregnant,2015,119.0
Syrian Arab Republic,SYR,Eastern Mediterranean,pregnant,2004,114.0
Tunisia,TUN,Eastern Mediterranean,pregnant,2011,116.0
Mauritania,MRT,Africa,pregnant,2017,109.0
India,IND,South-East Asia,pregnant,2002,107.0
Syrian Arab Republic,SYR,Eastern Mediterranean,pregnant,2008,115.0
Saint Vincent and the Grenadines,VCT,Americas,pregnant,2005,119.0
Guatemala,GTM,Americas,pregnant,2017,124.0
Guinea-Bissau,GNB,Africa,pregnant,2007,107.0
Andorra,AND,Europe,pregnant,2016,120.0
Jordan,JOR,Eastern Mediterranean,pregnant,2003,116.0
Italy,ITA,Europe,pregnant,2011,120.0
Cabo Verde,CPV,Africa,pregnant,2005,112.0
Democratic Republic of the Congo,COD,Africa,pregnant,2018,110.0
Bolivia (Plurinational State of),BOL,Americas,pregnant,2011,115.0
Democratic People's Republic of Korea,PRK,South-East Asia,pregnant,2013,114.0
"occupied Palestinian territory, including east Jerusalem",PSE,Eastern Mediterranean,pregnant,2005,114.0
Suriname,SUR,Americas,pregnant,2004,118.0
Uganda,UGA,Africa,pregnant,2005,112.0
Algeria,DZA,Africa,pregnant,2018,115.0
Lesotho,LSO,Africa,pregnant,2010,116.0
Djibouti,DJI,Eastern Mediterranean,pregnant,2014,114.0
Madagascar,MDG,Africa,pregnant,2002,112.0
Guatemala,GTM,Americas,pregnant,2019,124.0
Denmark,DNK,Europe,pregnant,2000,120.0
Portugal,PRT,Europe,pregnant,2011,119.0
Grenada,GRD,Americas,pregnant,2013,120.0
Colombia,COL,Americas,pregnant,2005,117.0
Kenya,KEN,Africa,pregnant,2013,113.0
Brunei Darussalam,BRN,Western Pacific,pregnant,2016,118.0
Uzbekistan,UZB,Europe,pregnant,2011,114.0
Bangladesh,BGD,South-East Asia,pregnant,2000,110.0
Liberia,LBR,Africa,pregnant,2011,109.0
Turkmenistan,TKM,Europe,pregnant,2011,117.0
Australia,AUS,Western Pacific,pregnant,2006,121.0
United Republic of Tanzania,TZA,Africa,pregnant,2016,109.0
North Macedonia,MKD,Europe,pregnant,2019,118.0
Singapore,SGP,Western Pacific,pregnant,2016,120.0
Naoero,NRU,Western Pacific,pregnant,2004,114.0
Cote d'Ivoire,CIV,Africa,pregnant,2003,106.0
Dominica,DMA,Americas,pregnant,2019,119.0
Norway,NOR,Europe,pregnant,2004,120.0
Panama,PAN,Americas,pregnant,2001,118.0
Slovakia,SVK,Europe,pregnant,2001,118.0
Equatorial Guinea,GNQ,Africa,pregnant,2008,108.0
Djibouti,DJI,Eastern Mediterranean,pregnant,2011,114.0
Namibia,NAM,Africa,pregnant,2008,118.0
Pakistan,PAK,Eastern Mediterranean,pregnant,2008,110.0
Iceland,ISL,Europe,pregnant,2008,121.0
Bosnia and Herzegovina,BIH,Europe,pregnant,2001,116.0
Belarus,BLR,Europe,pregnant,2014,119.0
Türkiye,TUR,Europe,pregnant,2019,116.0
Bhutan,BTN,South-East Asia,pregnant,2001,110.0
Andorra,AND,Europe,pregnant,2006,120.0
Micronesia (Federated States of),FSM,Western Pacific,pregnant,2013,116.0
Eritrea,ERI,Africa,pregnant,2015,113.0
Australia,AUS,Western Pacific,pregnant,2019,121.0
Iraq,IRQ,Eastern Mediterranean,pregnant,2012,115.0
Dominican Republic,DOM,Americas,pregnant,2012,117.0
Niue,NIU,Western Pacific,pregnant,2005,116.0
Singapore,SGP,Western Pacific,pregnant,2000,119.0
Dominica,DMA,Americas,pregnant,2001,117.0
Comoros,COM,Africa,pregnant,2005,113.0
Canada,CAN,Americas,pregnant,2009,121.0
Estonia,EST,Europe,pregnant,2001,118.0
Papua New Guinea,PNG,Western Pacific,pregnant,2000,111.0
Maldives,MDV,South-East Asia,pregnant,2015,110.0
Cyprus,CYP,Europe,pregnant,2007,120.0
Mexico,MEX,Americas,pregnant,2003,119.0
Norway,NOR,Europe,pregnant,2007,120.0
China,CHN,Western Pacific,pregnant,2011,123.0
Qatar,QAT,Eastern Mediterranean,pregnant,2004,117.0
Zambia,ZMB,Africa,pregnant,2015,114.0
Austria,AUT,Europe,pregnant,2008,120.0
Antigua and Barbuda,ATG,Americas,pregnant,2017,121.0
United Republic of Tanzania,TZA,Africa,pregnant,2010,108.0
Canada,CAN,Americas,pregnant,2017,120.0
Tajikistan,TJK,Europe,pregnant,2000,112.0
Qatar,QAT,Eastern Mediterranean,pregnant,2001,116.0
Viet Nam,VNM,Western Pacific,pregnant,2015,117.0
Poland,POL,Europe,pregnant,2000,119.0
Benin,BEN,Africa,pregnant,2000,104.0
Ghana,GHA,Africa,pregnant,2013,109.0
Guinea,GIN,Africa,pregnant,2005,105.0
Trinidad and Tobago,TTO,Americas,pregnant,2011,121.0
Micronesia (Federated States of),FSM,Western Pacific,pregnant,2017,115.0
Malawi,MWI,Africa,pregnant,2002,112.0
Eswatini,SWZ,Africa,pregnant,2005,116.0
Burkina Faso,BFA,Africa,pregnant,2006,106.0
Slovakia,SVK,Europe,pregnant,2009,118.0
United Kingdom of Great Britain and Northern Ireland,GBR,Europe,pregnant,2002,121.0
Bahrain,BHR,Eastern Mediterranean,pregnant,2007,114.0
Ukraine,UKR,Europe,pregnant,2012,120.0
Equatorial Guinea,GNQ,Africa,pregnant,2016,110.0
Syrian Arab Republic,SYR,Eastern Mediterranean,pregnant,2002,114.0
Fiji,FJI,Western Pacific,pregnant,2019,113.0
Andorra,AND,Europe,pregnant,2000,120.0
Lesotho,LSO,Africa,pregnant,2003,115.0
Sweden,SWE,Europe,pregnant,2018,119.0
United States of America,USA,Americas,pregnant,2013,123.0
Azerbaijan,AZE,Europe,pregnant,2005,113.0
Bahamas,BHS,Americas,pregnant,2012,123.0
New Zealand,NZL,Western Pacific,pregnant,2002,121.0
Senegal,SEN,Africa,pregnant,2014,106.0
Bulgaria,BGR,Europe,pregnant,2019,118.0
Angola,AGO,Africa,pregnant,2018,110.0
Croatia,HRV,Europe,pregnant,2011,119.0
Norway,NOR,Europe,pregnant,2002,120.0
Azerbaijan,AZE,Europe,pregnant,2003,113.0
Micronesia (Federated States of),FSM,Western Pacific,pregnant,2005,115.0
Iraq,IRQ,Eastern Mediterranean,pregnant,2015,115.0
France,FRA,Europe,pregnant,2003,121.0
Naoero,NRU,Western Pacific,pregnant,2018,115.0
Suriname,SUR,Americas,pregnant,2006,118.0
El Salvador,SLV,Americas,pregnant,2005,122.0
Tonga,TON,Western Pacific,pregnant,2016,115.0
Republic of Moldova,MDA,Europe,pregnant,2001,115.0
Sierra Leone,SLE,Africa,pregnant,2007,107.0
Trinidad and Tobago,TTO,Americas,pregnant,2012,121.0
Uganda,UGA,Africa,pregnant,2006,112.0
Solomon Islands,SLB,Western Pacific,pregnant,2016,109.0
China,CHN,Western Pacific,pregnant,2007,122.0
Australia,AUS,Western Pacific,pregnant,2014,121.0
Fiji,FJI,Western Pacific,pregnant,2017,112.0
Ethiopia,ETH,Africa,pregnant,2010,118.0
Burundi,BDI,Africa,pregnant,2017,112.0
Democratic People's Republic of Korea,PRK,South-East Asia,pregnant,2000,113.0
Turkmenistan,TKM,Europe,pregnant,2005,116.0
India,IND,South-East Asia,pregnant,2000,107.0
Republic of Korea,KOR,Western Pacific,pregnant,2004,118.0
Bulgaria,BGR,Europe,pregnant,2015,118.0
Namibia,NAM,Africa,pregnant,2004,117.0
Bhutan,BTN,South-East Asia,pregnant,2010,112.0
Thailand,THA,South-East Asia,pregnant,2015,116.0
Costa Rica,CRI,Americas,pregnant,2016,121.0
Djibouti,DJI,Eastern Mediterranean,pregnant,2017,114.0
Lesotho,LSO,Africa,pregnant,2015,116.0
Burundi,BDI,Africa,pregnant,2007,113.0
United Arab Emirates,ARE,Eastern Mediterranean,pregnant,2018,118.0
Brazil,BRA,Americas,pregnant,2002,119.0
Bahrain,BHR,Eastern Mediterranean,pregnant,2004,114.0
Austria,AUT,Europe,pregnant,2005,120.0
Libya,LBY,Eastern Mediterranean,pregnant,2017,116.0
Mexico,MEX,Americas,pregnant,2017,121.0
Bangladesh,BGD,South-East Asia,pregnant,2013,112.0
China,CHN,Western Pacific,pregnant,2009,122.0
Dominican Republic,DOM,Americas,pregnant,2009,116.0
Myanmar,MMR,South-East Asia,pregnant,2004,109.0
Antigua and Barbuda,ATG,Americas,pregnant,2015,121.0
Austria,AUT,Europe,pregnant,2009,120.0
Zimbabwe,ZWE,Africa,pregnant,2014,116.0
Qatar,QAT,Eastern Mediterranean,pregnant,2002,116.0
Poland,POL,Europe,pregnant,2003,119.0
Congo,COG,Africa,pregnant,2004,107.0
Yemen,YEM,Eastern Mediterranean,pregnant,2002,104.0
Sweden,SWE,Europe,pregnant,2004,120.0
Greece,GRC,Europe,pregnant,2008,119.0
Mexico,MEX,Americas,pregnant,2005,119.0
Denmark,DNK,Europe,pregnant,2006,120.0
France,FRA,Europe,pregnant,2014,121.0
Bulgaria,BGR,Europe,pregnant,2003,117.0
Peru,PER,Americas,pregnant,2005,116.0
Angola,AGO,Africa,pregnant,2012,109.0
Mali,MLI,Africa,pregnant,2007,104.0
Mauritius,MUS,Africa,pregnant,2011,118.0
Japan,JPN,Western Pacific,pregnant,2018,117.0
Belize,BLZ,Americas,pregnant,2000,118.0
Ghana,GHA,Africa,pregnant,2009,108.0
Kazakhstan,KAZ,Europe,pregnant,2006,115.0
Thailand,THA,South-East Asia,pregnant,2018,116.0
Indonesia,IDN,Western Pacific,pregnant,2017,112.0
Azerbaijan,AZE,Europe,pregnant,2010,114.0
Libya,LBY,Eastern Mediterranean,pregnant,2008,116.0
Venezuela (Bolivarian Republic of),VEN,Americas,pregnant,2006,118.0
Chile,CHL,Americas,pregnant,2006,120.0
Tonga,TON,Western Pacific,pregnant,2000,115.0
India,IND,South-East Asia,pregnant,2008,108.0
Seychelles,SYC,Africa,pregnant,2001,117.0
Kiribati,KIR,Western Pacific,pregnant,2011,112.0
Dominican Republic,DOM,Americas,pregnant,2014,117.0
Sierra Leone,SLE,Africa,pregnant,2012,107.0
Germany,DEU,Europe,pregnant,2016,120.0
Luxembourg,LUX,Europe,pregnant,2012,121.0
Mauritania,MRT,Africa,pregnant,2005,108.0
Democratic People's Republic of Korea,PRK,South-East Asia,pregnant,2017,113.0
Chad,TCD,Africa,pregnant,2000,107.0
Djibouti,DJI,Eastern Mediterranean,pregnant,2012,114.0
Cabo Verde,CPV,Africa,pregnant,2019,116.0
Iceland,ISL,Europe,pregnant,2017,121.0
Argentina,ARG,Americas,pregnant,2005,118.0
Cook Islands,COK,Western Pacific,pregnant,2000,116.0
Tuvalu,TUV,Western Pacific,pregnant,2012,116.0
Romania,ROU,Europe,pregnant,2017,118.0
Republic of Korea,KOR,Western Pacific,pregnant,2013,120.0
Colombia,COL,Americas,pregnant,2014,120.0
Italy,ITA,Europe,pregnant,2015,119.0
Lithuania,LTU,Europe,pregnant,2000,118.0
Belgium,BEL,Europe,pregnant,2007,120.0
Burkina Faso,BFA,Africa,pregnant,2008,106.0
Czechia,CZE,Europe,pregnant,2014,119.0
Luxembourg,LUX,Europe,pregnant,2009,122.0
Bangladesh,BGD,South-East Asia,pregnant,2002,110.0
Portugal,PRT,Europe,pregnant,2012,119.0
Spain,ESP,Europe,pregnant,2019,119.0
Myanmar,MMR,South-East Asia,pregnant,2017,110.0
Ecuador,ECU,Americas,reproductive_age,2013,129.0
United States of America,USA,Americas,reproductive_age,2015,132.0
Venezuela (Bolivarian Republic of),VEN,Americas,reproductive_age,2003,127.0
Chile,CHL,Americas,reproductive_age,2007,134.0
Bahrain,BHR,Eastern Mediterranean,reproductive_age,2018,123.0
Mozambique,MOZ,Africa,reproductive_age,2004,117.0
Fiji,FJI,Western Pacific,reproductive_age,2003,123.0
Benin,BEN,Africa,reproductive_age,2000,113.0
Guinea-Bissau,GNB,Africa,reproductive_age,2018,119.0
Libya,LBY,Eastern Mediterranean,reproductive_age,2008,125.0
Tunisia,TUN,Eastern Mediterranean,reproductive_age,2018,125.0
Andorra,AND,Europe,reproductive_age,2010,132.0
Tuvalu,TUV,Western Pacific,reproductive_age,2012,127.0
Belgium,BEL,Europe,reproductive_age,2015,131.0
Saint Kitts and Nevis,KNA,Americas,reproductive_age,2014,132.0
Honduras,HND,Americas,reproductive_age,2017,131.0
Viet Nam,VNM,Western Pacific,reproductive_age,2006,129.0
Egypt,EGY,Eastern Mediterranean,reproductive_age,2003,123.0
Belize,BLZ,Americas,reproductive_age,2016,129.0
Slovakia,SVK,Europe,reproductive_age,2002,128.0
Estonia,EST,Europe,reproductive_age,2015,128.0
Niger,NER,Africa,reproductive_age,2014,118.0
India,IND,South-East Asia,reproductive_age,2001,116.0
Türkiye,TUR,Europe,reproductive_age,2007,124.0
Luxembourg,LUX,Europe,reproductive_age,2017,132.0
Malawi,MWI,Africa,reproductive_age,2004,123.0
Pakistan,PAK,Eastern Mediterranean,reproductive_age,2008,120.0
Kiribati,KIR,Western Pacific,reproductive_age,2014,125.0
Montenegro,MNE,Europe,reproductive_age,2009,131.0
Congo,COG,Africa,reproductive_age,2014,118.0
Sudan,SDN,Eastern Mediterranean,reproductive_age,2005,121.0
Burkina Faso,BFA,Africa,reproductive_age,2005,115.0
Cambodia,KHM,Western Pacific,reproductive_age,2017,120.0
Switzerland,CHE,Europe,reproductive_age,2005,132.0
Switzerland,CHE,Europe,reproductive_age,2004,132.0
Netherlands (Kingdom of the),NLD,Europe,reproductive_age,2002,132.0
Lebanon,LBN,Eastern Mediterranean,reproductive_age,2011,127.0
Oman,OMN,Eastern Mediterranean,reproductive_age,2001,123.0
Cabo Verde,CPV,Africa,reproductive_age,2009,126.0
Nicaragua,NIC,Americas,reproductive_age,2009,131.0
Marshall Islands,MHL,Western Pacific,reproductive_age,2004,125.0
Suriname,SUR,Americas,reproductive_age,2009,129.0
Malta,MLT,Europe,reproductive_age,2009,131.0
Uruguay,URY,Americas,reproductive_age,2012,131.0
Suriname,SUR,Americas,reproductive_age,2001,127.0
Cote d'Ivoire,CIV,Africa,reproductive_age,2004,116.0
Bahrain,BHR,Eastern Mediterranean,reproductive_age,2016,123.0
Solomon Islands,SLB,Western Pacific,reproductive_age,2000,121.0
Saudi Arabia,SAU,Eastern Mediterranean,reproductive_age,2000,125.0
Barbados,BRB,Americas,reproductive_age,2009,131.0
Mauritius,MUS,Africa,reproductive_age,2007,131.0
Jamaica,JAM,Americas,reproductive_age,2016,130.0
United Arab Emirates,ARE,Eastern Mediterranean,reproductive_age,2012,127.0
Kuwait,KWT,Eastern Mediterranean,reproductive_age,2017,128.0
Pakistan,PAK,Eastern Mediterranean,reproductive_age,2007,120.0
Bhutan,BTN,South-East Asia,reproductive_age,2003,120.0
Bolivia (Plurinational State of),BOL,Americas,reproductive_age,2000,125.0
Lebanon,LBN,Eastern Mediterranean,reproductive_age,2009,127.0
Guyana,GUY,Americas,reproductive_age,2009,123.0
Saint Lucia,LCA,Americas,reproductive_age,2000,131.0
Guinea,GIN,Africa,reproductive_age,2018,118.0
Ecuador,ECU,Americas,reproductive_age,2012,129.0
Democratic Republic of the Congo,COD,Africa,reproductive_age,2010,118.0
Iceland,ISL,Europe,reproductive_age,2000,132.0
Democratic Republic of the Congo,COD,Africa,reproductive_age,2015,120.0
Dominica,DMA,Americas,reproductive_age,2003,128.0
Kenya,KEN,Africa,reproductive_age,2006,126.0
Turkmenistan,TKM,Europe,reproductive_age,2016,127.0
Germany,DEU,Europe,reproductive_age,2010,132.0
Naoero,NRU,Western Pacific,reproductive_age,2013,126.0
Cyprus,CYP,Europe,reproductive_age,2006,131.0
Algeria,DZA,Africa,reproductive_age,2015,124.0
Brazil,BRA,Americas,reproductive_age,2002,128.0
Papua New Guinea,PNG,Western Pacific,reproductive_age,2000,124.0
Switzerland,CHE,Europe,reproductive_age,2001,132.0
Azerbaijan,AZE,Europe,reproductive_age,2013,123.0
Saint Vincent and the Grenadines,VCT,Americas,reproductive_age,2014,131.0
Slovenia,SVN,Europe,reproductive_age,2010,129.0
Saint Lucia,LCA,Americas,reproductive_age,2006,132.0
Montenegro,MNE,Europe,reproductive_age,2003,131.0
Guinea,GIN,Africa,reproductive_age,2014,118.0
Botswana,BWA,Africa,reproductive_age,2006,124.0
Tajikistan,TJK,Europe,reproductive_age,2014,124.0
Angola,AGO,Africa,reproductive_age,2001,117.0
Montenegro,MNE,Europe,reproductive_age,2015,131.0
Viet Nam,VNM,Western Pacific,reproductive_age,2010,130.0
El Salvador,SLV,Americas,reproductive_age,2007,135.0
Papua New Guinea,PNG,Western Pacific,reproductive_age,2002,125.0
Russian Federation,RUS,Europe,reproductive_age,2001,128.0
Dominican Republic,DOM,Americas,reproductive_age,2001,123.0
Burundi,BDI,Africa,reproductive_age,2015,124.0
Netherlands (Kingdom of the),NLD,Europe,reproductive_age,2018,131.0
Mauritania,MRT,Africa,reproductive_age,2000,118.0
Namibia,NAM,Africa,reproductive_age,2017,128.0
Germany,DEU,Europe,reproductive_age,2002,132.0
Czechia,CZE,Europe,reproductive_age,2004,129.0
Saint Vincent and the Grenadines,VCT,Americas,reproductive_age,2019,131.0
Eswatini,SWZ,Africa,reproductive_age,2015,126.0
Ireland,IRL,Europe,reproductive_age,2018,131.0
Andorra,AND,Europe,reproductive_age,2007,132.0
Palau,PLW,Western Pacific,reproductive_age,2019,126.0
Lao People's Democratic Republic,LAO,Western Pacific,reproductive_age,2011,123.0
Belgium,BEL,Europe,reproductive_age,2007,131.0
Finland,FIN,Europe,reproductive_age,2001,132.0
Kazakhstan,KAZ,Europe,reproductive_age,2011,126.0
Libya,LBY,Eastern Mediterranean,reproductive_age,2011,125.0
Singapore,SGP,Western Pacific,reproductive_age,2004,131.0
Poland,POL,Europe,reproductive_age,2013,130.0
Viet Nam,VNM,Western Pacific,reproductive_age,2005,128.0
Mauritius,MUS,Africa,reproductive_age,2006,131.0
Naoero,NRU,Western Pacific,reproductive_age,2019,125.0
Guinea-Bissau,GNB,Africa,reproductive_age,2017,118.0
Dominica,DMA,Americas,reproductive_age,2015,129.0
Dominica,DMA,Americas,reproductive_age,2001,128.0
Cote d'Ivoire,CIV,Africa,reproductive_age,2017,117.0
Ethiopia,ETH,Africa,reproductive_age,2005,127.0
Costa Rica,CRI,Americas,reproductive_age,2004,131.0
Switzerland,CHE,Europe,reproductive_age,2009,132.0
India,IND,South-East Asia,reproductive_age,2016,117.0
Colombia,COL,Americas,reproductive_age,2007,127.0
Guinea,GIN,Africa,reproductive_age,2019,118.0
Albania,ALB,Europe,reproductive_age,2009,128.0
Iran (Islamic Republic of),IRN,Eastern Mediterranean,reproductive_age,2010,128.0
Guyana,GUY,Americas,reproductive_age,2004,121.0
Estonia,EST,Europe,reproductive_age,2006,129.0
Senegal,SEN,Africa,reproductive_age,2000,113.0
Iceland,ISL,Europe,reproductive_age,2006,132.0
Germany,DEU,Europe,reproductive_age,2012,132.0
Denmark,DNK,Europe,reproductive_age,2001,131.0
Azerbaijan,AZE,Europe,reproductive_age,2016,123.0
Central African Republic,CAF,Africa,reproductive_age,2003,118.0
Niue,NIU,Western Pacific,reproductive_age,2019,126.0
Belize,BLZ,Americas,reproductive_age,2015,129.0
South Sudan,SSD,Africa,reproductive_age,2019,123.0
Bosnia and Herzegovina,BIH,Europe,reproductive_age,2013,128.0
Botswana,BWA,Africa,reproductive_age,2000,123.0
Kyrgyzstan,KGZ,Europe,reproductive_age,2005,123.0
Guyana,GUY,Americas,reproductive_age,2007,122.0
Guinea,GIN,Africa,reproductive_age,2015,118.0
Saint Lucia,LCA,Americas,reproductive_age,2002,131.0
China,CHN,Western Pacific,reproductive_age,2016,133.0
Ukraine,UKR,Europe,reproductive_age,2015,132.0
North Macedonia,MKD,Europe,reproductive_age,2018,130.0
Croatia,HRV,Europe,reproductive_age,2003,129.0
Tunisia,TUN,Eastern Mediterranean,reproductive_age,2003,125.0
Bolivia (Plurinational State of),BOL,Americas,reproductive_age,2016,128.0
Türkiye,TUR,Europe,reproductive_age,2012,125.0
Colombia,COL,Americas,reproductive_age,2006,127.0
Spain,ESP,Europe,reproductive_age,2010,131.0
Uruguay,URY,Americas,reproductive_age,2019,131.0
Bangladesh,BGD,South-East Asia,reproductive_age,2018,123.0
Denmark,DNK,Europe,reproductive_age,2005,131.0
Azerbaijan,AZE,Europe,reproductive_age,2005,122.0
Democratic People's Republic of Korea,PRK,South-East Asia,reproductive_age,2013,125.0
Hungary,HUN,Europe,reproductive_age,2016,129.0
Lao People's Democratic Republic,LAO,Western Pacific,reproductive_age,2017,122.0
Venezuela (Bolivarian Republic of),VEN,Americas,reproductive_age,2000,126.0
United Republic of Tanzania,TZA,Africa,reproductive_age,2000,119.0
Singapore,SGP,Western Pacific,reproductive_age,2019,131.0
Nepal,NPL,South-East Asia,reproductive_age,2011,124.0
Serbia,SRB,Europe,reproductive_age,2017,128.0
Nepal,NPL,South-East Asia,reproductive_age,2008,123.0
Cambodia,KHM,Western Pacific,reproductive_age,2016,120.0
Ukraine,UKR,Europe,reproductive_age,2013,132.0
Mexico,MEX,Americas,reproductive_age,2019,132.0
Nicaragua,NIC,Americas,reproductive_age,2015,132.0
Spain,ESP,Europe,reproductive_age,2016,131.0
Costa Rica,CRI,Americas,reproductive_age,2007,131.0
United Republic of Tanzania,TZA,Africa,reproductive_age,2004,119.0
Sierra Leone,SLE,Africa,reproductive_age,2011,119.0
Mali,MLI,Africa,reproductive_age,2011,114.0
Greece,GRC,Europe,reproductive_age,2017,130.0
Tajikistan,TJK,Europe,reproductive_age,2008,124.0
Cameroon,CMR,Africa,reproductive_age,2015,121.0
Papua New Guinea,PNG,Western Pacific,reproductive_age,2016,124.0
Lebanon,LBN,Eastern Mediterranean,reproductive_age,2019,126.0
Djibouti,DJI,Eastern Mediterranean,reproductive_age,2005,125.0
Gambia,GMB,Africa,reproductive_age,2007,113.0
Slovakia,SVK,Europe,reproductive_age,2015,128.0
Sri Lanka,LKA,South-East Asia,reproductive_age,2006,123.0
Mexico,MEX,Americas,reproductive_age,2006,131.0
Senegal,SEN,Africa,reproductive_age,2004,113.0
Portugal,PRT,Europe,reproductive_age,2003,131.0
Cote d'Ivoire,CIV,Africa,reproductive_age,2012,117.0
Namibia,NAM,Africa,reproductive_age,2006,127.0
Naoero,NRU,Western Pacific,reproductive_age,2018,125.0
Mongolia,MNG,Western Pacific,reproductive_age,2011,131.0
Chile,CHL,Americas,reproductive_age,2015,134.0
Ukraine,UKR,Europe,reproductive_age,2003,134.0
Micronesia (Federated States of),FSM,Western Pacific,reproductive_age,2008,128.0
Slovenia,SVN,Europe,reproductive_age,2004,129.0
Uzbekistan,UZB,Europe,reproductive_age,2003,120.0
Senegal,SEN,Africa,reproductive_age,2001,113.0
United Kingdom of Great Britain and Northern Ireland,GBR,Europe,reproductive_age,2000,132.0
Cook Islands,COK,Western Pacific,reproductive_age,2019,126.0
Canada,CAN,Americas,reproductive_age,2000,133.0
Oman,OMN,Eastern Mediterranean,reproductive_age,2009,125.0
Viet Nam,VNM,Western Pacific,reproductive_age,2003,127.0
Indonesia,IDN,Western Pacific,reproductive_age,2001,124.0
Cyprus,CYP,Europe,reproductive_age,2012,131.0
Belgium,BEL,Europe,reproductive_age,2000,131.0
Türkiye,TUR,Europe,reproductive_age,2018,125.0
Estonia,EST,Europe,reproductive_age,2013,129.0
Iceland,ISL,Europe,reproductive_age,2011,132.0
Antigua and Barbuda,ATG,Americas,reproductive_age,2003,129.0
Micronesia (Federated States of),FSM,Western Pacific,reproductive_age,2015,128.0
Sweden,SWE,Europe,reproductive_age,2006,131.0
United Arab Emirates,ARE,Eastern Mediterranean,reproductive_age,2005,128.0
Thailand,THA,South-East Asia,reproductive_age,2009,128.0
Bulgaria,BGR,Europe,reproductive_age,2004,128.0
Bahamas,BHS,Americas,reproductive_age,2015,132.0
Solomon Islands,SLB,Western Pacific,reproductive_age,2003,121.0
Tunisia,TUN,Eastern Mediterranean,reproductive_age,2017,125.0
Canada,CAN,Americas,reproductive_age,2016,132.0
Venezuela (Bolivarian Republic of),VEN,Americas,reproductive_age,2007,128.0
India,IND,South-East Asia,reproductive_age,2011,116.0
Tuvalu,TUV,Western Pacific,reproductive_age,2014,127.0
Rwanda,RWA,Africa,reproductive_age,2007,130.0
Niger,NER,Africa,reproductive_age,2001,116.0
Panama,PAN,Americas,reproductive_age,2013,128.0
Eritrea,ERI,Africa,reproductive_age,2012,123.0
Grenada,GRD,Americas,reproductive_age,2005,129.0
Sudan,SDN,Eastern Mediterranean,reproductive_age,2002,120.0
Turkmenistan,TKM,Europe,reproductive_age,2014,127.0
Mexico,MEX,Americas,reproductive_age,2007,132.0
Vanuatu,VUT,Western Pacific,reproductive_age,2009,127.0
Argentina,ARG,Americas,reproductive_age,2009,131.0
Grenada,GRD,Americas,reproductive_age,2015,130.0
Malawi,MWI,Africa,reproductive_age,2018,125.0
Gambia,GMB,Africa,reproductive_age,2008,113.0
Samoa,WSM,Western Pacific,reproductive_age,2015,128.0
Philippines,PHL,Western Pacific,reproductive_age,2005,127.0
Romania,ROU,Europe,reproductive_age,2005,128.0
Slovakia,SVK,Europe,reproductive_age,2014,128.0
Guyana,GUY,Americas,reproductive_age,2015,124.0
Montenegro,MNE,Europe,reproductive_age,2007,131.0
Nepal,NPL,South-East Asia,reproductive_age,2016,124.0
Cyprus,CYP,Europe,reproductive_age,2005,131.0
Venezuela (Bolivarian Republic of),VEN,Americas,reproductive_age,2011,129.0
Mexico,MEX,Americas,reproductive_age,2014,133.0
Bhutan,BTN,South-East Asia,reproductive_age,2009,121.0
Namibia,NAM,Africa,reproductive_age,2001,126.0
Democratic Republic of the Congo,COD,Africa,reproductive_age,2012,119.0
Saint Kitts and Nevis,KNA,Americas,reproductive_age,2002,130.0
Turkmenistan,TKM,Europe,reproductive_age,2004,125.0
Dominican Republic,DOM,Americas,reproductive_age,2005,124.0
Kazakhstan,KAZ,Europe,reproductive_age,2006,125.0
Seychelles,SYC,Africa,reproductive_age,2001,127.0
Venezuela (Bolivarian Republic of),VEN,Americas,reproductive_age,2005,127.0
Algeria,DZA,Africa,reproductive_age,2005,123.0
Australia,AUS,Western Pacific,reproductive_age,2008,133.0
Sao Tome and Principe,STP,Africa,reproductive_age,2012,119.0
Jamaica,JAM,Americas,reproductive_age,2013,130.0
Liberia,LBR,Africa,reproductive_age,2018,121.0
Singapore,SGP,Western Pacific,reproductive_age,2007,131.0
San Marino,SMR,Europe,reproductive_age,2018,131.0
Belgium,BEL,Europe,reproductive_age,2006,131.0
Viet Nam,VNM,Western Pacific,reproductive_age,2008,129.0
Djibouti,DJI,Eastern Mediterranean,reproductive_age,2012,126.0
Sudan,SDN,Eastern Mediterranean,reproductive_age,2001,120.0
Djibouti,DJI,Eastern Mediterranean,reproductive_age,2017,125.0
Croatia,HRV,Europe,reproductive_age,2009,129.0
Finland,FIN,Europe,reproductive_age,2007,132.0
Tunisia,TUN,Eastern Mediterranean,reproductive_age,2014,125.0
Somalia,SOM,Eastern Mediterranean,reproductive_age,2011,119.0
Philippines,PHL,Western Pacific,reproductive_age,2000,126.0
Bosnia and Herzegovina,BIH,Europe,reproductive_age,2008,127.0
Rwanda,RWA,Africa,reproductive_age,2001,128.0
Mongolia,MNG,Western Pacific,reproductive_age,2002,131.0
Sri Lanka,LKA,South-East Asia,reproductive_age,2010,124.0
Gambia,GMB,Africa,reproductive_age,2014,116.0
Senegal,SEN,Africa,reproductive_age,2014,116.0
Paraguay,PRY,Americas,reproductive_age,2016,128.0
Cook Islands,COK,Western Pacific,reproductive_age,2014,127.0
Mexico,MEX,Americas,reproductive_age,2015,133.0
Micronesia (Federated States of),FSM,Western Pacific,reproductive_age,2001,129.0
Cameroon,CMR,Africa,reproductive_age,2019,121.0
Netherlands (Kingdom of the),NLD,Europe,reproductive_age,2014,131.0
Egypt,EGY,Eastern Mediterranean,reproductive_age,2009,124.0
Tajikistan,TJK,Europe,reproductive_age,2005,123.0
Malaysia,MYS,Western Pacific,reproductive_age,2013,125.0
Israel,ISR,Europe,reproductive_age,2014,131.0
Mexico,MEX,Americas,reproductive_age,2000,129.0
Haiti,HTI,Americas,reproductive_age,2004,117.0
Canada,CAN,Americas,reproductive_age,2006,133.0
Colombia,COL,Americas,reproductive_age,2010,128.0
Montenegro,MNE,Europe,reproductive_age,2001,131.0
Algeria,DZA,Africa,reproductive_age,2004,123.0
Senegal,SEN,Africa,reproductive_age,2006,113.0
United Arab Emirates,ARE,Eastern Mediterranean,reproductive_age,2010,127.0
Eritrea,ERI,Africa,reproductive_age,2018,123.0
Solomon Islands,SLB,Western Pacific,reproductive_age,2016,122.0
Antigua and Barbuda,ATG,Americas,reproductive_age,2004,129.0
Bahrain,BHR,Eastern Mediterranean,reproductive_age,2010,123.0
Zambia,ZMB,Africa,reproductive_age,2013,125.0
Angola,AGO,Africa,reproductive_age,2007,118.0
Greece,GRC,Europe,reproductive_age,2016,130.0
Afghanistan,AFG,Eastern Mediterranean,reproductive_age,2010,122.0
Tuvalu,TUV,Western Pacific,reproductive_age,2011,127.0
Vanuatu,VUT,Western Pacific,reproductive_age,2003,126.0
Costa Rica,CRI,Americas,reproductive_age,2008,132.0
Malawi,MWI,Africa,reproductive_age,2012,125.0
Yemen,YEM,Eastern Mediterranean,reproductive_age,2005,110.0
Democratic People's Republic of Korea,PRK,South-East Asia,reproductive_age,2008,125.0
Slovakia,SVK,Europe,reproductive_age,2005,128.0
United States of America,USA,Americas,reproductive_age,2006,134.0
Sierra Leone,SLE,Africa,reproductive_age,2007,118.0
Burundi,BDI,Africa,reproductive_age,2017,123.0
Madagascar,MDG,Africa,reproductive_age,2017,123.0
Eritrea,ERI,Africa,reproductive_age,2001,121.0
Zimbabwe,ZWE,Africa,reproductive_age,2018,126.0
United Republic of Tanzania,TZA,Africa,reproductive_age,2008,120.0
Qatar,QAT,Eastern Mediterranean,reproductive_age,2013,126.0
Bolivia (Plurinational State of),BOL,Americas,reproductive_age,2004,125.0
Botswana,BWA,Africa,reproductive_age,2017,125.0
Guyana,GUY,Americas,reproductive_age,2010,123.0
Cabo Verde,CPV,Africa,reproductive_age,2002,125.0
Australia,AUS,Western Pacific,reproductive_age,2016,133.0
Cameroon,CMR,Africa,reproductive_age,2005,120.0
Iceland,ISL,Europe,reproductive_age,2008,132.0
Uzbekistan,UZB,Europe,reproductive_age,2006,122.0
Seychelles,SYC,Africa,reproductive_age,2018,128.0
Niger,NER,Africa,reproductive_age,2009,117.0
Philippines,PHL,Western Pacific,reproductive_age,2013,130.0
Argentina,ARG,Americas,reproductive_age,2008,131.0
Belize,BLZ,Americas,reproductive_age,2012,129.0
Portugal,PRT,Europe,reproductive_age,2010,131.0
Cabo Verde,CPV,Africa,reproductive_age,2014,127.0
Equatorial Guinea,GNQ,Africa,reproductive_age,2009,117.0
Angola,AGO,Africa,reproductive_age,2014,120.0
Mauritania,MRT,Africa,reproductive_age,2003,118.0
Congo,COG,Africa,reproductive_age,2012,117.0
Saudi Arabia,SAU,Eastern Mediterranean,reproductive_age,2011,127.0
Burkina Faso,BFA,Africa,reproductive_age,2000,115.0
Belarus,BLR,Europe,reproductive_age,2019,129.0
Romania,ROU,Europe,reproductive_age,2004,128.0
Cameroon,CMR,Africa,reproductive_age,2017,121.0
Haiti,HTI,Americas,reproductive_age,2013,119.0
Sudan,SDN,Eastern Mediterranean,reproductive_age,2013,122.0
Serbia,SRB,Europe,reproductive_age,2000,128.0
United Republic of Tanzania,TZA,Africa,reproductive_age,2002,119.0
Uganda,UGA,Africa,reproductive_age,2012,125.0
Singapore,SGP,Western Pacific,reproductive_age,2013,131.0
Israel,ISR,Europe,reproductive_age,2018,131.0
Lesotho,LSO,Africa,reproductive_age,2001,124.0
Republic of Moldova,MDA,Europe,reproductive_age,2005,126.0
Lithuania,LTU,Europe,reproductive_age,2001,129.0
Lebanon,LBN,Eastern Mediterranean,reproductive_age,2007,127.0
Saudi Arabia,SAU,Eastern Mediterranean,reproductive_age,2015,127.0
Zambia,ZMB,Africa,reproductive_age,2014,125.0
Senegal,SEN,Africa,reproductive_age,2007,114.0
Luxembourg,LUX,Europe,reproductive_age,2005,133.0
Jamaica,JAM,Americas,reproductive_age,2010,129.0
Sri Lanka,LKA,South-East Asia,reproductive_age,2011,124.0
Slovenia,SVN,Europe,reproductive_age,2013,129.0
Barbados,BRB,Americas,reproductive_age,2006,130.0
Nicaragua,NIC,Americas,reproductive_age,2018,131.0
Seychelles,SYC,Africa,reproductive_age,2000,127.0
Seychelles,SYC,Africa,reproductive_age,2007,128.0
Republic of Korea,KOR,Western Pacific,reproductive_age,2005,129.0
Oman,OMN,Eastern Mediterranean,reproductive_age,2000,122.0
Equatorial Guinea,GNQ,Africa,reproductive_age,2004,116.0
Kuwait,KWT,Eastern Mediterranean,reproductive_age,2019,128.0
Micronesia (Federated States of),FSM,Western Pacific,reproductive_age,2016,128.0
Brunei Darussalam,BRN,Western Pacific,reproductive_age,2005,130.0
Azerbaijan,AZE,Europe,reproductive_age,2004,121.0
Finland,FIN,Europe,reproductive_age,2013,132.0
Sweden,SWE,Europe,reproductive_age,2003,131.0
Egypt,EGY,Eastern Mediterranean,reproductive_age,2002,123.0
Bahrain,BHR,Eastern Mediterranean,reproductive_age,2013,123.0
United Arab Emirates,ARE,Eastern Mediterranean,reproductive_age,2009,127.0
Dominican Republic,DOM,Americas,reproductive_age,2019,127.0
Mali,MLI,Africa,reproductive_age,2002,112.0
Saudi Arabia,SAU,Eastern Mediterranean,reproductive_age,2002,125.0
"occupied Palestinian territory, including east Jerusalem",PSE,Eastern Mediterranean,reproductive_age,2016,126.0
Liberia,LBR,Africa,reproductive_age,2015,121.0
Marshall Islands,MHL,Western Pacific,reproductive_age,2003,125.0
Sweden,SWE,Europe,reproductive_age,2011,131.0
Benin,BEN,Africa,reproductive_age,2008,115.0
Grenada,GRD,Americas,reproductive_age,2010,130.0
Cabo Verde,CPV,Africa,reproductive_age,2003,125.0
Bulgaria,BGR,Europe,reproductive_age,2008,128.0
Samoa,WSM,Western Pacific,reproductive_age,2018,128.0
Cameroon,CMR,Africa,reproductive_age,2007,121.0
Kuwait,KWT,Eastern Mediterranean,reproductive_age,2013,128.0
New Zealand,NZL,Western Pacific,reproductive_age,2004,133.0
Ecuador,ECU,Americas,reproductive_age,2006,127.0
Cuba,CUB,Americas,reproductive_age,2014,130.0
Finland,FIN,Europe,reproductive_age,2008,132.0
Afghanistan,AFG,Eastern Mediterranean,reproductive_age,2018,121.0
Antigua and Barbuda,ATG,Americas,reproductive_age,2011,131.0
Micronesia (Federated States of),FSM,Western Pacific,reproductive_age,2000,129.0
Malta,MLT,Europe,reproductive_age,2007,131.0
Bulgaria,BGR,Europe,reproductive_age,2017,128.0
Samoa,WSM,Western Pacific,reproductive_age,2013,128.0
Peru,PER,Americas,reproductive_age,2018,129.0
Peru,PER,Americas,reproductive_age,2008,128.0
Fiji,FJI,Western Pacific,reproductive_age,2017,124.0
China,CHN,Western Pacific,reproductive_age,2005,131.0
Australia,AUS,Western Pacific,reproductive_age,2000,133.0
Madagascar,MDG,Africa,reproductive_age,2014,123.0
Maldives,MDV,South-East Asia,reproductive_age,2013,120.0
Chile,CHL,Americas,reproductive_age,2003,134.0
Pakistan,PAK,Eastern Mediterranean,reproductive_age,2004,120.0
Libya,LBY,Eastern Mediterranean,reproductive_age,2019,125.0
Cambodia,KHM,Western Pacific,reproductive_age,2004,118.0
Kenya,KEN,Africa,reproductive_age,2001,123.0
"occupied Palestinian territory, including east Jerusalem",PSE,Eastern Mediterranean,reproductive_age,2004,124.0
Türkiye,TUR,Europe,reproductive_age,2019,125.0
Central African Republic,CAF,Africa,reproductive_age,2002,117.0
Tajikistan,TJK,Europe,reproductive_age,2019,123.0
Guatemala,GTM,Americas,reproductive_age,2018,136.0
Angola,AGO,Africa,reproductive_age,2011,119.0
Brunei Darussalam,BRN,Western Pacific,reproductive_age,2001,129.0
Angola,AGO,Africa,reproductive_age,2004,117.0
Benin,BEN,Africa,reproductive_age,2009,115.0
Rwanda,RWA,Africa,reproductive_age,2003,129.0
Sri Lanka,LKA,South-East Asia,reproductive_age,2016,124.0
Tonga,TON,Western Pacific,reproductive_age,2017,126.0
Estonia,EST,Europe,reproductive_age,2018,128.0
United Republic of Tanzania,TZA,Africa,reproductive_age,2001,119.0
Monaco,MCO,Europe,reproductive_age,2002,131.0
Lesotho,LSO,Africa,reproductive_age,2013,127.0
Guatemala,GTM,Americas,reproductive_age,2012,134.0
Croatia,HRV,Europe,reproductive_age,2000,129.0
South Sudan,SSD,Africa,reproductive_age,2014,124.0
Burundi,BDI,Africa,reproductive_age,2000,123.0
Burkina Faso,BFA,Africa,reproductive_age,2001,115.0
Brunei Darussalam,BRN,Western Pacific,reproductive_age,2002,129.0
Barbados,BRB,Americas,reproductive_age,2000,130.0
Djibouti,DJI,Eastern Mediterranean,reproductive_age,2001,123.0
Democratic People's Republic of Korea,PRK,South-East Asia,reproductive_age,2015,125.0
Vanuatu,VUT,Western Pacific,reproductive_age,2018,126.0
Liberia,LBR,Africa,reproductive_age,2010,120.0
Lebanon,LBN,Eastern Mediterranean,reproductive_age,2016,126.0
United Kingdom of Great Britain and Northern Ireland,GBR,Europe,reproductive_age,2005,132.0
Ghana,GHA,Africa,reproductive_age,2012,120.0
Armenia,ARM,Europe,reproductive_age,2015,130.0
Uruguay,URY,Americas,reproductive_age,2003,131.0
Eswatini,SWZ,Africa,reproductive_age,2007,126.0
Djibouti,DJI,Eastern Mediterranean,reproductive_age,2014,125.0
Dominican Republic,DOM,Americas,reproductive_age,2004,124.0
Bahrain,BHR,Eastern Mediterranean,reproductive_age,2014,123.0
Saudi Arabia,SAU,Eastern Mediterranean,reproductive_age,2007,126.0
Latvia,LVA,Europe,reproductive_age,2011,129.0
Jordan,JOR,Eastern Mediterranean,reproductive_age,2014,125.0
Ireland,IRL,Europe,reproductive_age,2017,131.0
Kuwait,KWT,Eastern Mediterranean,reproductive_age,2008,129.0
Republic of Korea,KOR,Western Pacific,reproductive_age,2006,129.0
United States of America,USA,Americas,reproductive_age,2004,134.0
Sweden,SWE,Europe,reproductive_age,2017,131.0
Timor-Leste,TLS,South-East Asia,reproductive_age,2013,126.0
Argentina,ARG,Americas,reproductive_age,2005,130.0
Brunei Darussalam,BRN,Western Pacific,reproductive_age,2012,130.0
Maldives,MDV,South-East Asia,reproductive_age,2007,120.0
Uruguay,URY,Americas,reproductive_age,2000,132.0
North Macedonia,MKD,Europe,reproductive_age,2016,130.0
Denmark,DNK,Europe,reproductive_age,2004,131.0
Hungary,HUN,Europe,reproductive_age,2005,130.0
Ireland,IRL,Europe,reproductive_age,2019,131.0
Monaco,MCO,Europe,reproductive_age,2009,131.0
Ireland,IRL,Europe,reproductive_age,2011,131.0
Cook Islands,COK,Western Pacific,reproductive_age,2012,127.0
Republic of Moldova,MDA,Europe,reproductive_age,2010,127.0
Botswana,BWA,Africa,reproductive_age,2013,125.0
Thailand,THA,South-East Asia,reproductive_age,2005,128.0
Bahrain,BHR,Eastern Mediterranean,reproductive_age,2005,122.0
Norway,NOR,Europe,reproductive_age,2013,131.0
Brunei Darussalam,BRN,Western Pacific,reproductive_age,2006,130.0
Yemen,YEM,Eastern Mediterranean,reproductive_age,2009,111.0
Montenegro,MNE,Europe,reproductive_age,2005,131.0
Guinea,GIN,Africa,reproductive_age,2017,118.0
Uruguay,URY,Americas,reproductive_age,2004,131.0
Tunisia,TUN,Eastern Mediterranean,reproductive_age,2012,125.0
Tajikistan,TJK,Europe,reproductive_age,2011,125.0
Japan,JPN,Western Pacific,reproductive_age,2002,127.0
Austria,AUT,Europe,reproductive_age,2017,131.0
Afghanistan,AFG,Eastern Mediterranean,reproductive_age,2005,123.0
Lebanon,LBN,Eastern Mediterranean,reproductive_age,2002,127.0
Sierra Leone,SLE,Africa,reproductive_age,2004,117.0
Brunei Darussalam,BRN,Western Pacific,reproductive_age,2019,130.0
Czechia,CZE,Europe,reproductive_age,2011,129.0
San Marino,SMR,Europe,reproductive_age,2015,131.0
United Republic of Tanzania,TZA,Africa,reproductive_age,2016,122.0
Argentina,ARG,Americas,reproductive_age,2015,132.0
Andorra,AND,Europe,reproductive_age,2015,131.0
Somalia,SOM,Eastern Mediterranean,reproductive_age,2013,119.0
Panama,PAN,Americas,reproductive_age,2017,129.0
Malta,MLT,Europe,reproductive_age,2008,131.0
Poland,POL,Europe,reproductive_age,2015,130.0
India,IND,South-East Asia,reproductive_age,2018,117.0
Bahamas,BHS,Americas,reproductive_age,2013,132.0
Gambia,GMB,Africa,reproductive_age,2011,114.0
Cyprus,CYP,Europe,reproductive_age,2014,131.0
Honduras,HND,Americas,reproductive_age,2008,131.0
Senegal,SEN,Africa,reproductive_age,2005,113.0
Azerbaijan,AZE,Europe,reproductive_age,2003,121.0
Burundi,BDI,Africa,reproductive_age,2014,125.0
Guinea-Bissau,GNB,Africa,reproductive_age,2003,116.0
Botswana,BWA,Africa,reproductive_age,2005,124.0
Syrian Arab Republic,SYR,Eastern Mediterranean,reproductive_age,2017,124.0
Trinidad and Tobago,TTO,Americas,reproductive_age,2019,130.0
Mozambique,MOZ,Africa,reproductive_age,2010,118.0
Saint Kitts and Nevis,KNA,Americas,reproductive_age,2011,131.0
Timor-Leste,TLS,South-East Asia,reproductive_age,2012,126.0
Ecuador,ECU,Americas,reproductive_age,2008,128.0
Guinea-Bissau,GNB,Africa,reproductive_age,2011,118.0
Sudan,SDN,Eastern Mediterranean,reproductive_age,2008,122.0
Uganda,UGA,Africa,reproductive_age,2018,125.0
Malaysia,MYS,Western Pacific,reproductive_age,2002,123.0
Democratic People's Republic of Korea,PRK,South-East Asia,reproductive_age,2005,124.0
Somalia,SOM,Eastern Mediterranean,reproductive_age,2009,119.0
Mozambique,MOZ,Africa,reproductive_age,2012,118.0
Norway,NOR,Europe,reproductive_age,2002,131.0
Nepal,NPL,South-East Asia,reproductive_age,2019,124.0
Nigeria,NGA,Africa,reproductive_age,2015,116.0
Qatar,QAT,Eastern Mediterranean,reproductive_age,2002,125.0
Antigua and Barbuda,ATG,Americas,reproductive_age,2014,131.0
Ecuador,ECU,Americas,reproductive_age,2015,129.0
Indonesia,IDN,Western Pacific,reproductive_age,2002,124.0
Democratic Republic of the Congo,COD,Africa,reproductive_age,2019,121.0
"occupied Palestinian territory, including east Jerusalem",PSE,Eastern Mediterranean,reproductive_age,2003,124.0
Montenegro,MNE,Europe,reproductive_age,2013,131.0
Gabon,GAB,Africa,reproductive_age,2010,115.0
Maldives,MDV,South-East Asia,reproductive_age,2018,118.0
Kazakhstan,KAZ,Europe,reproductive_age,2005,125.0
Libya,LBY,Eastern Mediterranean,reproductive_age,2001,124.0
South Africa,ZAF,Africa,reproductive_age,2010,126.0
Grenada,GRD,Americas,reproductive_age,2001,128.0
Guinea-Bissau,GNB,Africa,reproductive_age,2002,116.0
Uzbekistan,UZB,Europe,reproductive_age,2016,126.0
Grenada,GRD,Americas,reproductive_age,2008,130.0
Trinidad and Tobago,TTO,Americas,reproductive_age,2016,130.0
Sri Lanka,LKA,South-East Asia,reproductive_age,2015,124.0
Viet Nam,VNM,Western Pacific,reproductive_age,2014,130.0
Cameroon,CMR,Africa,reproductive_age,2001,120.0
Philippines,PHL,Western Pacific,reproductive_age,2019,131.0
Denmark,DNK,Europe,reproductive_age,2009,131.0
Republic of Moldova,MDA,Europe,reproductive_age,2000,126.0
Seychelles,SYC,Africa,reproductive_age,2012,128.0
Denmark,DNK,Europe,reproductive_age,2014,131.0
Nicaragua,NIC,Americas,reproductive_age,2017,132.0
Japan,JPN,Western Pacific,reproductive_age,2011,128.0
Kenya,KEN,Africa,reproductive_age,2015,128.0
Lesotho,LSO,Africa,reproductive_age,2016,127.0
Mauritius,MUS,Africa,reproductive_age,2017,129.0
Benin,BEN,Africa,reproductive_age,2019,116.0
Japan,JPN,Western Pacific,reproductive_age,2014,128.0
Republic of Korea,KOR,Western Pacific,reproductive_age,2001,128.0
Brazil,BRA,Americas,reproductive_age,2006,128.0
Mauritius,MUS,Africa,reproductive_age,2014,130.0
Switzerland,CHE,Europe,reproductive_age,2010,132.0
Myanmar,MMR,South-East Asia,reproductive_age,2010,122.0
Thailand,THA,South-East Asia,reproductive_age,2013,128.0
Dominican Republic,DOM,Americas,reproductive_age,2002,123.0
Bosnia and Herzegovina,BIH,Europe,reproductive_age,2019,127.0
Tuvalu,TUV,Western Pacific,reproductive_age,2002,127.0
Samoa,WSM,Western Pacific,reproductive_age,2007,128.0
Afghanistan,AFG,Eastern Mediterranean,reproductive_age,2008,122.0
Rwanda,RWA,Africa,reproductive_age,2017,131.0
San Marino,SMR,Europe,reproductive_age,2013,131.0
Central African Republic,CAF,Africa,reproductive_age,2012,119.0
United States of America,USA,Americas,reproductive_age,2013,132.0
Kiribati,KIR,Western Pacific,reproductive_age,2008,125.0
Lithuania,LTU,Europe,reproductive_age,2012,130.0
Mauritania,MRT,Africa,reproductive_age,2014,120.0
Sri Lanka,LKA,South-East Asia,reproductive_age,2001,122.0
Tunisia,TUN,Eastern Mediterranean,reproductive_age,2011,125.0
Saint Kitts and Nevis,KNA,Americas,reproductive_age,2018,132.0
Malaysia,MYS,Western Pacific,reproductive_age,2003,123.0
Hungary,HUN,Europe,reproductive_age,2008,129.0
Australia,AUS,Western Pacific,reproductive_age,2012,133.0
Yemen,YEM,Eastern Mediterranean,reproductive_age,2003,110.0
Liberia,LBR,Africa,reproductive_age,2005,118.0
Singapore,SGP,Western Pacific,reproductive_age,2016,131.0
Germany,DEU,Europe,reproductive_age,2011,132.0
Czechia,CZE,Europe,reproductive_age,2012,129.0
Namibia,NAM,Africa,reproductive_age,2013,128.0
Ghana,GHA,Africa,reproductive_age,2005,118.0
United States of America,USA,Americas,reproductive_age,2001,135.0
Malta,MLT,Europe,reproductive_age,2017,131.0
"occupied Palestinian territory, including east Jerusalem",PSE,Eastern Mediterranean,reproductive_age,2005,124.0
Sudan,SDN,Eastern Mediterranean,reproductive_age,2019,122.0
Russian Federation,RUS,Europe,reproductive_age,2006,129.0
Timor-Leste,TLS,South-East Asia,reproductive_age,2009,126.0
Gabon,GAB,Africa,reproductive_age,2002,114.0
Albania,ALB,Europe,reproductive_age,2015,127.0
Finland,FIN,Europe,reproductive_age,2015,132.0
Uganda,UGA,Africa,reproductive_age,2008,124.0
Haiti,HTI,Americas,reproductive_age,2003,116.0
Senegal,SEN,Africa,reproductive_age,2002,113.0
Kuwait,KWT,Eastern Mediterranean,reproductive_age,2001,128.0
Rwanda,RWA,Africa,reproductive_age,2010,131.0
Togo,TGO,Africa,reproductive_age,2009,118.0
Japan,JPN,Western Pacific,reproductive_age,2008,127.0
Cyprus,CYP,Europe,reproductive_age,2001,131.0
Cambodia,KHM,Western Pacific,reproductive_age,2008,119.0
Togo,TGO,Africa,reproductive_age,2002,118.0
Liberia,LBR,Africa,reproductive_age,2017,121.0
Barbados,BRB,Americas,reproductive_age,2007,130.0
Cabo Verde,CPV,Africa,reproductive_age,2005,125.0
Equatorial Guinea,GNQ,Africa,reproductive_age,2016,119.0
Haiti,HTI,Americas,reproductive_age,2010,118.0
Lesotho,LSO,Africa,reproductive_age,2004,125.0
Malawi,MWI,Africa,reproductive_age,2005,123.0
South Sudan,SSD,Africa,reproductive_age,2007,123.0
Dominican Republic,DOM,Americas,reproductive_age,2017,127.0
Finland,FIN,Europe,reproductive_age,2011,132.0
Brunei Darussalam,BRN,Western Pacific,reproductive_age,2011,130.0
Slovenia,SVN,Europe,reproductive_age,2006,129.0
Togo,TGO,Africa,reproductive_age,2005,118.0
Eritrea,ERI,Africa,reproductive_age,2009,123.0
Samoa,WSM,Western Pacific,reproductive_age,2016,128.0
Guyana,GUY,Americas,reproductive_age,2014,124.0
Tajikistan,TJK,Europe,reproductive_age,2010,125.0
Peru,PER,Americas,reproductive_age,2006,127.0
Tuvalu,TUV,Western Pacific,reproductive_age,2005,127.0
Dominican Republic,DOM,Americas,reproductive_age,2016,127.0
Saudi Arabia,SAU,Eastern Mediterranean,reproductive_age,2003,125.0
Namibia,NAM,Africa,reproductive_age,2011,128.0
San Marino,SMR,Europe,reproductive_age,2002,132.0
Bulgaria,BGR,Europe,reproductive_age,2006,128.0
Türkiye,TUR,Europe,reproductive_age,2010,125.0
Czechia,CZE,Europe,reproductive_age,2015,129.0
Marshall Islands,MHL,Western Pacific,reproductive_age,2008,125.0
Grenada,GRD,Americas,reproductive_age,2006,129.0
Saint Vincent and the Grenadines,VCT,Americas,reproductive_age,2011,131.0
Viet Nam,VNM,Western Pacific,reproductive_age,2018,129.0
Cambodia,KHM,Western Pacific,reproductive_age,2005,118.0
Haiti,HTI,Americas,reproductive_age,2011,118.0
Palau,PLW,Western Pacific,reproductive_age,2004,126.0
Nigeria,NGA,Africa,reproductive_age,2003,114.0
Georgia,GEO,Europe,reproductive_age,2018,126.0
Paraguay,PRY,Americas,reproductive_age,2013,128.0
Cuba,CUB,Americas,reproductive_age,2007,128.0
Germany,DEU,Europe,reproductive_age,2018,131.0
Iran (Islamic Republic of),IRN,Eastern Mediterranean,reproductive_age,2014,128.0
Zimbabwe,ZWE,Africa,reproductive_age,2002,124.0
Botswana,BWA,Africa,reproductive_age,2004,124.0
Kiribati,KIR,Western Pacific,reproductive_age,2007,125.0
Kuwait,KWT,Eastern Mediterranean,reproductive_age,2005,129.0
Saint Lucia,LCA,Americas,reproductive_age,2004,132.0
Micronesia (Federated States of),FSM,Western Pacific,reproductive_age,2013,128.0
Algeria,DZA,Africa,reproductive_age,2002,123.0
Niger,NER,Africa,reproductive_age,2006,117.0
Eritrea,ERI,Africa,reproductive_age,2013,123.0
Antigua and Barbuda,ATG,Americas,reproductive_age,2019,130.0
Greece,GRC,Europe,reproductive_age,2002,131.0
Cuba,CUB,Americas,reproductive_age,2017,130.0
Mexico,MEX,Americas,reproductive_age,2009,132.0
Qatar,QAT,Eastern Mediterranean,reproductive_age,2016,126.0
Marshall Islands,MHL,Western Pacific,reproductive_age,2018,125.0
Bulgaria,BGR,Europe,reproductive_age,2018,128.0
Mali,MLI,Africa,reproductive_age,2008,113.0
Guatemala,GTM,Americas,reproductive_age,2002,130.0
Equatorial Guinea,GNQ,Africa,reproductive_age,2008,117.0
Algeria,DZA,Africa,reproductive_age,2009,124.0
Kyrgyzstan,KGZ,Europe,reproductive_age,2017,123.0
Panama,PAN,Americas,reproductive_age,2001,126.0
Samoa,WSM,Western Pacific,reproductive_age,2005,128.0
Myanmar,MMR,South-East Asia,reproductive_age,2013,122.0
Madagascar,MDG,Africa,reproductive_age,2015,123.0
Croatia,HRV,Europe,reproductive_age,2005,129.0
Norway,NOR,Europe,reproductive_age,2004,131.0
Fiji,FJI,Western Pacific,reproductive_age,2016,124.0
Guatemala,GTM,Americas,reproductive_age,2003,130.0
Denmark,DNK,Europe,reproductive_age,2010,131.0
Austria,AUT,Europe,reproductive_age,2000,131.0
Belize,BLZ,Americas,reproductive_age,2007,128.0
Nepal,NPL,South-East Asia,reproductive_age,2010,123.0
Tajikistan,TJK,Europe,reproductive_age,2012,124.0
Ghana,GHA,Africa,reproductive_age,2017,122.0
Bhutan,BTN,South-East Asia,reproductive_age,2010,122.0
Syrian Arab Republic,SYR,Eastern Mediterranean,reproductive_age,2004,123.0
Solomon Islands,SLB,Western Pacific,reproductive_age,2005,121.0
Sudan,SDN,Eastern Mediterranean,reproductive_age,2006,121.0
Timor-Leste,TLS,South-East Asia,reproductive_age,2000,122.0
Sao Tome and Principe,STP,Africa,reproductive_age,2011,119.0
Bosnia and Herzegovina,BIH,Europe,reproductive_age,2010,128.0
Netherlands (Kingdom of the),NLD,Europe,reproductive_age,2019,131.0
Thailand,THA,South-East Asia,reproductive_age,2016,128.0
Democratic Republic of the Congo,COD,Africa,reproductive_age,2003,117.0
Saint Kitts and Nevis,KNA,Americas,reproductive_age,2007,131.0
Myanmar,MMR,South-East Asia,reproductive_age,2015,122.0
Portugal,PRT,Europe,reproductive_age,2004,131.0
Lesotho,LSO,Africa,reproductive_age,2010,126.0
Bulgaria,BGR,Europe,reproductive_age,2000,128.0
Japan,JPN,Western Pacific,reproductive_age,2012,128.0
Iraq,IRQ,Eastern Mediterranean,reproductive_age,2008,122.0
Switzerland,CHE,Europe,reproductive_age,2003,132.0
Bosnia and Herzegovina,BIH,Europe,reproductive_age,2003,127.0
Peru,PER,Americas,reproductive_age,2017,129.0
Gabon,GAB,Africa,reproductive_age,2011,116.0
Viet Nam,VNM,Western Pacific,reproductive_age,2009,129.0
El Salvador,SLV,Americas,reproductive_age,2012,135.0
Barbados,BRB,Americas,reproductive_age,2015,131.0
Croatia,HRV,Europe,reproductive_age,2002,129.0
Kyrgyzstan,KGZ,Europe,reproductive_age,2009,123.0
Germany,DEU,Europe,reproductive_age,2016,132.0
Namibia,NAM,Africa,reproductive_age,2004,127.0
Colombia,COL,Americas,reproductive_age,2009,128.0
Trinidad and Tobago,TTO,Americas,reproductive_age,2018,130.0
Uganda,UGA,Africa,reproductive_age,2016,125.0
Sri Lanka,LKA,South-East Asia,reproductive_age,2014,124.0
Malta,MLT,Europe,reproductive_age,2016,131.0
Rwanda,RWA,Africa,reproductive_age,2011,131.0
Azerbaijan,AZE,Europe,reproductive_age,2019,123.0
Malta,MLT,Europe,reproductive_age,2006,131.0
Yemen,YEM,Eastern Mediterranean,reproductive_age,2017,112.0
Montenegro,MNE,Europe,reproductive_age,2019,131.0
North Macedonia,MKD,Europe,reproductive_age,2001,132.0
Grenada,GRD,Americas,reproductive_age,2003,129.0
Oman,OMN,Eastern Mediterranean,reproductive_age,2013,125.0
Malta,MLT,Europe,reproductive_age,2015,131.0
Maldives,MDV,South-East Asia,reproductive_age,2015,119.0
Costa Rica,CRI,Americas,reproductive_age,2012,132.0
North Macedonia,MKD,Europe,reproductive_age,2013,130.0
United States of America,USA,Americas,reproductive_age,2018,132.0
Paraguay,PRY,Americas,reproductive_age,2002,128.0
Syrian Arab Republic,SYR,Eastern Mediterranean,reproductive_age,2013,124.0
Fiji,FJI,Western Pacific,reproductive_age,2006,123.0
China,CHN,Western Pacific,reproductive_age,2014,133.0
Tunisia,TUN,Eastern Mediterranean,reproductive_age,2019,124.0
Cabo Verde,CPV,Africa,reproductive_age,2010,126.0
Colombia,COL,Americas,reproductive_age,2013,129.0
Marshall Islands,MHL,Western Pacific,reproductive_age,2016,125.0
Türkiye,TUR,Europe,reproductive_age,2013,125.0
Suriname,SUR,Americas,reproductive_age,2011,129.0
Dominican Republic,DOM,Americas,reproductive_age,2015,127.0
Azerbaijan,AZE,Europe,reproductive_age,2017,123.0
United Arab Emirates,ARE,Eastern Mediterranean,reproductive_age,2000,127.0
Mauritania,MRT,Africa,reproductive_age,2004,118.0
Lebanon,LBN,Eastern Mediterranean,reproductive_age,2001,126.0
Hungary,HUN,Europe,reproductive_age,2017,129.0
Djibouti,DJI,Eastern Mediterranean,reproductive_age,2006,125.0
Chad,TCD,Africa,reproductive_age,2005,116.0
Kiribati,KIR,Western Pacific,reproductive_age,2010,125.0
Cameroon,CMR,Africa,reproductive_age,2013,121.0
Bhutan,BTN,South-East Asia,reproductive_age,2018,122.0
Bolivia (Plurinational State of),BOL,Americas,reproductive_age,2010,126.0
Zambia,ZMB,Africa,reproductive_age,2010,125.0
Tajikistan,TJK,Europe,reproductive_age,2001,122.0
Finland,FIN,Europe,reproductive_age,2006,132.0
France,FRA,Europe,reproductive_age,2003,133.0
Latvia,LVA,Europe,reproductive_age,2005,128.0
Sierra Leone,SLE,Africa,reproductive_age,2003,117.0
Bosnia and Herzegovina,BIH,Europe,reproductive_age,2006,127.0
Nigeria,NGA,Africa,reproductive_age,2014,116.0
Maldives,MDV,South-East Asia,reproductive_age,2002,119.0
Mali,MLI,Africa,reproductive_age,2000,112.0
Oman,OMN,Eastern Mediterranean,reproductive_age,2010,125.0
Bangladesh,BGD,South-East Asia,reproductive_age,2005,123.0
Czechia,CZE,Europe,reproductive_age,2009,129.0
Lithuania,LTU,Europe,reproductive_age,2005,129.0
Belarus,BLR,Europe,reproductive_age,2016,129.0
Afghanistan,AFG,Eastern Mediterranean,reproductive_age,2017,121.0
Sao Tome and Principe,STP,Africa,reproductive_age,2001,117.0
China,CHN,Western Pacific,reproductive_age,2011,132.0
Comoros,COM,Africa,reproductive_age,2007,124.0
Denmark,DNK,Europe,reproductive_age,2011,131.0
Austria,AUT,Europe,reproductive_age,2005,131.0
Tunisia,TUN,Eastern Mediterranean,reproductive_age,2016,125.0
Ethiopia,ETH,Africa,reproductive_age,2019,128.0
Angola,AGO,Africa,reproductive_age,2008,118.0
Morocco,MAR,Eastern Mediterranean,reproductive_age,2005,124.0
Cook Islands,COK,Western Pacific,reproductive_age,2011,127.0
Lithuania,LTU,Europe,reproductive_age,2009,130.0
Democratic Republic of the Congo,COD,Africa,reproductive_age,2014,120.0
Brazil,BRA,Americas,reproductive_age,2016,131.0
Malawi,MWI,Africa,reproductive_age,2001,122.0
Uruguay,URY,Americas,reproductive_age,2001,132.0
Indonesia,IDN,Western Pacific,reproductive_age,2011,126.0
Iran (Islamic Republic of),IRN,Eastern Mediterranean,reproductive_age,2003,127.0
Syrian Arab Republic,SYR,Eastern Mediterranean,reproductive_age,2015,124.0
Tonga,TON,Western Pacific,reproductive_age,2007,127.0
Burundi,BDI,Africa,reproductive_age,2006,125.0
Barbados,BRB,Americas,reproductive_age,2011,131.0
Mexico,MEX,Americas,reproductive_age,2017,133.0
Mauritius,MUS,Africa,reproductive_age,2005,131.0
New Zealand,NZL,Western Pacific,reproductive_age,2006,133.0
Gabon,GAB,Africa,reproductive_age,2012,116.0
Haiti,HTI,Americas,reproductive_age,2008,118.0
Morocco,MAR,Eastern Mediterranean,reproductive_age,2004,124.0
Tonga,TON,Western Pacific,reproductive_age,2004,127.0
Guinea-Bissau,GNB,Africa,reproductive_age,2015,118.0
Georgia,GEO,Europe,reproductive_age,2008,126.0
Comoros,COM,Africa,reproductive_age,2017,124.0
Namibia,NAM,Africa,reproductive_age,2016,128.0
Chile,CHL,Americas,reproductive_age,2002,134.0
Mauritania,MRT,Africa,reproductive_age,2017,120.0
Chile,CHL,Americas,reproductive_age,2012,134.0
South Sudan,SSD,Africa,reproductive_age,2015,124.0
Mongolia,MNG,Western Pacific,reproductive_age,2006,131.0
Argentina,ARG,Americas,reproductive_age,2007,131.0
Luxembourg,LUX,Europe,reproductive_age,2011,133.0
Ukraine,UKR,Europe,reproductive_age,2009,133.0
Myanmar,MMR,South-East Asia,reproductive_age,2006,121.0
Pakistan,PAK,Eastern Mediterranean,reproductive_age,2012,120.0
Guatemala,GTM,Americas,reproductive_age,2010,133.0
Seychelles,SYC,Africa,reproductive_age,2011,128.0
South Sudan,SSD,Africa,reproductive_age,2018,124.0
Cote d'Ivoire,CIV,Africa,reproductive_age,2018,117.0
Haiti,HTI,Americas,reproductive_age,2000,115.0
Democratic People's Republic of Korea,PRK,South-East Asia,reproductive_age,2001,124.0
El Salvador,SLV,Americas,reproductive_age,2011,135.0
Greece,GRC,Europe,reproductive_age,2010,131.0
Slovenia,SVN,Europe,reproductive_age,2003,129.0
Nigeria,NGA,Africa,reproductive_age,2009,116.0
Saint Vincent and the Grenadines,VCT,Americas,reproductive_age,2017,131.0
Croatia,HRV,Europe,reproductive_age,2019,129.0
United Arab Emirates,ARE,Eastern Mediterranean,reproductive_age,2007,127.0
Afghanistan,AFG,Eastern Mediterranean,reproductive_age,2006,123.0
Singapore,SGP,Western Pacific,reproductive_age,2009,131.0
Monaco,MCO,Europe,reproductive_age,2013,131.0
Philippines,PHL,Western Pacific,reproductive_age,2007,128.0
Burkina Faso,BFA,Africa,reproductive_age,2009,116.0
North Macedonia,MKD,Europe,reproductive_age,2011,131.0
Suriname,SUR,Americas,reproductive_age,2008,128.0
Kuwait,KWT,Eastern Mediterranean,reproductive_age,2007,129.0
India,IND,South-East Asia,reproductive_age,2002,116.0
Central African Republic,CAF,Africa,reproductive_age,2008,118.0
Bosnia and Herzegovina,BIH,Europe,reproductive_age,2015,128.0
Rwanda,RWA,Africa,reproductive_age,2008,130.0
Bhutan,BTN,South-East Asia,reproductive_age,2013,122.0
Italy,ITA,Europe,reproductive_age,2006,131.0
Naoero,NRU,Western Pacific,reproductive_age,2009,126.0
Niue,NIU,Western Pacific,reproductive_age,2002,127.0
Iceland,ISL,Europe,reproductive_age,2014,132.0
Saint Kitts and Nevis,KNA,Americas,reproductive_age,2016,132.0
Democratic Republic of the Congo,COD,Africa,reproductive_age,2008,118.0
Fiji,FJI,Western Pacific,reproductive_age,2019,124.0
Indonesia,IDN,Western Pacific,reproductive_age,2000,124.0
Lao People's Democratic Republic,LAO,Western Pacific,reproductive_age,2010,123.0
Fiji,FJI,Western Pacific,reproductive_age,2013,124.0
Malaysia,MYS,Western Pacific,reproductive_age,2014,124.0
Lithuania,LTU,Europe,reproductive_age,2011,130.0
Saint Lucia,LCA,Americas,reproductive_age,2007,132.0
Democratic Republic of the Congo,COD,Africa,reproductive_age,2011,119.0
Sri Lanka,LKA,South-East Asia,reproductive_age,2000,122.0
Czechia,CZE,Europe,reproductive_age,2013,129.0
Nepal,NPL,South-East Asia,reproductive_age,2012,124.0
Iraq,IRQ,Eastern Mediterranean,reproductive_age,2011,123.0
Cuba,CUB,Americas,reproductive_age,2013,129.0
Romania,ROU,Europe,reproductive_age,2002,128.0
Chad,TCD,Africa,reproductive_age,2015,118.0
Republic of Korea,KOR,Western Pacific,reproductive_age,2004,128.0
Botswana,BWA,Africa,reproductive_age,2008,125.0
Cyprus,CYP,Europe,reproductive_age,2000,131.0
Colombia,COL,Americas,reproductive_age,2014,129.0
Ukraine,UKR,Europe,reproductive_age,2016,131.0
Mozambique,MOZ,Africa,reproductive_age,2018,119.0
Senegal,SEN,Africa,reproductive_age,2016,116.0
Kiribati,KIR,Western Pacific,reproductive_age,2005,125.0
Slovakia,SVK,Europe,reproductive_age,2009,128.0
United Arab Emirates,ARE,Eastern Mediterranean,reproductive_age,2014,127.0
Romania,ROU,Europe,reproductive_age,2008,128.0
Algeria,DZA,Africa,reproductive_age,2006,123.0
Costa Rica,CRI,Americas,reproductive_age,2005,131.0
Uganda,UGA,Africa,reproductive_age,2015,125.0
Haiti,HTI,Americas,reproductive_age,2005,117.0
Central African Republic,CAF,Africa,reproductive_age,2005,118.0
Comoros,COM,Africa,reproductive_age,2019,124.0
Fiji,FJI,Western Pacific,reproductive_age,2007,123.0
Bangladesh,BGD,South-East Asia,reproductive_age,2014,123.0
Mauritius,MUS,Africa,reproductive_age,2012,131.0
Costa Rica,CRI,Americas,reproductive_age,2019,131.0
United Arab Emirates,ARE,Eastern Mediterranean,reproductive_age,2015,127.0
Belarus,BLR,Europe,reproductive_age,2004,129.0
Democratic People's Republic of Korea,PRK,South-East Asia,reproductive_age,2018,124.0
Sierra Leone,SLE,Africa,reproductive_age,2019,119.0
Tonga,TON,Western Pacific,reproductive_age,2005,127.0
Serbia,SRB,Europe,reproductive_age,2008,128.0
Canada,CAN,Americas,reproductive_age,2009,133.0
Palau,PLW,Western Pacific,reproductive_age,2011,126.0
Gambia,GMB,Africa,reproductive_age,2018,117.0
Zimbabwe,ZWE,Africa,reproductive_age,2016,126.0
Cabo Verde,CPV,Africa,reproductive_age,2012,126.0
Sweden,SWE,Europe,reproductive_age,2010,131.0
Eritrea,ERI,Africa,reproductive_age,2008,123.0
Fiji,FJI,Western Pacific,reproductive_age,2004,123.0
Pakistan,PAK,Eastern Mediterranean,reproductive_age,2005,120.0
Chad,TCD,Africa,reproductive_age,2006,116.0
Bahrain,BHR,Eastern Mediterranean,reproductive_age,2001,121.0
Guinea,GIN,Africa,reproductive_age,2004,116.0
Portugal,PRT,Europe,reproductive_age,2007,131.0
Philippines,PHL,Western Pacific,reproductive_age,2012,129.0
Cyprus,CYP,Europe,reproductive_age,2013,131.0
Bahamas,BHS,Americas,reproductive_age,2019,132.0
Bangladesh,BGD,South-East Asia,reproductive_age,2002,123.0
Ukraine,UKR,Europe,reproductive_age,2018,131.0
Angola,AGO,Africa,reproductive_age,2000,117.0
Bolivia (Plurinational State of),BOL,Americas,reproductive_age,2001,125.0
Togo,TGO,Africa,reproductive_age,2003,118.0
Albania,ALB,Europe,reproductive_age,2019,127.0
Republic of Korea,KOR,Western Pacific,reproductive_age,2008,129.0
Venezuela (Bolivarian Republic of),VEN,Americas,reproductive_age,2014,129.0
Bhutan,BTN,South-East Asia,reproductive_age,2014,122.0
Belize,BLZ,Americas,reproductive_age,2003,127.0
Yemen,YEM,Eastern Mediterranean,reproductive_age,2013,112.0
Solomon Islands,SLB,Western Pacific,reproductive_age,2006,121.0
Sierra Leone,SLE,Africa,reproductive_age,2016,119.0
Chile,CHL,Americas,reproductive_age,2006,134.0
Niger,NER,Africa,reproductive_age,2018,118.0
Peru,PER,Americas,reproductive_age,2013,129.0
Lebanon,LBN,Eastern Mediterranean,reproductive_age,2014,126.0
Cote d'Ivoire,CIV,Africa,reproductive_age,2011,117.0
Malaysia,MYS,Western Pacific,reproductive_age,2001,123.0
Libya,LBY,Eastern Mediterranean,reproductive_age,2012,125.0
San Marino,SMR,Europe,reproductive_age,2000,131.0
Libya,LBY,Eastern Mediterranean,reproductive_age,2006,125.0
Türkiye,TUR,Europe,reproductive_age,2004,124.0
Gabon,GAB,Africa,reproductive_age,2006,115.0
Croatia,HRV,Europe,reproductive_age,2015,129.0
Latvia,LVA,Europe,reproductive_age,2003,128.0
Switzerland,CHE,Europe,reproductive_age,2011,132.0
Niger,NER,Africa,reproductive_age,2003,117.0
Antigua and Barbuda,ATG,Americas,reproductive_age,2009,131.0
Georgia,GEO,Europe,reproductive_age,2005,126.0
Austria,AUT,Europe,reproductive_age,2003,131.0
Afghanistan,AFG,Eastern Mediterranean,reproductive_age,2000,123.0
Nicaragua,NIC,Americas,reproductive_age,2013,132.0
Sri Lanka,LKA,South-East Asia,reproductive_age,2005,123.0
Central African Republic,CAF,Africa,reproductive_age,2010,118.0
Hungary,HUN,Europe,reproductive_age,2012,129.0
Mexico,MEX,Americas,reproductive_age,2004,131.0
Croatia,HRV,Europe,reproductive_age,2013,129.0
Congo,COG,Africa,reproductive_age,2004,115.0
Slovakia,SVK,Europe,reproductive_age,2000,128.0
Russian Federation,RUS,Europe,reproductive_age,2000,128.0
Ireland,IRL,Europe,reproductive_age,2003,132.0
Micronesia (Federated States of),FSM,Western Pacific,reproductive_age,2017,128.0
Guatemala,GTM,Americas,reproductive_age,2004,131.0
Gambia,GMB,Africa,reproductive_age,2004,113.0
United States of America,USA,Americas,reproductive_age,2016,132.0
Israel,ISR,Europe,reproductive_age,2017,131.0
Guinea-Bissau,GNB,Africa,reproductive_age,2009,117.0
Saint Vincent and the Grenadines,VCT,Americas,reproductive_age,2007,130.0
Marshall Islands,MHL,Western Pacific,reproductive_age,2007,125.0
Chile,CHL,Americas,reproductive_age,2009,134.0
United States of America,USA,Americas,reproductive_age,2005,134.0
Cambodia,KHM,Western Pacific,reproductive_age,2000,117.0
Monaco,MCO,Europe,reproductive_age,2008,131.0
Zambia,ZMB,Africa,reproductive_age,2008,124.0
Republic of Moldova,MDA,Europe,reproductive_age,2001,126.0
Mali,MLI,Africa,reproductive_age,2010,114.0
Greece,GRC,Europe,reproductive_age,2005,131.0
Philippines,PHL,Western Pacific,reproductive_age,2009,128.0
Somalia,SOM,Eastern Mediterranean,reproductive_age,2015,120.0
Liberia,LBR,Africa,reproductive_age,2001,117.0
Liberia,LBR,Africa,reproductive_age,2012,120.0
Iraq,IRQ,Eastern Mediterranean,reproductive_age,2001,120.0
Serbia,SRB,Europe,reproductive_age,2009,128.0
Kenya,KEN,Africa,reproductive_age,2016,128.0
South Africa,ZAF,Africa,reproductive_age,2004,124.0
Ethiopia,ETH,Africa,reproductive_age,2018,128.0
Slovakia,SVK,Europe,reproductive_age,2008,128.0
Haiti,HTI,Americas,reproductive_age,2012,118.0
Uzbekistan,UZB,Europe,reproductive_age,2002,120.0
Uzbekistan,UZB,Europe,reproductive_age,2014,126.0
Hungary,HUN,Europe,reproductive_age,2018,129.0
Malaysia,MYS,Western Pacific,reproductive_age,2006,124.0
Turkmenistan,TKM,Europe,reproductive_age,2006,126.0
Marshall Islands,MHL,Western Pacific,reproductive_age,2012,125.0
Paraguay,PRY,Americas,reproductive_age,2004,128.0
Kazakhstan,KAZ,Europe,reproductive_age,2004,125.0
Brazil,BRA,Americas,reproductive_age,2010,130.0
Somalia,SOM,Eastern Mediterranean,reproductive_age,2003,118.0
Serbia,SRB,Europe,reproductive_age,2005,128.0
Russian Federation,RUS,Europe,reproductive_age,2004,129.0
Myanmar,MMR,South-East Asia,reproductive_age,2012,122.0
Saint Lucia,LCA,Americas,reproductive_age,2008,132.0
Trinidad and Tobago,TTO,Americas,reproductive_age,2017,130.0
Dominica,DMA,Americas,reproductive_age,2008,129.0
Saint Vincent and the Grenadines,VCT,Americas,reproductive_age,2016,131.0
Burkina Faso,BFA,Africa,reproductive_age,2003,115.0
Ghana,GHA,Africa,reproductive_age,2013,120.0
Maldives,MDV,South-East Asia,reproductive_age,2009,120.0
Azerbaijan,AZE,Europe,reproductive_age,2002,121.0
Togo,TGO,Africa,reproductive_age,2007,118.0
United Arab Emirates,ARE,Eastern Mediterranean,reproductive_age,2011,127.0
Cameroon,CMR,Africa,reproductive_age,2018,121.0
Cameroon,CMR,Africa,reproductive_age,2004,120.0
Iraq,IRQ,Eastern Mediterranean,reproductive_age,2012,124.0
Dominica,DMA,Americas,reproductive_age,2018,129.0
Nepal,NPL,South-East Asia,reproductive_age,2003,121.0
Guinea,GIN,Africa,reproductive_age,2007,117.0
Uzbekistan,UZB,Europe,reproductive_age,2015,126.0
Slovenia,SVN,Europe,reproductive_age,2016,129.0
Benin,BEN,Africa,reproductive_age,2016,116.0
Syrian Arab Republic,SYR,Eastern Mediterranean,reproductive_age,2009,124.0
Montenegro,MNE,Europe,reproductive_age,2018,131.0
Belize,BLZ,Americas,reproductive_age,2019,129.0
Singapore,SGP,Western Pacific,reproductive_age,2015,131.0
Qatar,QAT,Eastern Mediterranean,reproductive_age,2017,126.0
Belize,BLZ,Americas,reproductive_age,2017,129.0
Australia,AUS,Western Pacific,reproductive_age,2010,133.0
North Macedonia,MKD,Europe,reproductive_age,2003,131.0
Suriname,SUR,Americas,reproductive_age,2000,126.0
Saint Kitts and Nevis,KNA,Americas,reproductive_age,2008,131.0
Guinea-Bissau,GNB,Africa,reproductive_age,2013,118.0
Sudan,SDN,Eastern Mediterranean,reproductive_age,2007,121.0
Belarus,BLR,Europe,reproductive_age,2002,129.0
Uganda,UGA,Africa,reproductive_age,2011,125.0
Guatemala,GTM,Americas,reproductive_age,2000,129.0
Denmark,DNK,Europe,reproductive_age,2003,131.0
Oman,OMN,Eastern Mediterranean,reproductive_age,2006,124.0
Iceland,ISL,Europe,reproductive_age,2001,132.0
Luxembourg,LUX,Europe,reproductive_age,2007,133.0
United Kingdom of Great Britain and Northern Ireland,GBR,Europe,reproductive_age,2002,132.0
Ireland,IRL,Europe,reproductive_age,2002,132.0
Germany,DEU,Europe,reproductive_age,2009,132.0
Vanuatu,VUT,Western Pacific,reproductive_age,2008,127.0
Hungary,HUN,Europe,reproductive_age,2009,129.0
Antigua and Barbuda,ATG,Americas,reproductive_age,2018,131.0
Ecuador,ECU,Americas,reproductive_age,2017,129.0
Georgia,GEO,Europe,reproductive_age,2006,126.0
Niue,NIU,Western Pacific,reproductive_age,2014,127.0
Guyana,GUY,Americas,reproductive_age,2016,124.0
Belarus,BLR,Europe,reproductive_age,2007,129.0
Croatia,HRV,Europe,reproductive_age,2008,129.0
United States of America,USA,Americas,reproductive_age,2014,132.0
Denmark,DNK,Europe,reproductive_age,2008,131.0
Andorra,AND,Europe,reproductive_age,2003,132.0
Timor-Leste,TLS,South-East Asia,reproductive_age,2006,125.0
Iraq,IRQ,Eastern Mediterranean,reproductive_age,2015,124.0
Bhutan,BTN,South-East Asia,reproductive_age,2017,122.0
North Macedonia,MKD,Europe,reproductive_age,2010,131.0
Zimbabwe,ZWE,Africa,reproductive_age,2017,126.0
Democratic People's Republic of Korea,PRK,South-East Asia,reproductive_age,2012,125.0
Iran (Islamic Republic of),IRN,Eastern Mediterranean,reproductive_age,2011,128.0
Italy,ITA,Europe,reproductive_age,2019,131.0
Libya,LBY,Eastern Mediterranean,reproductive_age,2004,125.0
Somalia,SOM,Eastern Mediterranean,reproductive_age,2014,119.0
Luxembourg,LUX,Europe,reproductive_age,2006,133.0
Chile,CHL,Americas,reproductive_age,2008,134.0
South Africa,ZAF,Africa,reproductive_age,2006,125.0
Jamaica,JAM,Americas,reproductive_age,2005,129.0
Suriname,SUR,Americas,reproductive_age,2005,128.0
Seychelles,SYC,Africa,reproductive_age,2003,127.0
Norway,NOR,Europe,reproductive_age,2011,131.0
Myanmar,MMR,South-East Asia,reproductive_age,2004,120.0
Republic of Moldova,MDA,Europe,reproductive_age,2003,126.0
Bahamas,BHS,Americas,reproductive_age,2002,131.0
Somalia,SOM,Eastern Mediterranean,reproductive_age,2000,118.0
Mozambique,MOZ,Africa,reproductive_age,2007,118.0
Lao People's Democratic Republic,LAO,Western Pacific,reproductive_age,2019,122.0
Cambodia,KHM,Western Pacific,reproductive_age,2015,120.0
Ireland,IRL,Europe,reproductive_age,2005,132.0
Dominican Republic,DOM,Americas,reproductive_age,2010,126.0
Latvia,LVA,Europe,reproductive_age,2006,128.0
Central African Republic,CAF,Africa,reproductive_age,2015,119.0
Armenia,ARM,Europe,reproductive_age,2001,129.0
North Macedonia,MKD,Europe,reproductive_age,2006,131.0
Turkmenistan,TKM,Europe,reproductive_age,2001,124.0
Vanuatu,VUT,Western Pacific,reproductive_age,2001,125.0
Saint Kitts and Nevis,KNA,Americas,reproductive_age,2019,132.0
Mauritius,MUS,Africa,reproductive_age,2018,129.0
Panama,PAN,Americas,reproductive_age,2007,127.0
Mongolia,MNG,Western Pacific,reproductive_age,2004,131.0
Armenia,ARM,Europe,reproductive_age,2003,129.0
Ukraine,UKR,Europe,reproductive_age,2006,133.0
Seychelles,SYC,Africa,reproductive_age,2015,128.0
Burkina Faso,BFA,Africa,reproductive_age,2011,116.0
Somalia,SOM,Eastern Mediterranean,reproductive_age,2012,119.0
Antigua and Barbuda,ATG,Americas,reproductive_age,2016,131.0
Liberia,LBR,Africa,reproductive_age,2013,120.0
Comoros,COM,Africa,reproductive_age,2012,125.0
Georgia,GEO,Europe,reproductive_age,2019,126.0
Bangladesh,BGD,South-East Asia,reproductive_age,2001,123.0
Russian Federation,RUS,Europe,reproductive_age,2016,129.0
Spain,ESP,Europe,reproductive_age,2018,131.0
Libya,LBY,Eastern Mediterranean,reproductive_age,2002,124.0
Malaysia,MYS,Western Pacific,reproductive_age,2005,124.0
Chad,TCD,Africa,reproductive_age,2018,119.0
Bangladesh,BGD,South-East Asia,reproductive_age,2006,123.0
Luxembourg,LUX,Europe,reproductive_age,2012,132.0
Viet Nam,VNM,Western Pacific,reproductive_age,2000,126.0
Jamaica,JAM,Americas,reproductive_age,2018,129.0
Malaysia,MYS,Western Pacific,reproductive_age,2008,124.0
Netherlands (Kingdom of the),NLD,Europe,reproductive_age,2004,131.0
Oman,OMN,Eastern Mediterranean,reproductive_age,2005,124.0
Ethiopia,ETH,Africa,reproductive_age,2003,126.0
Cuba,CUB,Americas,reproductive_age,2012,129.0
Mozambique,MOZ,Africa,reproductive_age,2001,118.0
Azerbaijan,AZE,Europe,reproductive_age,2015,123.0
Eritrea,ERI,Africa,reproductive_age,2007,122.0
Dominica,DMA,Americas,reproductive_age,2000,127.0
Ghana,GHA,Africa,reproductive_age,2007,118.0
Antigua and Barbuda,ATG,Americas,reproductive_age,2013,131.0
Azerbaijan,AZE,Europe,reproductive_age,2014,123.0
Myanmar,MMR,South-East Asia,reproductive_age,2001,119.0
Naoero,NRU,Western Pacific,reproductive_age,2008,125.0
Saint Kitts and Nevis,KNA,Americas,reproductive_age,2015,132.0
Libya,LBY,Eastern Mediterranean,reproductive_age,2015,125.0
India,IND,South-East Asia,reproductive_age,2005,116.0
Burkina Faso,BFA,Africa,reproductive_age,2019,117.0
Panama,PAN,Americas,reproductive_age,2005,127.0
Estonia,EST,Europe,reproductive_age,2003,129.0
Bosnia and Herzegovina,BIH,Europe,reproductive_age,2001,127.0
Papua New Guinea,PNG,Western Pacific,reproductive_age,2013,125.0
Netherlands (Kingdom of the),NLD,Europe,reproductive_age,2008,131.0
Armenia,ARM,Europe,reproductive_age,2000,129.0
Fiji,FJI,Western Pacific,reproductive_age,2014,124.0
Israel,ISR,Europe,reproductive_age,2003,131.0
Andorra,AND,Europe,reproductive_age,2012,132.0
Guatemala,GTM,Americas,reproductive_age,2008,132.0
Mauritania,MRT,Africa,reproductive_age,2015,120.0
Yemen,YEM,Eastern Mediterranean,reproductive_age,2007,111.0
United States of America,USA,Americas,reproductive_age,2011,133.0
Burundi,BDI,Africa,reproductive_age,2011,126.0
Tajikistan,TJK,Europe,reproductive_age,2018,123.0
Myanmar,MMR,South-East Asia,reproductive_age,2005,120.0
Antigua and Barbuda,ATG,Americas,reproductive_age,2012,131.0
Togo,TGO,Africa,reproductive_age,2018,119.0
United Arab Emirates,ARE,Eastern Mediterranean,reproductive_age,2004,127.0
South Africa,ZAF,Africa,reproductive_age,2012,127.0
Zambia,ZMB,Africa,reproductive_age,2011,125.0
Naoero,NRU,Western Pacific,reproductive_age,2005,126.0
Burundi,BDI,Africa,reproductive_age,2007,125.0
Liberia,LBR,Africa,reproductive_age,2014,121.0
Australia,AUS,Western Pacific,reproductive_age,2014,133.0
Chile,CHL,Americas,reproductive_age,2019,134.0
Palau,PLW,Western Pacific,reproductive_age,2000,126.0
Angola,AGO,Africa,reproductive_age,2005,118.0
Austria,AUT,Europe,reproductive_age,2002,131.0
Ukraine,UKR,Europe,reproductive_age,2001,134.0
Saudi Arabia,SAU,Eastern Mediterranean,reproductive_age,2013,127.0
Jordan,JOR,Eastern Mediterranean,reproductive_age,2008,126.0
Angola,AGO,Africa,reproductive_age,2012,119.0
Sudan,SDN,Eastern Mediterranean,reproductive_age,2015,122.0
Samoa,WSM,Western Pacific,reproductive_age,2014,128.0
Greece,GRC,Europe,reproductive_age,2009,131.0
Poland,POL,Europe,reproductive_age,2004,130.0
Kazakhstan,KAZ,Europe,reproductive_age,2013,126.0
Brunei Darussalam,BRN,Western Pacific,reproductive_age,2016,130.0
Dominica,DMA,Americas,reproductive_age,2012,129.0
Algeria,DZA,Africa,reproductive_age,2013,124.0
Albania,ALB,Europe,reproductive_age,2010,128.0
Pakistan,PAK,Eastern Mediterranean,reproductive_age,2003,120.0
Kazakhstan,KAZ,Europe,reproductive_age,2002,124.0
Kuwait,KWT,Eastern Mediterranean,reproductive_age,2004,129.0
Somalia,SOM,Eastern Mediterranean,reproductive_age,2001,118.0
Australia,AUS,Western Pacific,reproductive_age,2006,133.0
Slovenia,SVN,Europe,reproductive_age,2015,129.0
Thailand,THA,South-East Asia,reproductive_age,2008,128.0
"occupied Palestinian territory, including east Jerusalem",PSE,Eastern Mediterranean,reproductive_age,2010,126.0
Belgium,BEL,Europe,reproductive_age,2001,131.0
Micronesia (Federated States of),FSM,Western Pacific,reproductive_age,2002,129.0
Trinidad and Tobago,TTO,Americas,reproductive_age,2006,129.0
Rwanda,RWA,Africa,reproductive_age,2016,131.0
Nigeria,NGA,Africa,reproductive_age,2017,116.0
Turkmenistan,TKM,Europe,reproductive_age,2017,127.0
Slovakia,SVK,Europe,reproductive_age,2003,128.0
Ukraine,UKR,Europe,reproductive_age,2012,132.0
Mauritius,MUS,Africa,reproductive_age,2016,130.0
Romania,ROU,Europe,reproductive_age,2007,128.0
Guatemala,GTM,Americas,reproductive_age,2017,136.0
Grenada,GRD,Americas,reproductive_age,2013,130.0
Belize,BLZ,Americas,reproductive_age,2011,129.0
Libya,LBY,Eastern Mediterranean,reproductive_age,2007,125.0
Niue,NIU,Western Pacific,reproductive_age,2006,127.0
Eswatini,SWZ,Africa,reproductive_age,2006,126.0
Barbados,BRB,Americas,reproductive_age,2008,131.0
Jamaica,JAM,Americas,reproductive_age,2015,130.0
South Sudan,SSD,Africa,reproductive_age,2001,122.0
South Sudan,SSD,Africa,reproductive_age,2009,124.0
Israel,ISR,Europe,reproductive_age,2004,131.0
Eritrea,ERI,Africa,reproductive_age,2015,123.0
Somalia,SOM,Eastern Mediterranean,reproductive_age,2005,118.0
Georgia,GEO,Europe,reproductive_age,2003,125.0
Mozambique,MOZ,Africa,reproductive_age,2013,118.0
Ethiopia,ETH,Africa,reproductive_age,2016,129.0
Iran (Islamic Republic of),IRN,Eastern Mediterranean,reproductive_age,2005,127.0
South Sudan,SSD,Africa,reproductive_age,2005,123.0
Naoero,NRU,Western Pacific,reproductive_age,2016,125.0
Cambodia,KHM,Western Pacific,reproductive_age,2011,120.0
Brunei Darussalam,BRN,Western Pacific,reproductive_age,2003,130.0
Kiribati,KIR,Western Pacific,reproductive_age,2017,125.0
Cyprus,CYP,Europe,reproductive_age,2009,131.0
Iceland,ISL,Europe,reproductive_age,2012,132.0
Vanuatu,VUT,Western Pacific,reproductive_age,2016,127.0
Ghana,GHA,Africa,reproductive_age,2006,118.0
Malaysia,MYS,Western Pacific,reproductive_age,2000,123.0
Algeria,DZA,Africa,reproductive_age,2016,124.0
Lao People's Democratic Republic,LAO,Western Pacific,reproductive_age,2008,122.0
Eritrea,ERI,Africa,reproductive_age,2006,122.0
United Arab Emirates,ARE,Eastern Mediterranean,reproductive_age,2003,127.0
Croatia,HRV,Europe,reproductive_age,2011,129.0
Ukraine,UKR,Europe,reproductive_age,2002,134.0
Papua New Guinea,PNG,Western Pacific,reproductive_age,2011,125.0
North Macedonia,MKD,Europe,reproductive_age,2002,131.0
Zimbabwe,ZWE,Africa,reproductive_age,2004,124.0
Luxembourg,LUX,Europe,reproductive_age,2000,133.0
Montenegro,MNE,Europe,reproductive_age,2011,131.0
Malawi,MWI,Africa,reproductive_age,2019,125.0
Mali,MLI,Africa,reproductive_age,2001,112.0
Bangladesh,BGD,South-East Asia,reproductive_age,2011,123.0
Democratic Republic of the Congo,COD,Africa,reproductive_age,2017,120.0
Fiji,FJI,Western Pacific,reproductive_age,2009,124.0
Colombia,COL,Americas,reproductive_age,2015,129.0
New Zealand,NZL,Western Pacific,reproductive_age,2009,132.0
Tuvalu,TUV,Western Pacific,reproductive_age,2009,127.0
Naoero,NRU,Western Pacific,reproductive_age,2015,126.0
Sierra Leone,SLE,Africa,reproductive_age,2017,119.0
Slovakia,SVK,Europe,reproductive_age,2006,128.0
Viet Nam,VNM,Western Pacific,reproductive_age,2013,130.0
Naoero,NRU,Western Pacific,reproductive_age,2007,125.0
Saudi Arabia,SAU,Eastern Mediterranean,reproductive_age,2017,126.0
Djibouti,DJI,Eastern Mediterranean,reproductive_age,2003,124.0
Angola,AGO,Africa,reproductive_age,2019,120.0
Botswana,BWA,Africa,reproductive_age,2018,125.0
Spain,ESP,Europe,reproductive_age,2019,131.0
Gambia,GMB,Africa,reproductive_age,2009,114.0
Japan,JPN,Western Pacific,reproductive_age,2004,127.0
Chile,CHL,Americas,reproductive_age,2000,134.0
Tunisia,TUN,Eastern Mediterranean,reproductive_age,2001,125.0
Australia,AUS,Western Pacific,reproductive_age,2005,133.0
Spain,ESP,Europe,reproductive_age,2005,132.0
Belgium,BEL,Europe,reproductive_age,2008,131.0
Albania,ALB,Europe,reproductive_age,2016,127.0
Central African Republic,CAF,Africa,reproductive_age,2016,119.0
Uruguay,URY,Americas,reproductive_age,2018,131.0
India,IND,South-East Asia,reproductive_age,2003,116.0
Guinea-Bissau,GNB,Africa,reproductive_age,2006,117.0
Armenia,ARM,Europe,reproductive_age,2010,130.0
Turkmenistan,TKM,Europe,reproductive_age,2018,127.0
El Salvador,SLV,Americas,reproductive_age,2004,135.0
Peru,PER,Americas,reproductive_age,2019,128.0
France,FRA,Europe,reproductive_age,2001,133.0
Switzerland,CHE,Europe,reproductive_age,2000,132.0
Cambodia,KHM,Western Pacific,reproductive_age,2009,119.0
Argentina,ARG,Americas,reproductive_age,2004,130.0
Bolivia (Plurinational State of),BOL,Americas,reproductive_age,2013,127.0
South Africa,ZAF,Africa,reproductive_age,2003,124.0
Algeria,DZA,Africa,reproductive_age,2014,124.0
Indonesia,IDN,Western Pacific,reproductive_age,2012,126.0
Zambia,ZMB,Africa,reproductive_age,2009,125.0
Pakistan,PAK,Eastern Mediterranean,reproductive_age,2000,120.0
Turkmenistan,TKM,Europe,reproductive_age,2019,126.0
Yemen,YEM,Eastern Mediterranean,reproductive_age,2004,110.0
Tajikistan,TJK,Europe,reproductive_age,2002,122.0
Vanuatu,VUT,Western Pacific,reproductive_age,2017,127.0
Malawi,MWI,Africa,reproductive_age,2006,123.0
Liberia,LBR,Africa,reproductive_age,2006,118.0
Andorra,AND,Europe,reproductive_age,2019,131.0
Ireland,IRL,Europe,reproductive_age,2014,131.0
Belarus,BLR,Europe,reproductive_age,2003,129.0
North Macedonia,MKD,Europe,reproductive_age,2017,130.0
Bahamas,BHS,Americas,reproductive_age,2004,132.0
Burundi,BDI,Africa,reproductive_age,2013,125.0
Greece,GRC,Europe,reproductive_age,2004,131.0
Finland,FIN,Europe,reproductive_age,2003,132.0
Sao Tome and Principe,STP,Africa,reproductive_age,2013,119.0
Ireland,IRL,Europe,reproductive_age,2004,132.0
Colombia,COL,Americas,reproductive_age,2019,129.0
Niue,NIU,Western Pacific,reproductive_age,2008,127.0
Haiti,HTI,Americas,reproductive_age,2015,119.0
Suriname,SUR,Americas,reproductive_age,2003,127.0
Argentina,ARG,Americas,reproductive_age,2001,130.0
Gambia,GMB,Africa,reproductive_age,2003,112.0
Armenia,ARM,Europe,reproductive_age,2018,130.0
Croatia,HRV,Europe,reproductive_age,2018,129.0
Portugal,PRT,Europe,reproductive_age,2012,131.0
Estonia,EST,Europe,reproductive_age,2005,129.0
Democratic People's Republic of Korea,PRK,South-East Asia,reproductive_age,2010,125.0
Cuba,CUB,Americas,reproductive_age,2019,130.0
Democratic People's Republic of Korea,PRK,South-East Asia,reproductive_age,2019,124.0
Switzerland,CHE,Europe,reproductive_age,2014,132.0
Nepal,NPL,South-East Asia,reproductive_age,2015,124.0
Gabon,GAB,Africa,reproductive_age,2001,114.0
Mexico,MEX,Americas,reproductive_age,2003,130.0
South Africa,ZAF,Africa,reproductive_age,2018,126.0
Austria,AUT,Europe,reproductive_age,2016,131.0
Trinidad and Tobago,TTO,Americas,reproductive_age,2007,129.0
Paraguay,PRY,Americas,reproductive_age,2012,128.0
Austria,AUT,Europe,reproductive_age,2012,131.0
Belarus,BLR,Europe,reproductive_age,2017,129.0
Kyrgyzstan,KGZ,Europe,reproductive_age,2008,123.0
Sierra Leone,SLE,Africa,reproductive_age,2013,119.0
Uruguay,URY,Americas,reproductive_age,2010,132.0
Costa Rica,CRI,Americas,reproductive_age,2003,131.0
Niue,NIU,Western Pacific,reproductive_age,2009,127.0
Sri Lanka,LKA,South-East Asia,reproductive_age,2007,123.0
Seychelles,SYC,Africa,reproductive_age,2019,128.0
Naoero,NRU,Western Pacific,reproductive_age,2014,126.0
Bolivia (Plurinational State of),BOL,Americas,reproductive_age,2014,127.0
Austria,AUT,Europe,reproductive_age,2008,131.0
Estonia,EST,Europe,reproductive_age,2004,129.0
Cyprus,CYP,Europe,reproductive_age,2019,131.0
Morocco,MAR,Eastern Mediterranean,reproductive_age,2012,126.0
Central African Republic,CAF,Africa,reproductive_age,2009,118.0
Switzerland,CHE,Europe,reproductive_age,2002,132.0
Cuba,CUB,Americas,reproductive_age,2010,129.0
Samoa,WSM,Western Pacific,reproductive_age,2002,128.0
Myanmar,MMR,South-East Asia,reproductive_age,2014,122.0
Ecuador,ECU,Americas,reproductive_age,2011,128.0
Saint Vincent and the Grenadines,VCT,Americas,reproductive_age,2015,131.0
Chad,TCD,Africa,reproductive_age,2017,119.0
Uruguay,URY,Americas,reproductive_age,2014,131.0
Lesotho,LSO,Africa,reproductive_age,2018,127.0
Micronesia (Federated States of),FSM,Western Pacific,reproductive_age,2007,128.0
Iran (Islamic Republic of),IRN,Eastern Mediterranean,reproductive_age,2001,127.0
Malta,MLT,Europe,reproductive_age,2004,131.0
Barbados,BRB,Americas,reproductive_age,2003,130.0
Bolivia (Plurinational State of),BOL,Americas,reproductive_age,2008,125.0
Albania,ALB,Europe,reproductive_age,2012,128.0
Armenia,ARM,Europe,reproductive_age,2009,130.0
Argentina,ARG,Americas,reproductive_age,2016,132.0
Democratic Republic of the Congo,COD,Africa,reproductive_age,2013,119.0
Kiribati,KIR,Western Pacific,reproductive_age,2002,125.0
Tajikistan,TJK,Europe,reproductive_age,2003,123.0
Luxembourg,LUX,Europe,reproductive_age,2009,133.0
Philippines,PHL,Western Pacific,reproductive_age,2011,129.0
New Zealand,NZL,Western Pacific,reproductive_age,2012,132.0
Congo,COG,Africa,reproductive_age,2017,118.0
Slovenia,SVN,Europe,reproductive_age,2019,128.0
Saint Vincent and the Grenadines,VCT,Americas,reproductive_age,2012,131.0
Brazil,BRA,Americas,reproductive_age,2017,131.0
Lao People's Democratic Republic,LAO,Western Pacific,reproductive_age,2014,123.0
Iraq,IRQ,Eastern Mediterranean,reproductive_age,2003,121.0
Fiji,FJI,Western Pacific,reproductive_age,2008,124.0
Gabon,GAB,Africa,reproductive_age,2016,117.0
Guinea,GIN,Africa,reproductive_age,2001,116.0
Czechia,CZE,Europe,reproductive_age,2000,129.0
Gabon,GAB,Africa,reproductive_age,2005,114.0
Dominica,DMA,Americas,reproductive_age,2016,129.0
Ghana,GHA,Africa,reproductive_age,2016,122.0
Zimbabwe,ZWE,Africa,reproductive_age,2019,126.0
Montenegro,MNE,Europe,reproductive_age,2004,131.0
Mali,MLI,Africa,reproductive_age,2005,113.0
Kyrgyzstan,KGZ,Europe,reproductive_age,2013,123.0
Bulgaria,BGR,Europe,reproductive_age,2012,128.0
Norway,NOR,Europe,reproductive_age,2012,131.0
Kenya,KEN,Africa,reproductive_age,2000,123.0
Venezuela (Bolivarian Republic of),VEN,Americas,reproductive_age,2016,128.0
Zimbabwe,ZWE,Africa,reproductive_age,2000,124.0
China,CHN,Western Pacific,reproductive_age,2007,132.0
China,CHN,Western Pacific,reproductive_age,2012,133.0
Guinea,GIN,Africa,reproductive_age,2006,116.0
Suriname,SUR,Americas,reproductive_age,2007,128.0
Malta,MLT,Europe,reproductive_age,2001,131.0
Eritrea,ERI,Africa,reproductive_age,2010,123.0
Bahrain,BHR,Eastern Mediterranean,reproductive_age,2004,122.0
Saint Kitts and Nevis,KNA,Americas,reproductive_age,2012,131.0
Azerbaijan,AZE,Europe,reproductive_age,2010,123.0
Monaco,MCO,Europe,reproductive_age,2000,131.0
Croatia,HRV,Europe,reproductive_age,2010,129.0
Türkiye,TUR,Europe,reproductive_age,2015,125.0
Lao People's Democratic Republic,LAO,Western Pacific,reproductive_age,2012,123.0
Equatorial Guinea,GNQ,Africa,reproductive_age,2011,118.0
Netherlands (Kingdom of the),NLD,Europe,reproductive_age,2012,131.0
Lithuania,LTU,Europe,reproductive_age,2019,129.0
Namibia,NAM,Africa,reproductive_age,2005,127.0
Uzbekistan,UZB,Europe,reproductive_age,2018,126.0
Mauritius,MUS,Africa,reproductive_age,2010,131.0
Tonga,TON,Western Pacific,reproductive_age,2001,126.0
Spain,ESP,Europe,reproductive_age,2006,132.0
Cuba,CUB,Americas,reproductive_age,2000,126.0
Jordan,JOR,Eastern Mediterranean,reproductive_age,2007,126.0
Germany,DEU,Europe,reproductive_age,2017,131.0
Costa Rica,CRI,Americas,reproductive_age,2013,132.0
Jamaica,JAM,Americas,reproductive_age,2011,130.0
Philippines,PHL,Western Pacific,reproductive_age,2003,127.0
Grenada,GRD,Americas,reproductive_age,2011,130.0
Belgium,BEL,Europe,reproductive_age,2011,131.0
Jordan,JOR,Eastern Mediterranean,reproductive_age,2015,124.0
United Kingdom of Great Britain and Northern Ireland,GBR,Europe,reproductive_age,2018,132.0
Libya,LBY,Eastern Mediterranean,reproductive_age,2009,125.0
Syrian Arab Republic,SYR,Eastern Mediterranean,reproductive_age,2002,123.0
Congo,COG,Africa,reproductive_age,2009,116.0
Gabon,GAB,Africa,reproductive_age,2000,114.0
Yemen,YEM,Eastern Mediterranean,reproductive_age,2006,111.0
Dominican Republic,DOM,Americas,reproductive_age,2007,125.0
Trinidad and Tobago,TTO,Americas,reproductive_age,2010,130.0
France,FRA,Europe,reproductive_age,2008,132.0
Italy,ITA,Europe,reproductive_age,2003,131.0
Trinidad and Tobago,TTO,Americas,reproductive_age,2013,130.0
Ukraine,UKR,Europe,reproductive_age,2011,132.0
Ecuador,ECU,Americas,reproductive_age,2004,127.0
Germany,DEU,Europe,reproductive_age,2003,132.0
Afghanistan,AFG,Eastern Mediterranean,reproductive_age,2019,120.0
Grenada,GRD,Americas,reproductive_age,2009,130.0
Iceland,ISL,Europe,reproductive_age,2003,132.0
Grenada,GRD,Americas,reproductive_age,2019,130.0
Maldives,MDV,South-East Asia,reproductive_age,2005,120.0
Papua New Guinea,PNG,Western Pacific,reproductive_age,2004,125.0
Syrian Arab Republic,SYR,Eastern Mediterranean,reproductive_age,2019,124.0
Philippines,PHL,Western Pacific,reproductive_age,2016,130.0
China,CHN,Western Pacific,reproductive_age,2015,133.0
Saint Kitts and Nevis,KNA,Americas,reproductive_age,2017,132.0
Nigeria,NGA,Africa,reproductive_age,2002,114.0
Iceland,ISL,Europe,reproductive_age,2017,132.0
Palau,PLW,Western Pacific,reproductive_age,2018,126.0
Luxembourg,LUX,Europe,reproductive_age,2002,133.0
Russian Federation,RUS,Europe,reproductive_age,2013,129.0
Marshall Islands,MHL,Western Pacific,reproductive_age,2009,125.0
Italy,ITA,Europe,reproductive_age,2016,131.0
Saint Kitts and Nevis,KNA,Americas,reproductive_age,2006,130.0
Iraq,IRQ,Eastern Mediterranean,reproductive_age,2007,122.0
Tajikistan,TJK,Europe,reproductive_age,2006,124.0
North Macedonia,MKD,Europe,reproductive_age,2012,130.0
Marshall Islands,MHL,Western Pacific,reproductive_age,2006,125.0
Costa Rica,CRI,Americas,reproductive_age,2014,132.0
Papua New Guinea,PNG,Western Pacific,reproductive_age,2007,125.0
Greece,GRC,Europe,reproductive_age,2001,131.0
Kyrgyzstan,KGZ,Europe,reproductive_age,2007,123.0
Zambia,ZMB,Africa,reproductive_age,2015,125.0
Thailand,THA,South-East Asia,reproductive_age,2011,128.0
Saint Kitts and Nevis,KNA,Americas,reproductive_age,2000,130.0
Philippines,PHL,Western Pacific,reproductive_age,2008,128.0
France,FRA,Europe,reproductive_age,2019,132.0
Palau,PLW,Western Pacific,reproductive_age,2009,126.0
Chile,CHL,Americas,reproductive_age,2001,134.0
Ghana,GHA,Africa,reproductive_age,2009,119.0
Netherlands (Kingdom of the),NLD,Europe,reproductive_age,2007,131.0
Sierra Leone,SLE,Africa,reproductive_age,2000,116.0
Republic of Moldova,MDA,Europe,reproductive_age,2019,127.0
Mali,MLI,Africa,reproductive_age,2003,112.0
Czechia,CZE,Europe,reproductive_age,2003,129.0
Chile,CHL,Americas,reproductive_age,2018,134.0
Pakistan,PAK,Eastern Mediterranean,reproductive_age,2006,120.0
Peru,PER,Americas,reproductive_age,2016,129.0
China,CHN,Western Pacific,reproductive_age,2010,132.0
Cabo Verde,CPV,Africa,reproductive_age,2016,127.0
Finland,FIN,Europe,reproductive_age,2009,132.0
Solomon Islands,SLB,Western Pacific,reproductive_age,2017,122.0
Sudan,SDN,Eastern Mediterranean,reproductive_age,2016,122.0
Malawi,MWI,Africa,reproductive_age,2017,125.0
Guatemala,GTM,Americas,reproductive_age,2007,132.0
Tunisia,TUN,Eastern Mediterranean,reproductive_age,2002,125.0
Belize,BLZ,Americas,reproductive_age,2018,129.0
Brunei Darussalam,BRN,Western Pacific,reproductive_age,2000,129.0
Bahrain,BHR,Eastern Mediterranean,reproductive_age,2006,122.0
Armenia,ARM,Europe,reproductive_age,2013,130.0
Cabo Verde,CPV,Africa,reproductive_age,2007,126.0
Qatar,QAT,Eastern Mediterranean,reproductive_age,2000,124.0
United Arab Emirates,ARE,Eastern Mediterranean,reproductive_age,2006,127.0
Ghana,GHA,Africa,reproductive_age,2010,119.0
Tajikistan,TJK,Europe,reproductive_age,2016,124.0
Djibouti,DJI,Eastern Mediterranean,reproductive_age,2008,125.0
North Macedonia,MKD,Europe,reproductive_age,2014,130.0
Eritrea,ERI,Africa,reproductive_age,2017,123.0
Sao Tome and Principe,STP,Africa,reproductive_age,2014,119.0
Iran (Islamic Republic of),IRN,Eastern Mediterranean,reproductive_age,2019,127.0
Saint Vincent and the Grenadines,VCT,Americas,reproductive_age,2002,129.0
Kyrgyzstan,KGZ,Europe,reproductive_age,2004,123.0
Germany,DEU,Europe,reproductive_age,2005,132.0
Liberia,LBR,Africa,reproductive_age,2009,119.0
Germany,DEU,Europe,reproductive_age,2008,132.0
Lesotho,LSO,Africa,reproductive_age,2012,127.0
Oman,OMN,Eastern Mediterranean,reproductive_age,2011,125.0
Guinea,GIN,Africa,reproductive_age,2009,117.0
Uruguay,URY,Americas,reproductive_age,2016,131.0
Solomon Islands,SLB,Western Pacific,reproductive_age,2015,122.0
Portugal,PRT,Europe,reproductive_age,2016,131.0
Libya,LBY,Eastern Mediterranean,reproductive_age,2010,125.0
Kazakhstan,KAZ,Europe,reproductive_age,2012,126.0
Brunei Darussalam,BRN,Western Pacific,reproductive_age,2015,130.0
Suriname,SUR,Americas,reproductive_age,2016,129.0
Kyrgyzstan,KGZ,Europe,reproductive_age,2012,123.0
Grenada,GRD,Americas,reproductive_age,2007,129.0
South Sudan,SSD,Africa,reproductive_age,2013,124.0
Mexico,MEX,Americas,reproductive_age,2005,131.0
Namibia,NAM,Africa,reproductive_age,2019,128.0
United States of America,USA,Americas,reproductive_age,2009,133.0
Tuvalu,TUV,Western Pacific,reproductive_age,2013,127.0
Oman,OMN,Eastern Mediterranean,reproductive_age,2019,125.0
Niue,NIU,Western Pacific,reproductive_age,2018,127.0
Estonia,EST,Europe,reproductive_age,2008,129.0
San Marino,SMR,Europe,reproductive_age,2016,131.0
Myanmar,MMR,South-East Asia,reproductive_age,2017,121.0
Bolivia (Plurinational State of),BOL,Americas,reproductive_age,2012,126.0
Jordan,JOR,Eastern Mediterranean,reproductive_age,2019,123.0
Samoa,WSM,Western Pacific,reproductive_age,2012,128.0
Slovakia,SVK,Europe,reproductive_age,2004,128.0
Israel,ISR,Europe,reproductive_age,2015,131.0
Somalia,SOM,Eastern Mediterranean,reproductive_age,2016,120.0
Burundi,BDI,Africa,reproductive_age,2004,125.0
Afghanistan,AFG,Eastern Mediterranean,reproductive_age,2009,122.0
Spain,ESP,Europe,reproductive_age,2011,131.0
Costa Rica,CRI,Americas,reproductive_age,2011,132.0
Tuvalu,TUV,Western Pacific,reproductive_age,2010,127.0
Sao Tome and Principe,STP,Africa,reproductive_age,2005,118.0
Indonesia,IDN,Western Pacific,reproductive_age,2015,125.0
Albania,ALB,Europe,reproductive_age,2005,127.0
Paraguay,PRY,Americas,reproductive_age,2006,128.0
Malawi,MWI,Africa,reproductive_age,2016,125.0
Tonga,TON,Western Pacific,reproductive_age,2016,126.0
Saint Vincent and the Grenadines,VCT,Americas,reproductive_age,2004,129.0
Malaysia,MYS,Western Pacific,reproductive_age,2017,124.0
Serbia,SRB,Europe,reproductive_age,2003,128.0
Saint Lucia,LCA,Americas,reproductive_age,2005,132.0
Bolivia (Plurinational State of),BOL,Americas,reproductive_age,2009,126.0
Cuba,CUB,Americas,reproductive_age,2015,130.0
Kuwait,KWT,Eastern Mediterranean,reproductive_age,2010,129.0
Niue,NIU,Western Pacific,reproductive_age,2016,127.0
Zimbabwe,ZWE,Africa,reproductive_age,2007,125.0
Russian Federation,RUS,Europe,reproductive_age,2010,129.0
Belgium,BEL,Europe,reproductive_age,2010,131.0
Lebanon,LBN,Eastern Mediterranean,reproductive_age,2004,127.0
Antigua and Barbuda,ATG,Americas,reproductive_age,2017,131.0
Gambia,GMB,Africa,reproductive_age,2017,117.0
Serbia,SRB,Europe,reproductive_age,2018,128.0
Guyana,GUY,Americas,reproductive_age,2019,125.0
Chile,CHL,Americas,reproductive_age,2013,134.0
United Kingdom of Great Britain and Northern Ireland,GBR,Europe,reproductive_age,2012,132.0
Mauritius,MUS,Africa,reproductive_age,2011,131.0
Uzbekistan,UZB,Europe,reproductive_age,2004,121.0
Turkmenistan,TKM,Europe,reproductive_age,2003,125.0
Angola,AGO,Africa,reproductive_age,2018,120.0
Mongolia,MNG,Western Pacific,reproductive_age,2000,132.0
Poland,POL,Europe,reproductive_age,2000,130.0
Burkina Faso,BFA,Africa,reproductive_age,2017,117.0
Iran (Islamic Republic of),IRN,Eastern Mediterranean,reproductive_age,2018,127.0
Poland,POL,Europe,reproductive_age,2008,130.0
Liberia,LBR,Africa,reproductive_age,2007,119.0
France,FRA,Europe,reproductive_age,2010,132.0
Tonga,TON,Western Pacific,reproductive_age,2006,127.0
Madagascar,MDG,Africa,reproductive_age,2004,121.0
Burkina Faso,BFA,Africa,reproductive_age,2008,116.0
Argentina,ARG,Americas,reproductive_age,2003,130.0
Indonesia,IDN,Western Pacific,reproductive_age,2004,125.0
Iraq,IRQ,Eastern Mediterranean,reproductive_age,2013,124.0
Belgium,BEL,Europe,reproductive_age,2003,131.0
Algeria,DZA,Africa,reproductive_age,2008,123.0
Marshall Islands,MHL,Western Pacific,reproductive_age,2001,125.0
Singapore,SGP,Western Pacific,reproductive_age,2005,131.0
Estonia,EST,Europe,reproductive_age,2011,129.0
Lesotho,LSO,Africa,reproductive_age,2005,125.0
Marshall Islands,MHL,Western Pacific,reproductive_age,2010,125.0
Sweden,SWE,Europe,reproductive_age,2012,131.0
Dominican Republic,DOM,Americas,reproductive_age,2000,123.0
Djibouti,DJI,Eastern Mediterranean,reproductive_age,2000,123.0
Cabo Verde,CPV,Africa,reproductive_age,2013,127.0
Samoa,WSM,Western Pacific,reproductive_age,2017,128.0
Gabon,GAB,Africa,reproductive_age,2003,114.0
Sweden,SWE,Europe,reproductive_age,2008,131.0
Kyrgyzstan,KGZ,Europe,reproductive_age,2014,123.0
Gambia,GMB,Africa,reproductive_age,2002,112.0
Serbia,SRB,Europe,reproductive_age,2015,128.0
Trinidad and Tobago,TTO,Americas,reproductive_age,2002,128.0
United Republic of Tanzania,TZA,Africa,reproductive_age,2010,121.0
Uzbekistan,UZB,Europe,reproductive_age,2011,125.0
Malta,MLT,Europe,reproductive_age,2013,131.0
Honduras,HND,Americas,reproductive_age,2002,129.0
Ecuador,ECU,Americas,reproductive_age,2010,128.0
Maldives,MDV,South-East Asia,reproductive_age,2016,119.0
Saint Lucia,LCA,Americas,reproductive_age,2019,133.0
Iraq,IRQ,Eastern Mediterranean,reproductive_age,2019,124.0
Peru,PER,Americas,reproductive_age,2014,129.0
Solomon Islands,SLB,Western Pacific,reproductive_age,2007,121.0
Cameroon,CMR,Africa,reproductive_age,2003,120.0
Iceland,ISL,Europe,reproductive_age,2007,132.0
Congo,COG,Africa,reproductive_age,2011,117.0
Indonesia,IDN,Western Pacific,reproductive_age,2003,124.0
Gabon,GAB,Africa,reproductive_age,2017,117.0
Congo,COG,Africa,reproductive_age,2005,116.0
Cook Islands,COK,Western Pacific,reproductive_age,2015,127.0
Guinea-Bissau,GNB,Africa,reproductive_age,2001,116.0
Greece,GRC,Europe,reproductive_age,2013,131.0
Algeria,DZA,Africa,reproductive_age,2001,123.0
Honduras,HND,Americas,reproductive_age,2006,130.0
Saint Lucia,LCA,Americas,reproductive_age,2016,133.0
India,IND,South-East Asia,reproductive_age,2014,117.0
Yemen,YEM,Eastern Mediterranean,reproductive_age,2001,110.0
Jamaica,JAM,Americas,reproductive_age,2002,128.0
Germany,DEU,Europe,reproductive_age,2001,132.0
Viet Nam,VNM,Western Pacific,reproductive_age,2004,128.0
Algeria,DZA,Africa,reproductive_age,2018,124.0
Greece,GRC,Europe,reproductive_age,2011,131.0
Bosnia and Herzegovina,BIH,Europe,reproductive_age,2005,127.0
Bhutan,BTN,South-East Asia,reproductive_age,2001,120.0
Tuvalu,TUV,Western Pacific,reproductive_age,2008,127.0
Iraq,IRQ,Eastern Mediterranean,reproductive_age,2018,124.0
El Salvador,SLV,Americas,reproductive_age,2014,134.0
Morocco,MAR,Eastern Mediterranean,reproductive_age,2002,124.0
Kiribati,KIR,Western Pacific,reproductive_age,2000,124.0
Malaysia,MYS,Western Pacific,reproductive_age,2019,124.0
Czechia,CZE,Europe,reproductive_age,2007,129.0
Poland,POL,Europe,reproductive_age,2003,130.0
Georgia,GEO,Europe,reproductive_age,2015,126.0
Lesotho,LSO,Africa,reproductive_age,2019,127.0
Portugal,PRT,Europe,reproductive_age,2006,131.0
Eswatini,SWZ,Africa,reproductive_age,2004,125.0
Nicaragua,NIC,Americas,reproductive_age,2001,129.0
Fiji,FJI,Western Pacific,reproductive_age,2001,123.0
Gabon,GAB,Africa,reproductive_age,2007,115.0
Estonia,EST,Europe,reproductive_age,2016,128.0
Viet Nam,VNM,Western Pacific,reproductive_age,2011,130.0
Cote d'Ivoire,CIV,Africa,reproductive_age,2014,117.0
South Africa,ZAF,Africa,reproductive_age,2007,125.0
Argentina,ARG,Americas,reproductive_age,2017,132.0
Uzbekistan,UZB,Europe,reproductive_age,2013,125.0
Denmark,DNK,Europe,reproductive_age,2016,131.0
Syrian Arab Republic,SYR,Eastern Mediterranean,reproductive_age,2010,124.0
Indonesia,IDN,Western Pacific,reproductive_age,2010,126.0
Vanuatu,VUT,Western Pacific,reproductive_age,2007,127.0
France,FRA,Europe,reproductive_age,2012,132.0
France,FRA,Europe,reproductive_age,2000,133.0
Bangladesh,BGD,South-East Asia,reproductive_age,2017,123.0
Poland,POL,Europe,reproductive_age,2006,130.0
Tonga,TON,Western Pacific,reproductive_age,2012,127.0
Czechia,CZE,Europe,reproductive_age,2001,129.0
Malaysia,MYS,Western Pacific,reproductive_age,2004,123.0
Sao Tome and Principe,STP,Africa,reproductive_age,2009,119.0
Mali,MLI,Africa,reproductive_age,2007,113.0
France,FRA,Europe,reproductive_age,2011,132.0
Czechia,CZE,Europe,reproductive_age,2008,129.0
Ethiopia,ETH,Africa,reproductive_age,2006,127.0
Estonia,EST,Europe,reproductive_age,2019,128.0
Tajikistan,TJK,Europe,reproductive_age,2000,122.0
Spain,ESP,Europe,reproductive_age,2004,132.0
New Zealand,NZL,Western Pacific,reproductive_age,2014,132.0
Cabo Verde,CPV,Africa,reproductive_age,2015,127.0
Pakistan,PAK,Eastern Mediterranean,reproductive_age,2018,120.0
Peru,PER,Americas,reproductive_age,2005,126.0
Canada,CAN,Americas,reproductive_age,2003,133.0
Republic of Moldova,MDA,Europe,reproductive_age,2012,127.0
Ecuador,ECU,Americas,reproductive_age,2009,128.0
Bolivia (Plurinational State of),BOL,Americas,reproductive_age,2002,125.0
Comoros,COM,Africa,reproductive_age,2003,123.0
Venezuela (Bolivarian Republic of),VEN,Americas,reproductive_age,2004,127.0
Mongolia,MNG,Western Pacific,reproductive_age,2018,131.0
Comoros,COM,Africa,reproductive_age,2015,125.0
Mexico,MEX,Americas,reproductive_age,2013,133.0
Peru,PER,Americas,reproductive_age,2002,125.0
Belarus,BLR,Europe,reproductive_age,2005,129.0
Guinea,GIN,Africa,reproductive_age,2012,117.0
United Republic of Tanzania,TZA,Africa,reproductive_age,2011,121.0
China,CHN,Western Pacific,reproductive_age,2008,132.0
Kuwait,KWT,Eastern Mediterranean,reproductive_age,2006,129.0
Hungary,HUN,Europe,reproductive_age,2002,130.0
Mozambique,MOZ,Africa,reproductive_age,2008,118.0
Bahamas,BHS,Americas,reproductive_age,2009,132.0
Saudi Arabia,SAU,Eastern Mediterranean,reproductive_age,2010,126.0
Switzerland,CHE,Europe,reproductive_age,2019,131.0
Cuba,CUB,Americas,reproductive_age,2009,129.0
Haiti,HTI,Americas,reproductive_age,2018,119.0
Iceland,ISL,Europe,reproductive_age,2010,132.0
Cyprus,CYP,Europe,reproductive_age,2018,131.0
Lithuania,LTU,Europe,reproductive_age,2017,129.0
Marshall Islands,MHL,Western Pacific,reproductive_age,2017,125.0
Portugal,PRT,Europe,reproductive_age,2005,131.0
Norway,NOR,Europe,reproductive_age,2018,131.0
Uruguay,URY,Americas,reproductive_age,2002,132.0
Grenada,GRD,Americas,reproductive_age,2018,130.0
Rwanda,RWA,Africa,reproductive_age,2019,131.0
United Kingdom of Great Britain and Northern Ireland,GBR,Europe,reproductive_age,2010,132.0
Eritrea,ERI,Africa,reproductive_age,2003,122.0
Norway,NOR,Europe,reproductive_age,2009,131.0
Israel,ISR,Europe,reproductive_age,2013,131.0
Ireland,IRL,Europe,reproductive_age,2013,131.0
Philippines,PHL,Western Pacific,reproductive_age,2004,127.0
Mauritius,MUS,Africa,reproductive_age,2008,131.0
Trinidad and Tobago,TTO,Americas,reproductive_age,2014,130.0
Qatar,QAT,Eastern Mediterranean,reproductive_age,2019,126.0
Brunei Darussalam,BRN,Western Pacific,reproductive_age,2018,130.0
Bosnia and Herzegovina,BIH,Europe,reproductive_age,2012,128.0
Andorra,AND,Europe,reproductive_age,2018,131.0
Guyana,GUY,Americas,reproductive_age,2006,122.0
United Republic of Tanzania,TZA,Africa,reproductive_age,2012,121.0
Armenia,ARM,Europe,reproductive_age,2005,129.0
Viet Nam,VNM,Western Pacific,reproductive_age,2012,130.0
Uruguay,URY,Americas,reproductive_age,2006,131.0
Slovakia,SVK,Europe,reproductive_age,2010,128.0
Finland,FIN,Europe,reproductive_age,2018,132.0
Poland,POL,Europe,reproductive_age,2019,130.0
Cook Islands,COK,Western Pacific,reproductive_age,2006,127.0
India,IND,South-East Asia,reproductive_age,2015,117.0
Haiti,HTI,Americas,reproductive_age,2007,117.0
Seychelles,SYC,Africa,reproductive_age,2008,128.0
Haiti,HTI,Americas,reproductive_age,2019,119.0
Haiti,HTI,Americas,reproductive_age,2014,119.0
Paraguay,PRY,Americas,reproductive_age,2003,128.0
Central African Republic,CAF,Africa,reproductive_age,2006,118.0
Guatemala,GTM,Americas,reproductive_age,2013,135.0
Iceland,ISL,Europe,reproductive_age,2018,132.0
Djibouti,DJI,Eastern Mediterranean,reproductive_age,2019,125.0
Denmark,DNK,Europe,reproductive_age,2013,131.0
Zambia,ZMB,Africa,reproductive_age,2005,124.0
Cabo Verde,CPV,Africa,reproductive_age,2019,127.0
Brazil,BRA,Americas,reproductive_age,2007,129.0
San Marino,SMR,Europe,reproductive_age,2006,132.0
Kuwait,KWT,Eastern Mediterranean,reproductive_age,2011,129.0
United Arab Emirates,ARE,Eastern Mediterranean,reproductive_age,2008,127.0
Congo,COG,Africa,reproductive_age,2010,117.0
Viet Nam,VNM,Western Pacific,reproductive_age,2007,129.0
Italy,ITA,Europe,reproductive_age,2002,131.0
Israel,ISR,Europe,reproductive_age,2007,131.0
Australia,AUS,Western Pacific,reproductive_age,2019,133.0
Somalia,SOM,Eastern Mediterranean,reproductive_age,2017,120.0
Liberia,LBR,Africa,reproductive_age,2003,118.0
Central African Republic,CAF,Africa,reproductive_age,2019,119.0
Sierra Leone,SLE,Africa,reproductive_age,2002,116.0
Latvia,LVA,Europe,reproductive_age,2002,128.0
Kiribati,KIR,Western Pacific,reproductive_age,2006,125.0
Belgium,BEL,Europe,reproductive_age,2009,131.0
Slovenia,SVN,Europe,reproductive_age,2012,129.0
Denmark,DNK,Europe,reproductive_age,2006,131.0
Morocco,MAR,Eastern Mediterranean,reproductive_age,2003,124.0
Malaysia,MYS,Western Pacific,reproductive_age,2009,124.0
Trinidad and Tobago,TTO,Americas,reproductive_age,2011,130.0
Jordan,JOR,Eastern Mediterranean,reproductive_age,2012,125.0
Tajikistan,TJK,Europe,reproductive_age,2015,124.0
Mongolia,MNG,Western Pacific,reproductive_age,2012,131.0
Norway,NOR,Europe,reproductive_age,2005,131.0
Belarus,BLR,Europe,reproductive_age,2001,129.0
Bahrain,BHR,Eastern Mediterranean,reproductive_age,2003,121.0
Vanuatu,VUT,Western Pacific,reproductive_age,2019,126.0
Madagascar,MDG,Africa,reproductive_age,2008,122.0
Solomon Islands,SLB,Western Pacific,reproductive_age,2001,121.0
Denmark,DNK,Europe,reproductive_age,2012,131.0
Liberia,LBR,Africa,reproductive_age,2016,121.0
Palau,PLW,Western Pacific,reproductive_age,2007,126.0
Democratic People's Republic of Korea,PRK,South-East Asia,reproductive_age,2000,124.0
Ukraine,UKR,Europe,reproductive_age,2005,133.0
Fiji,FJI,Western Pacific,reproductive_age,2011,124.0
Mali,MLI,Africa,reproductive_age,2018,114.0
Sudan,SDN,Eastern Mediterranean,reproductive_age,2004,121.0
Libya,LBY,Eastern Mediterranean,reproductive_age,2000,124.0
Libya,LBY,Eastern Mediterranean,reproductive_age,2017,125.0
Iran (Islamic Republic of),IRN,Eastern Mediterranean,reproductive_age,2015,128.0
Andorra,AND,Europe,reproductive_age,2017,131.0
Canada,CAN,Americas,reproductive_age,2001,133.0
Kazakhstan,KAZ,Europe,reproductive_age,2018,126.0
Honduras,HND,Americas,reproductive_age,2016,131.0
Micronesia (Federated States of),FSM,Western Pacific,reproductive_age,2005,129.0
United Kingdom of Great Britain and Northern Ireland,GBR,Europe,reproductive_age,2017,132.0
Honduras,HND,Americas,reproductive_age,2003,129.0
Congo,COG,Africa,reproductive_age,2002,115.0
Hungary,HUN,Europe,reproductive_age,2011,129.0
Solomon Islands,SLB,Western Pacific,reproductive_age,2018,122.0
Namibia,NAM,Africa,reproductive_age,2018,128.0
Estonia,EST,Europe,reproductive_age,2001,129.0
Iran (Islamic Republic of),IRN,Eastern Mediterranean,reproductive_age,2012,128.0
Republic of Korea,KOR,Western Pacific,reproductive_age,2009,129.0
Liberia,LBR,Africa,reproductive_age,2008,119.0
Saudi Arabia,SAU,Eastern Mediterranean,reproductive_age,2014,127.0
Cuba,CUB,Americas,reproductive_age,2016,130.0
Bangladesh,BGD,South-East Asia,reproductive_age,2004,123.0
Morocco,MAR,Eastern Mediterranean,reproductive_age,2010,125.0
Nigeria,NGA,Africa,reproductive_age,2006,115.0
Fiji,FJI,Western Pacific,reproductive_age,2010,124.0
Uzbekistan,UZB,Europe,reproductive_age,2008,123.0
United States of America,USA,Americas,reproductive_age,2000,135.0
Bhutan,BTN,South-East Asia,reproductive_age,2008,121.0
Portugal,PRT,Europe,reproductive_age,2013,131.0
Senegal,SEN,Africa,reproductive_age,2019,117.0
Cyprus,CYP,Europe,reproductive_age,2015,131.0
India,IND,South-East Asia,reproductive_age,2017,117.0
Paraguay,PRY,Americas,reproductive_age,2018,128.0
Sierra Leone,SLE,Africa,reproductive_age,2014,119.0
Latvia,LVA,Europe,reproductive_age,2010,129.0
Guatemala,GTM,Americas,reproductive_age,2009,133.0
Zimbabwe,ZWE,Africa,reproductive_age,2015,126.0
Tuvalu,TUV,Western Pacific,reproductive_age,2000,127.0
Austria,AUT,Europe,reproductive_age,2004,131.0
South Africa,ZAF,Africa,reproductive_age,2016,127.0
Eritrea,ERI,Africa,reproductive_age,2000,121.0
Bulgaria,BGR,Europe,reproductive_age,2013,128.0
Benin,BEN,Africa,reproductive_age,2004,113.0
Oman,OMN,Eastern Mediterranean,reproductive_age,2003,123.0
Honduras,HND,Americas,reproductive_age,2014,131.0
Papua New Guinea,PNG,Western Pacific,reproductive_age,2005,125.0
Greece,GRC,Europe,reproductive_age,2008,131.0
Niger,NER,Africa,reproductive_age,2015,117.0
Chile,CHL,Americas,reproductive_age,2010,134.0
Afghanistan,AFG,Eastern Mediterranean,reproductive_age,2007,122.0
South Africa,ZAF,Africa,reproductive_age,2014,127.0
Türkiye,TUR,Europe,reproductive_age,2009,125.0
Antigua and Barbuda,ATG,Americas,reproductive_age,2006,130.0
Micronesia (Federated States of),FSM,Western Pacific,reproductive_age,2003,129.0
Luxembourg,LUX,Europe,reproductive_age,2001,133.0
Belgium,BEL,Europe,reproductive_age,2016,131.0
Mexico,MEX,Americas,reproductive_age,2016,133.0
Dominica,DMA,Americas,reproductive_age,2009,129.0
Luxembourg,LUX,Europe,reproductive_age,2003,133.0
Croatia,HRV,Europe,reproductive_age,2012,129.0
Bangladesh,BGD,South-East Asia,reproductive_age,2008,123.0
Türkiye,TUR,Europe,reproductive_age,2001,123.0
Croatia,HRV,Europe,reproductive_age,2014,129.0
Kenya,KEN,Africa,reproductive_age,2017,127.0
Venezuela (Bolivarian Republic of),VEN,Americas,reproductive_age,2009,129.0
Papua New Guinea,PNG,Western Pacific,reproductive_age,2017,124.0
Iceland,ISL,Europe,reproductive_age,2005,132.0
"occupied Palestinian territory, including east Jerusalem",PSE,Eastern Mediterranean,reproductive_age,2007,125.0
Luxembourg,LUX,Europe,reproductive_age,2019,132.0
Finland,FIN,Europe,reproductive_age,2004,132.0
Nepal,NPL,South-East Asia,reproductive_age,2006,122.0
Romania,ROU,Europe,reproductive_age,2010,128.0
Germany,DEU,Europe,reproductive_age,2015,132.0
Norway,NOR,Europe,reproductive_age,2000,131.0
Haiti,HTI,Americas,reproductive_age,2016,119.0
Fiji,FJI,Western Pacific,reproductive_age,2018,124.0
Colombia,COL,Americas,reproductive_age,2008,127.0
Niue,NIU,Western Pacific,reproductive_age,2004,127.0
Germany,DEU,Europe,reproductive_age,2006,132.0
Barbados,BRB,Americas,reproductive_age,2019,131.0
Eswatini,SWZ,Africa,reproductive_age,2014,126.0
Papua New Guinea,PNG,Western Pacific,reproductive_age,2012,125.0
Zambia,ZMB,Africa,reproductive_age,2001,123.0
Comoros,COM,Africa,reproductive_age,2009,124.0
Ethiopia,ETH,Africa,reproductive_age,2004,126.0
Angola,AGO,Africa,reproductive_age,2003,117.0
Sri Lanka,LKA,South-East Asia,reproductive_age,2013,124.0
Azerbaijan,AZE,Europe,reproductive_age,2001,121.0
Equatorial Guinea,GNQ,Africa,reproductive_age,2012,118.0
South Sudan,SSD,Africa,reproductive_age,2006,123.0
Naoero,NRU,Western Pacific,reproductive_age,2000,126.0
Jordan,JOR,Eastern Mediterranean,reproductive_age,2001,125.0
Tunisia,TUN,Eastern Mediterranean,reproductive_age,2005,125.0
Brunei Darussalam,BRN,Western Pacific,reproductive_age,2004,130.0
Lebanon,LBN,Eastern Mediterranean,reproductive_age,2018,126.0
Comoros,COM,Africa,reproductive_age,2005,123.0
Uzbekistan,UZB,Europe,reproductive_age,2012,125.0
Norway,NOR,Europe,reproductive_age,2015,131.0
United States of America,USA,Americas,reproductive_age,2007,134.0
Madagascar,MDG,Africa,reproductive_age,2019,123.0
Democratic People's Republic of Korea,PRK,South-East Asia,reproductive_age,2002,124.0
Cabo Verde,CPV,Africa,reproductive_age,2017,127.0
Uzbekistan,UZB,Europe,reproductive_age,2010,124.0
Guyana,GUY,Americas,reproductive_age,2003,121.0
Cote d'Ivoire,CIV,Africa,reproductive_age,2002,116.0
Cambodia,KHM,Western Pacific,reproductive_age,2010,120.0
Guinea,GIN,Africa,reproductive_age,2016,118.0
Panama,PAN,Americas,reproductive_age,2015,129.0
Germany,DEU,Europe,reproductive_age,2007,132.0
Comoros,COM,Africa,reproductive_age,2008,124.0
Ghana,GHA,Africa,reproductive_age,2011,120.0
Estonia,EST,Europe,reproductive_age,2000,129.0
Democratic Republic of the Congo,COD,Africa,reproductive_age,2004,117.0
Sri Lanka,LKA,South-East Asia,reproductive_age,2019,124.0
Estonia,EST,Europe,reproductive_age,2017,128.0
Dominican Republic,DOM,Americas,reproductive_age,2003,124.0
South Sudan,SSD,Africa,reproductive_age,2008,123.0
Ecuador,ECU,Americas,reproductive_age,2018,129.0
Costa Rica,CRI,Americas,reproductive_age,2018,132.0
Timor-Leste,TLS,South-East Asia,reproductive_age,2014,126.0
Slovenia,SVN,Europe,reproductive_age,2017,129.0
Djibouti,DJI,Eastern Mediterranean,reproductive_age,2009,126.0
Benin,BEN,Africa,reproductive_age,2005,114.0
Burkina Faso,BFA,Africa,reproductive_age,2004,115.0
United States of America,USA,Americas,reproductive_age,2003,134.0
Argentina,ARG,Americas,reproductive_age,2013,132.0
Russian Federation,RUS,Europe,reproductive_age,2002,128.0
Venezuela (Bolivarian Republic of),VEN,Americas,reproductive_age,2015,128.0
France,FRA,Europe,reproductive_age,2006,133.0
Democratic Republic of the Congo,COD,Africa,reproductive_age,2007,117.0
India,IND,South-East Asia,reproductive_age,2008,116.0
South Sudan,SSD,Africa,reproductive_age,2003,122.0
Madagascar,MDG,Africa,reproductive_age,2018,123.0
Cuba,CUB,Americas,reproductive_age,2003,127.0
Argentina,ARG,Americas,reproductive_age,2012,132.0
China,CHN,Western Pacific,reproductive_age,2009,132.0
San Marino,SMR,Europe,reproductive_age,2003,132.0
El Salvador,SLV,Americas,reproductive_age,2010,135.0
Bhutan,BTN,South-East Asia,reproductive_age,2007,121.0
Nepal,NPL,South-East Asia,reproductive_age,2004,122.0
Hungary,HUN,Europe,reproductive_age,2010,129.0
Romania,ROU,Europe,reproductive_age,2009,128.0
Qatar,QAT,Eastern Mediterranean,reproductive_age,2010,126.0
Yemen,YEM,Eastern Mediterranean,reproductive_age,2014,112.0
Nepal,NPL,South-East Asia,reproductive_age,2014,124.0
Ghana,GHA,Africa,reproductive_age,2019,123.0
Rwanda,RWA,Africa,reproductive_age,2014,131.0
North Macedonia,MKD,Europe,reproductive_age,2008,131.0
Eritrea,ERI,Africa,reproductive_age,2011,123.0
Belgium,BEL,Europe,reproductive_age,2014,131.0
Haiti,HTI,Americas,reproductive_age,2002,116.0
Antigua and Barbuda,ATG,Americas,reproductive_age,2010,131.0
Germany,DEU,Europe,reproductive_age,2004,132.0
San Marino,SMR,Europe,reproductive_age,2014,131.0
Canada,CAN,Americas,reproductive_age,2014,132.0
Pakistan,PAK,Eastern Mediterranean,reproductive_age,2010,120.0
El Salvador,SLV,Americas,reproductive_age,2002,135.0
Canada,CAN,Americas,reproductive_age,2010,133.0
Burundi,BDI,Africa,reproductive_age,2002,124.0
Afghanistan,AFG,Eastern Mediterranean,reproductive_age,2011,122.0
Denmark,DNK,Europe,reproductive_age,2002,131.0
Syrian Arab Republic,SYR,Eastern Mediterranean,reproductive_age,2008,124.0
Austria,AUT,Europe,reproductive_age,2006,131.0
Singapore,SGP,Western Pacific,reproductive_age,2003,131.0
Portugal,PRT,Europe,reproductive_age,2009,131.0
Gabon,GAB,Africa,reproductive_age,2008,115.0
Egypt,EGY,Eastern Mediterranean,reproductive_age,2018,125.0
Greece,GRC,Europe,reproductive_age,2018,130.0
Benin,BEN,Africa,reproductive_age,2007,114.0
Niger,NER,Africa,reproductive_age,2010,117.0
Republic of Moldova,MDA,Europe,reproductive_age,2011,127.0
Spain,ESP,Europe,reproductive_age,2014,131.0
Morocco,MAR,Eastern Mediterranean,reproductive_age,2018,126.0
Bangladesh,BGD,South-East Asia,reproductive_age,2016,123.0
France,FRA,Europe,reproductive_age,2004,133.0
Burundi,BDI,Africa,reproductive_age,2001,124.0
Marshall Islands,MHL,Western Pacific,reproductive_age,2013,125.0
Saint Lucia,LCA,Americas,reproductive_age,2011,133.0
Greece,GRC,Europe,reproductive_age,2007,131.0
Bahamas,BHS,Americas,reproductive_age,2017,132.0
Congo,COG,Africa,reproductive_age,2016,118.0
Nigeria,NGA,Africa,reproductive_age,2007,115.0
Netherlands (Kingdom of the),NLD,Europe,reproductive_age,2005,131.0
Mozambique,MOZ,Africa,reproductive_age,2000,118.0
Benin,BEN,Africa,reproductive_age,2014,116.0
Palau,PLW,Western Pacific,reproductive_age,2014,126.0
Finland,FIN,Europe,reproductive_age,2017,132.0
Bosnia and Herzegovina,BIH,Europe,reproductive_age,2017,128.0
Bahrain,BHR,Eastern Mediterranean,reproductive_age,2008,123.0
Republic of Moldova,MDA,Europe,reproductive_age,2014,127.0
Israel,ISR,Europe,reproductive_age,2005,131.0
Tunisia,TUN,Eastern Mediterranean,reproductive_age,2013,125.0
Slovenia,SVN,Europe,reproductive_age,2007,129.0
Kenya,KEN,Africa,reproductive_age,2018,127.0
Spain,ESP,Europe,reproductive_age,2003,132.0
Bangladesh,BGD,South-East Asia,reproductive_age,2012,123.0
Liberia,LBR,Africa,reproductive_age,2004,118.0
Myanmar,MMR,South-East Asia,reproductive_age,2002,119.0
Brazil,BRA,Americas,reproductive_age,2015,131.0
United Arab Emirates,ARE,Eastern Mediterranean,reproductive_age,2017,127.0
Lesotho,LSO,Africa,reproductive_age,2002,124.0
Romania,ROU,Europe,reproductive_age,2011,128.0
Kazakhstan,KAZ,Europe,reproductive_age,2008,126.0
Norway,NOR,Europe,reproductive_age,2019,131.0
Bahamas,BHS,Americas,reproductive_age,2008,132.0
Madagascar,MDG,Africa,reproductive_age,2002,121.0
Malta,MLT,Europe,reproductive_age,2014,131.0
Turkmenistan,TKM,Europe,reproductive_age,2005,126.0
Tunisia,TUN,Eastern Mediterranean,reproductive_age,2000,125.0
Montenegro,MNE,Europe,reproductive_age,2016,131.0
Honduras,HND,Americas,reproductive_age,2001,129.0
Niue,NIU,Western Pacific,reproductive_age,2017,127.0
Russian Federation,RUS,Europe,reproductive_age,2009,129.0
Timor-Leste,TLS,South-East Asia,reproductive_age,2015,126.0
Türkiye,TUR,Europe,reproductive_age,2011,125.0
Naoero,NRU,Western Pacific,reproductive_age,2001,126.0
Kazakhstan,KAZ,Europe,reproductive_age,2017,126.0
Benin,BEN,Africa,reproductive_age,2011,116.0
United Arab Emirates,ARE,Eastern Mediterranean,reproductive_age,2018,127.0
Mongolia,MNG,Western Pacific,reproductive_age,2005,131.0
Barbados,BRB,Americas,reproductive_age,2001,130.0
Comoros,COM,Africa,reproductive_age,2010,124.0
Eswatini,SWZ,Africa,reproductive_age,2009,126.0
Brazil,BRA,Americas,reproductive_age,2000,127.0
Colombia,COL,Americas,reproductive_age,2001,125.0
Angola,AGO,Africa,reproductive_age,2010,119.0
Sweden,SWE,Europe,reproductive_age,2016,131.0
Equatorial Guinea,GNQ,Africa,reproductive_age,2000,115.0
Kiribati,KIR,Western Pacific,reproductive_age,2013,125.0
Thailand,THA,South-East Asia,reproductive_age,2004,128.0
Iceland,ISL,Europe,reproductive_age,2002,132.0
Eswatini,SWZ,Africa,reproductive_age,2003,125.0
Angola,AGO,Africa,reproductive_age,2002,117.0
Iceland,ISL,Europe,reproductive_age,2013,132.0
Senegal,SEN,Africa,reproductive_age,2017,116.0
Malta,MLT,Europe,reproductive_age,2005,131.0
Romania,ROU,Europe,reproductive_age,2019,128.0
Czechia,CZE,Europe,reproductive_age,2010,129.0
United Kingdom of Great Britain and Northern Ireland,GBR,Europe,reproductive_age,2009,132.0
Antigua and Barbuda,ATG,Americas,reproductive_age,2001,129.0
Algeria,DZA,Africa,reproductive_age,2000,122.0
New Zealand,NZL,Western Pacific,reproductive_age,2017,132.0
Rwanda,RWA,Africa,reproductive_age,2013,131.0
Seychelles,SYC,Africa,reproductive_age,2017,128.0
Rwanda,RWA,Africa,reproductive_age,2000,128.0
Armenia,ARM,Europe,reproductive_age,2002,129.0
Cameroon,CMR,Africa,reproductive_age,2011,121.0
Angola,AGO,Africa,reproductive_age,2015,120.0
Nicaragua,NIC,Americas,reproductive_age,2002,129.0
Finland,FIN,Europe,reproductive_age,2016,132.0
Poland,POL,Europe,reproductive_age,2005,130.0
Türkiye,TUR,Europe,reproductive_age,2003,124.0
Costa Rica,CRI,Americas,reproductive_age,2015,132.0
Panama,PAN,Americas,reproductive_age,2002,126.0
Republic of Moldova,MDA,Europe,reproductive_age,2017,127.0
Togo,TGO,Africa,reproductive_age,2011,119.0
France,FRA,Europe,reproductive_age,2013,132.0
Kenya,KEN,Africa,reproductive_age,2011,128.0
Monaco,MCO,Europe,reproductive_age,2019,131.0
Benin,BEN,Africa,reproductive_age,2013,116.0
Portugal,PRT,Europe,reproductive_age,2002,131.0
Zambia,ZMB,Africa,reproductive_age,2007,124.0
San Marino,SMR,Europe,reproductive_age,2010,131.0
Uzbekistan,UZB,Europe,reproductive_age,2000,119.0
Paraguay,PRY,Americas,reproductive_age,2015,128.0
Niue,NIU,Western Pacific,reproductive_age,2012,127.0
Vanuatu,VUT,Western Pacific,reproductive_age,2013,127.0
Palau,PLW,Western Pacific,reproductive_age,2017,126.0
Azerbaijan,AZE,Europe,reproductive_age,2008,122.0
Denmark,DNK,Europe,reproductive_age,2007,131.0
Italy,ITA,Europe,reproductive_age,2007,131.0
Madagascar,MDG,Africa,reproductive_age,2013,123.0
Malaysia,MYS,Western Pacific,reproductive_age,2018,124.0
Albania,ALB,Europe,reproductive_age,2000,126.0
South Sudan,SSD,Africa,reproductive_age,2010,124.0
Japan,JPN,Western Pacific,reproductive_age,2001,127.0
Seychelles,SYC,Africa,reproductive_age,2005,127.0
Niue,NIU,Western Pacific,reproductive_age,2007,127.0
Croatia,HRV,Europe,reproductive_age,2001,129.0
Papua New Guinea,PNG,Western Pacific,reproductive_age,2015,125.0
Estonia,EST,Europe,reproductive_age,2014,128.0
Jamaica,JAM,Americas,reproductive_age,2003,128.0
Eritrea,ERI,Africa,reproductive_age,2019,123.0
Hungary,HUN,Europe,reproductive_age,2013,129.0
Luxembourg,LUX,Europe,reproductive_age,2004,133.0
Bangladesh,BGD,South-East Asia,reproductive_age,2000,123.0
Bosnia and Herzegovina,BIH,Europe,reproductive_age,2000,127.0
Benin,BEN,Africa,reproductive_age,2001,113.0
Sierra Leone,SLE,Africa,reproductive_age,2008,118.0
Thailand,THA,South-East Asia,reproductive_age,2006,128.0
Suriname,SUR,Americas,reproductive_age,2010,129.0
Turkmenistan,TKM,Europe,reproductive_age,2010,127.0
Israel,ISR,Europe,reproductive_age,2006,131.0
Malta,MLT,Europe,reproductive_age,2010,131.0
Albania,ALB,Europe,reproductive_age,2013,128.0
Cameroon,CMR,Africa,reproductive_age,2008,121.0
Djibouti,DJI,Eastern Mediterranean,reproductive_age,2018,125.0
Australia,AUS,Western Pacific,reproductive_age,2003,133.0
Ethiopia,ETH,Africa,reproductive_age,2013,129.0
Tuvalu,TUV,Western Pacific,reproductive_age,2016,126.0
Monaco,MCO,Europe,reproductive_age,2006,131.0
"occupied Palestinian territory, including east Jerusalem",PSE,Eastern Mediterranean,reproductive_age,2013,126.0
Thailand,THA,South-East Asia,reproductive_age,2002,128.0
Nigeria,NGA,Africa,reproductive_age,2004,115.0
"occupied Palestinian territory, including east Jerusalem",PSE,Eastern Mediterranean,reproductive_age,2019,126.0
San Marino,SMR,Europe,reproductive_age,2001,132.0
Namibia,NAM,Africa,reproductive_age,2007,128.0
Jamaica,JAM,Americas,reproductive_age,2019,129.0
United Kingdom of Great Britain and Northern Ireland,GBR,Europe,reproductive_age,2006,132.0
Albania,ALB,Europe,reproductive_age,2017,127.0
Benin,BEN,Africa,reproductive_age,2017,116.0
Iceland,ISL,Europe,reproductive_age,2015,132.0
Brunei Darussalam,BRN,Western Pacific,reproductive_age,2014,130.0
Botswana,BWA,Africa,reproductive_age,2003,124.0
Russian Federation,RUS,Europe,reproductive_age,2003,128.0
Canada,CAN,Americas,reproductive_age,2017,132.0
Thailand,THA,South-East Asia,reproductive_age,2018,128.0
Uganda,UGA,Africa,reproductive_age,2014,125.0
China,CHN,Western Pacific,reproductive_age,2013,133.0
India,IND,South-East Asia,reproductive_age,2007,116.0
Mozambique,MOZ,Africa,reproductive_age,2017,119.0
Uganda,UGA,Africa,reproductive_age,2013,125.0
New Zealand,NZL,Western Pacific,reproductive_age,2011,132.0
Argentina,ARG,Americas,reproductive_age,2011,131.0
Romania,ROU,Europe,reproductive_age,2018,128.0
Bangladesh,BGD,South-East Asia,reproductive_age,2009,123.0
Panama,PAN,Americas,reproductive_age,2014,129.0
Syrian Arab Republic,SYR,Eastern Mediterranean,reproductive_age,2006,124.0
Solomon Islands,SLB,Western Pacific,reproductive_age,2014,122.0
Kuwait,KWT,Eastern Mediterranean,reproductive_age,2015,128.0
Djibouti,DJI,Eastern Mediterranean,reproductive_age,2004,124.0
Rwanda,RWA,Africa,reproductive_age,2018,131.0
Poland,POL,Europe,reproductive_age,2007,130.0
Mozambique,MOZ,Africa,reproductive_age,2005,117.0
United Kingdom of Great Britain and Northern Ireland,GBR,Europe,reproductive_age,2001,132.0
"occupied Palestinian territory, including east Jerusalem",PSE,Eastern Mediterranean,reproductive_age,2006,125.0
Togo,TGO,Africa,reproductive_age,2000,117.0
Pakistan,PAK,Eastern Mediterranean,reproductive_age,2013,120.0
Austria,AUT,Europe,reproductive_age,2009,131.0
Saint Vincent and the Grenadines,VCT,Americas,reproductive_age,2005,130.0
Eritrea,ERI,Africa,reproductive_age,2004,122.0
Cameroon,CMR,Africa,reproductive_age,2009,121.0
Albania,ALB,Europe,reproductive_age,2007,128.0
Poland,POL,Europe,reproductive_age,2002,130.0
Qatar,QAT,Eastern Mediterranean,reproductive_age,2007,126.0
Singapore,SGP,Western Pacific,reproductive_age,2001,131.0
Fiji,FJI,Western Pacific,reproductive_age,2005,123.0
Mongolia,MNG,Western Pacific,reproductive_age,2010,131.0
Republic of Korea,KOR,Western Pacific,reproductive_age,2013,130.0
Cabo Verde,CPV,Africa,reproductive_age,2000,124.0
Lebanon,LBN,Eastern Mediterranean,reproductive_age,2000,126.0
Democratic People's Republic of Korea,PRK,South-East Asia,reproductive_age,2014,125.0
Myanmar,MMR,South-East Asia,reproductive_age,2000,119.0
Marshall Islands,MHL,Western Pacific,reproductive_age,2011,125.0
Monaco,MCO,Europe,reproductive_age,2007,131.0
Jordan,JOR,Eastern Mediterranean,reproductive_age,2006,126.0
Gabon,GAB,Africa,reproductive_age,2004,114.0
Belarus,BLR,Europe,reproductive_age,2018,129.0
San Marino,SMR,Europe,reproductive_age,2011,131.0
Brunei Darussalam,BRN,Western Pacific,reproductive_age,2017,130.0
Dominican Republic,DOM,Americas,reproductive_age,2018,127.0
Netherlands (Kingdom of the),NLD,Europe,reproductive_age,2003,132.0
Greece,GRC,Europe,reproductive_age,2015,130.0
Guatemala,GTM,Americas,reproductive_age,2005,131.0
Monaco,MCO,Europe,reproductive_age,2012,131.0
Estonia,EST,Europe,reproductive_age,2007,129.0
Haiti,HTI,Americas,reproductive_age,2009,118.0
Suriname,SUR,Americas,reproductive_age,2012,129.0
Togo,TGO,Africa,reproductive_age,2013,119.0
Argentina,ARG,Americas,reproductive_age,2014,132.0
Slovakia,SVK,Europe,reproductive_age,2016,128.0
Oman,OMN,Eastern Mediterranean,reproductive_age,2018,125.0
Indonesia,IDN,Western Pacific,reproductive_age,2016,125.0
Saudi Arabia,SAU,Eastern Mediterranean,reproductive_age,2005,125.0
Cote d'Ivoire,CIV,Africa,reproductive_age,2015,117.0
Cameroon,CMR,Africa,reproductive_age,2012,121.0
Burkina Faso,BFA,Africa,reproductive_age,2015,117.0
Chad,TCD,Africa,reproductive_age,2007,116.0
Colombia,COL,Americas,reproductive_age,2003,126.0
Belize,BLZ,Americas,reproductive_age,2009,128.0
Lao People's Democratic Republic,LAO,Western Pacific,reproductive_age,2016,122.0
Zimbabwe,ZWE,Africa,reproductive_age,2013,126.0
Mali,MLI,Africa,reproductive_age,2014,114.0
Tuvalu,TUV,Western Pacific,reproductive_age,2018,126.0
Oman,OMN,Eastern Mediterranean,reproductive_age,2015,125.0
Sierra Leone,SLE,Africa,reproductive_age,2005,117.0
Maldives,MDV,South-East Asia,reproductive_age,2008,120.0
North Macedonia,MKD,Europe,reproductive_age,2009,131.0
Cameroon,CMR,Africa,reproductive_age,2010,121.0
Sudan,SDN,Eastern Mediterranean,reproductive_age,2012,122.0
Lithuania,LTU,Europe,reproductive_age,2014,129.0
Cook Islands,COK,Western Pacific,reproductive_age,2017,127.0
Qatar,QAT,Eastern Mediterranean,reproductive_age,2006,125.0
Cook Islands,COK,Western Pacific,reproductive_age,2010,127.0
Tajikistan,TJK,Europe,reproductive_age,2007,124.0
Uganda,UGA,Africa,reproductive_age,2007,124.0
Niger,NER,Africa,reproductive_age,2016,117.0
Bangladesh,BGD,South-East Asia,reproductive_age,2015,123.0
Guatemala,GTM,Americas,reproductive_age,2016,136.0
Japan,JPN,Western Pacific,reproductive_age,2016,128.0
Cote d'Ivoire,CIV,Africa,reproductive_age,2000,116.0
Namibia,NAM,Africa,reproductive_age,2010,128.0
Egypt,EGY,Eastern Mediterranean,reproductive_age,2014,125.0
Austria,AUT,Europe,reproductive_age,2015,131.0
Burkina Faso,BFA,Africa,reproductive_age,2016,117.0
Albania,ALB,Europe,reproductive_age,2006,127.0
Spain,ESP,Europe,reproductive_age,2002,132.0
Timor-Leste,TLS,South-East Asia,reproductive_age,2016,125.0
Austria,AUT,Europe,reproductive_age,2018,131.0
Cameroon,CMR,Africa,reproductive_age,2014,121.0
Mauritius,MUS,Africa,reproductive_age,2003,131.0
Namibia,NAM,Africa,reproductive_age,2009,128.0
Paraguay,PRY,Americas,reproductive_age,2011,128.0
Ireland,IRL,Europe,reproductive_age,2007,132.0
Belgium,BEL,Europe,reproductive_age,2019,130.0
Republic of Moldova,MDA,Europe,reproductive_age,2015,127.0
Portugal,PRT,Europe,reproductive_age,2008,131.0
Hungary,HUN,Europe,reproductive_age,2006,130.0
Uganda,UGA,Africa,reproductive_age,2005,123.0
Iran (Islamic Republic of),IRN,Eastern Mediterranean,reproductive_age,2007,128.0
Serbia,SRB,Europe,reproductive_age,2006,128.0
Albania,ALB,Europe,reproductive_age,2001,126.0
Cook Islands,COK,Western Pacific,reproductive_age,2007,127.0
Iraq,IRQ,Eastern Mediterranean,reproductive_age,2004,121.0
Lebanon,LBN,Eastern Mediterranean,reproductive_age,2012,127.0
Cabo Verde,CPV,Africa,reproductive_age,2008,126.0
Egypt,EGY,Eastern Mediterranean,reproductive_age,2004,123.0
Syrian Arab Republic,SYR,Eastern Mediterranean,reproductive_age,2018,124.0
Bahamas,BHS,Americas,reproductive_age,2005,132.0
Iran (Islamic Republic of),IRN,Eastern Mediterranean,reproductive_age,2008,128.0
Kiribati,KIR,Western Pacific,reproductive_age,2016,125.0
Cyprus,CYP,Europe,reproductive_age,2003,131.0
Georgia,GEO,Europe,reproductive_age,2002,125.0
Monaco,MCO,Europe,reproductive_age,2018,131.0
Dominican Republic,DOM,Americas,reproductive_age,2009,126.0
Namibia,NAM,Africa,reproductive_age,2014,128.0
Germany,DEU,Europe,reproductive_age,2014,132.0
Kuwait,KWT,Eastern Mediterranean,reproductive_age,2012,129.0
Netherlands (Kingdom of the),NLD,Europe,reproductive_age,2006,131.0
Belgium,BEL,Europe,reproductive_age,2013,131.0
Samoa,WSM,Western Pacific,reproductive_age,2004,128.0
Cuba,CUB,Americas,reproductive_age,2018,130.0
Qatar,QAT,Eastern Mediterranean,reproductive_age,2003,125.0
Kyrgyzstan,KGZ,Europe,reproductive_age,2006,123.0
Namibia,NAM,Africa,reproductive_age,2003,127.0
Benin,BEN,Africa,reproductive_age,2012,116.0
Poland,POL,Europe,reproductive_age,2014,130.0
Egypt,EGY,Eastern Mediterranean,reproductive_age,2006,124.0
Eritrea,ERI,Africa,reproductive_age,2002,121.0
Malawi,MWI,Africa,reproductive_age,2015,125.0
Timor-Leste,TLS,South-East Asia,reproductive_age,2010,126.0
Tonga,TON,Western Pacific,reproductive_age,2000,126.0
Palau,PLW,Western Pacific,reproductive_age,2005,126.0
Democratic People's Republic of Korea,PRK,South-East Asia,reproductive_age,2006,125.0
Finland,FIN,Europe,reproductive_age,2005,132.0
Suriname,SUR,Americas,reproductive_age,2004,127.0
Trinidad and Tobago,TTO,Americas,reproductive_age,2005,129.0
Sweden,SWE,Europe,reproductive_age,2009,131.0
Pakistan,PAK,Eastern Mediterranean,reproductive_age,2015,120.0
Norway,NOR,Europe,reproductive_age,2017,131.0
Switzerland,CHE,Europe,reproductive_age,2012,132.0
Rwanda,RWA,Africa,reproductive_age,2015,131.0
Suriname,SUR,Americas,reproductive_age,2014,129.0
Samoa,WSM,Western Pacific,reproductive_age,2006,128.0
Madagascar,MDG,Africa,reproductive_age,2003,121.0
Mauritania,MRT,Africa,reproductive_age,2009,119.0
Samoa,WSM,Western Pacific,reproductive_age,2008,128.0
Belarus,BLR,Europe,reproductive_age,2012,130.0
Australia,AUS,Western Pacific,reproductive_age,2007,133.0
Cyprus,CYP,Europe,reproductive_age,2010,131.0
China,CHN,Western Pacific,reproductive_age,2018,133.0
Bosnia and Herzegovina,BIH,Europe,reproductive_age,2011,127.0
Liberia,LBR,Africa,reproductive_age,2000,117.0
Ukraine,UKR,Europe,reproductive_age,2014,132.0
Malaysia,MYS,Western Pacific,reproductive_age,2012,125.0
Norway,NOR,Europe,reproductive_age,2001,131.0
Niger,NER,Africa,reproductive_age,2008,117.0
Sao Tome and Principe,STP,Africa,reproductive_age,2015,120.0
Finland,FIN,Europe,reproductive_age,2014,132.0
Suriname,SUR,Americas,reproductive_age,2019,129.0
Bhutan,BTN,South-East Asia,reproductive_age,2019,122.0
Bahrain,BHR,Eastern Mediterranean,reproductive_age,2000,121.0
Czechia,CZE,Europe,reproductive_age,2018,129.0
Mali,MLI,Africa,reproductive_age,2009,114.0
Bahrain,BHR,Eastern Mediterranean,reproductive_age,2017,123.0
Kiribati,KIR,Western Pacific,reproductive_age,2015,125.0
Saint Lucia,LCA,Americas,reproductive_age,2018,133.0
Belize,BLZ,Americas,reproductive_age,2000,126.0
Mexico,MEX,Americas,reproductive_age,2018,132.0
Chile,CHL,Americas,reproductive_age,2004,134.0
Madagascar,MDG,Africa,reproductive_age,2005,122.0
Saint Lucia,LCA,Americas,reproductive_age,2009,132.0
Kenya,KEN,Africa,reproductive_age,2010,127.0
Saint Vincent and the Grenadines,VCT,Americas,reproductive_age,2008,130.0
Luxembourg,LUX,Europe,reproductive_age,2013,132.0
Timor-Leste,TLS,South-East Asia,reproductive_age,2005,124.0
Guyana,GUY,Americas,reproductive_age,2017,125.0
Jamaica,JAM,Americas,reproductive_age,2006,129.0
Saint Kitts and Nevis,KNA,Americas,reproductive_age,2003,130.0
Bahrain,BHR,Eastern Mediterranean,reproductive_age,2012,123.0
Armenia,ARM,Europe,reproductive_age,2008,130.0
Ireland,IRL,Europe,reproductive_age,2012,131.0
Bulgaria,BGR,Europe,reproductive_age,2009,128.0
Sao Tome and Principe,STP,Africa,reproductive_age,2010,119.0
United Kingdom of Great Britain and Northern Ireland,GBR,Europe,reproductive_age,2015,132.0
Bangladesh,BGD,South-East Asia,reproductive_age,2007,123.0
Djibouti,DJI,Eastern Mediterranean,reproductive_age,2007,125.0
Djibouti,DJI,Eastern Mediterranean,reproductive_age,2013,126.0
Latvia,LVA,Europe,reproductive_age,2007,129.0
Switzerland,CHE,Europe,reproductive_age,2007,132.0
Zimbabwe,ZWE,Africa,reproductive_age,2008,125.0
Zambia,ZMB,Africa,reproductive_age,2002,123.0
Palau,PLW,Western Pacific,reproductive_age,2001,126.0
Denmark,DNK,Europe,reproductive_age,2018,131.0
Singapore,SGP,Western Pacific,reproductive_age,2011,131.0
Cook Islands,COK,Western Pacific,reproductive_age,2003,127.0
Belize,BLZ,Americas,reproductive_age,2008,128.0
Bolivia (Plurinational State of),BOL,Americas,reproductive_age,2006,125.0
Ecuador,ECU,Americas,reproductive_age,2000,126.0
Gabon,GAB,Africa,reproductive_age,2015,116.0
Czechia,CZE,Europe,reproductive_age,2002,129.0
South Africa,ZAF,Africa,reproductive_age,2019,126.0
United States of America,USA,Americas,reproductive_age,2008,133.0
Nepal,NPL,South-East Asia,reproductive_age,2017,124.0
Romania,ROU,Europe,reproductive_age,2013,128.0
Rwanda,RWA,Africa,reproductive_age,2009,131.0
Armenia,ARM,Europe,reproductive_age,2006,129.0
Saint Kitts and Nevis,KNA,Americas,reproductive_age,2010,131.0
Gabon,GAB,Africa,reproductive_age,2009,115.0
Netherlands (Kingdom of the),NLD,Europe,reproductive_age,2000,132.0
Samoa,WSM,Western Pacific,reproductive_age,2003,128.0
Sudan,SDN,Eastern Mediterranean,reproductive_age,2010,122.0
New Zealand,NZL,Western Pacific,reproductive_age,2005,133.0
Seychelles,SYC,Africa,reproductive_age,2006,128.0
Burkina Faso,BFA,Africa,reproductive_age,2014,117.0
Ethiopia,ETH,Africa,reproductive_age,2009,129.0
Guatemala,GTM,Americas,reproductive_age,2011,134.0
Yemen,YEM,Eastern Mediterranean,reproductive_age,2016,112.0
United Arab Emirates,ARE,Eastern Mediterranean,reproductive_age,2013,127.0
Tonga,TON,Western Pacific,reproductive_age,2010,127.0
Slovakia,SVK,Europe,reproductive_age,2001,128.0
Germany,DEU,Europe,reproductive_age,2000,132.0
Croatia,HRV,Europe,reproductive_age,2004,129.0
Bolivia (Plurinational State of),BOL,Americas,reproductive_age,2011,126.0
Yemen,YEM,Eastern Mediterranean,reproductive_age,2018,112.0
Japan,JPN,Western Pacific,reproductive_age,2019,128.0
Egypt,EGY,Eastern Mediterranean,reproductive_age,2001,123.0
New Zealand,NZL,Western Pacific,reproductive_age,2002,133.0
Slovenia,SVN,Europe,reproductive_age,2008,129.0
Bahamas,BHS,Americas,reproductive_age,2014,132.0
Democratic Republic of the Congo,COD,Africa,reproductive_age,2016,120.0
Austria,AUT,Europe,reproductive_age,2010,131.0
India,IND,South-East Asia,reproductive_age,2019,117.0
Bangladesh,BGD,South-East Asia,reproductive_age,2013,123.0
South Africa,ZAF,Africa,reproductive_age,2011,127.0
Lesotho,LSO,Africa,reproductive_age,2008,126.0
New Zealand,NZL,Western Pacific,reproductive_age,2019,131.0
Lithuania,LTU,Europe,reproductive_age,2002,129.0
Costa Rica,CRI,Americas,reproductive_age,2009,132.0
Türkiye,TUR,Europe,reproductive_age,2014,125.0
Norway,NOR,Europe,reproductive_age,2014,131.0
Benin,BEN,Africa,reproductive_age,2010,115.0
New Zealand,NZL,Western Pacific,reproductive_age,2016,132.0
Iceland,ISL,Europe,reproductive_age,2016,132.0
Qatar,QAT,Eastern Mediterranean,reproductive_age,2011,126.0
Burundi,BDI,Africa,reproductive_age,2008,126.0
Paraguay,PRY,Americas,reproductive_age,2009,128.0
Angola,AGO,Africa,reproductive_age,2013,119.0
Mongolia,MNG,Western Pacific,reproductive_age,2015,131.0
Botswana,BWA,Africa,reproductive_age,2001,123.0
Zimbabwe,ZWE,Africa,reproductive_age,2014,126.0
Central African Republic,CAF,Africa,reproductive_age,2000,117.0
Guatemala,GTM,Americas,reproductive_age,2001,129.0
Kazakhstan,KAZ,Europe,reproductive_age,2003,125.0
Kazakhstan,KAZ,Europe,reproductive_age,2001,124.0
Bhutan,BTN,South-East Asia,reproductive_age,2000,120.0
Italy,ITA,Europe,reproductive_age,2004,131.0
Democratic Republic of the Congo,COD,Africa,reproductive_age,2018,121.0
El Salvador,SLV,Americas,reproductive_age,2009,135.0
Afghanistan,AFG,Eastern Mediterranean,reproductive_age,2001,123.0
Malawi,MWI,Africa,reproductive_age,2003,123.0
Micronesia (Federated States of),FSM,Western Pacific,reproductive_age,2018,127.0
Lao People's Democratic Republic,LAO,Western Pacific,reproductive_age,2005,121.0
Lesotho,LSO,Africa,reproductive_age,2014,127.0
Chad,TCD,Africa,reproductive_age,2008,117.0
Yemen,YEM,Eastern Mediterranean,reproductive_age,2010,112.0
Uganda,UGA,Africa,reproductive_age,2006,124.0
Denmark,DNK,Europe,reproductive_age,2000,131.0
Bolivia (Plurinational State of),BOL,Americas,reproductive_age,2005,125.0
Lebanon,LBN,Eastern Mediterranean,reproductive_age,2010,127.0
Peru,PER,Americas,reproductive_age,2004,126.0
United Kingdom of Great Britain and Northern Ireland,GBR,Europe,reproductive_age,2007,132.0
Somalia,SOM,Eastern Mediterranean,reproductive_age,2010,119.0
Estonia,EST,Europe,reproductive_age,2009,129.0
Hungary,HUN,Europe,reproductive_age,2001,130.0
Tonga,TON,Western Pacific,reproductive_age,2003,127.0
Venezuela (Bolivarian Republic of),VEN,Americas,reproductive_age,2002,127.0
Libya,LBY,Eastern Mediterranean,reproductive_age,2018,125.0
Finland,FIN,Europe,reproductive_age,2012,132.0
Ecuador,ECU,Americas,reproductive_age,2005,127.0
Nepal,NPL,South-East Asia,reproductive_age,2000,120.0
Pakistan,PAK,Eastern Mediterranean,reproductive_age,2016,120.0
Uzbekistan,UZB,Europe,reproductive_age,2019,126.0
Zambia,ZMB,Africa,reproductive_age,2012,125.0
Fiji,FJI,Western Pacific,reproductive_age,2000,123.0
United Republic of Tanzania,TZA,Africa,reproductive_age,2014,121.0
Belgium,BEL,Europe,reproductive_age,2004,131.0
Burundi,BDI,Africa,reproductive_age,2009,126.0
Bulgaria,BGR,Europe,reproductive_age,2005,128.0
Haiti,HTI,Americas,reproductive_age,2017,119.0
Uzbekistan,UZB,Europe,reproductive_age,2009,124.0
Romania,ROU,Europe,reproductive_age,2017,128.0
Andorra,AND,Europe,reproductive_age,2016,131.0
Brunei Darussalam,BRN,Western Pacific,reproductive_age,2009,130.0
Dominican Republic,DOM,Americas,reproductive_age,2012,126.0
Vanuatu,VUT,Western Pacific,reproductive_age,2012,127.0
Japan,JPN,Western Pacific,reproductive_age,2015,128.0
Guyana,GUY,Americas,reproductive_age,2001,120.0
Ghana,GHA,Africa,reproductive_age,2001,118.0
Turkmenistan,TKM,Europe,reproductive_age,2012,127.0
Viet Nam,VNM,Western Pacific,reproductive_age,2002,127.0
Nicaragua,NIC,Americas,reproductive_age,2005,130.0
Egypt,EGY,Eastern Mediterranean,reproductive_age,2015,125.0
Vanuatu,VUT,Western Pacific,reproductive_age,2011,127.0
Saint Kitts and Nevis,KNA,Americas,reproductive_age,2005,130.0
Colombia,COL,Americas,reproductive_age,2012,129.0
Congo,COG,Africa,reproductive_age,2015,118.0
Seychelles,SYC,Africa,reproductive_age,2010,128.0
Tuvalu,TUV,Western Pacific,reproductive_age,2004,127.0
Cook Islands,COK,Western Pacific,reproductive_age,2005,127.0
Namibia,NAM,Africa,reproductive_age,2000,126.0
Mongolia,MNG,Western Pacific,reproductive_age,2008,131.0
Guyana,GUY,Americas,reproductive_age,2018,125.0
Uganda,UGA,Africa,reproductive_age,2019,125.0
Senegal,SEN,Africa,reproductive_age,2010,114.0
Mongolia,MNG,Western Pacific,reproductive_age,2003,131.0
Syrian Arab Republic,SYR,Eastern Mediterranean,reproductive_age,2001,123.0
Italy,ITA,Europe,reproductive_age,2014,131.0
Gabon,GAB,Africa,reproductive_age,2013,116.0
Bolivia (Plurinational State of),BOL,Americas,reproductive_age,2018,128.0
Eswatini,SWZ,Africa,reproductive_age,2000,124.0
Palau,PLW,Western Pacific,reproductive_age,2013,126.0
Republic of Moldova,MDA,Europe,reproductive_age,2004,126.0
United Republic of Tanzania,TZA,Africa,reproductive_age,2018,122.0
Finland,FIN,Europe,reproductive_age,2002,132.0
Costa Rica,CRI,Americas,reproductive_age,2000,130.0
Armenia,ARM,Europe,reproductive_age,2007,129.0
Estonia,EST,Europe,reproductive_age,2010,129.0
Ireland,IRL,Europe,reproductive_age,2000,132.0
Andorra,AND,Europe,reproductive_age,2009,132.0
Central African Republic,CAF,Africa,reproductive_age,2013,119.0
Mali,MLI,Africa,reproductive_age,2012,114.0
Portugal,PRT,Europe,reproductive_age,2001,131.0
Saint Lucia,LCA,Americas,reproductive_age,2010,133.0
Monaco,MCO,Europe,reproductive_age,2015,131.0
Pakistan,PAK,Eastern Mediterranean,reproductive_age,2019,120.0
Syrian Arab Republic,SYR,Eastern Mediterranean,reproductive_age,2007,124.0
Brazil,BRA,Americas,reproductive_age,2013,131.0
Chad,TCD,Africa,reproductive_age,2000,116.0
Singapore,SGP,Western Pacific,reproductive_age,2014,131.0
Congo,COG,Africa,reproductive_age,2000,115.0
Kyrgyzstan,KGZ,Europe,reproductive_age,2011,123.0
Ecuador,ECU,Americas,reproductive_age,2014,129.0
Netherlands (Kingdom of the),NLD,Europe,reproductive_age,2009,131.0
Somalia,SOM,Eastern Mediterranean,reproductive_age,2019,120.0
Belarus,BLR,Europe,reproductive_age,2009,130.0
Cook Islands,COK,Western Pacific,reproductive_age,2002,127.0
Colombia,COL,Americas,reproductive_age,2016,129.0
Niger,NER,Africa,reproductive_age,2012,118.0
Micronesia (Federated States of),FSM,Western Pacific,reproductive_age,2009,128.0
Niue,NIU,Western Pacific,reproductive_age,2010,127.0
Madagascar,MDG,Africa,reproductive_age,2016,123.0
Equatorial Guinea,GNQ,Africa,reproductive_age,2003,115.0
Malaysia,MYS,Western Pacific,reproductive_age,2007,124.0
Venezuela (Bolivarian Republic of),VEN,Americas,reproductive_age,2006,128.0
Lao People's Democratic Republic,LAO,Western Pacific,reproductive_age,2018,122.0
United Kingdom of Great Britain and Northern Ireland,GBR,Europe,reproductive_age,2008,132.0
Romania,ROU,Europe,reproductive_age,2012,128.0
Mexico,MEX,Americas,reproductive_age,2010,132.0
Peru,PER,Americas,reproductive_age,2015,129.0
South Sudan,SSD,Africa,reproductive_age,2000,122.0
Bhutan,BTN,South-East Asia,reproductive_age,2006,121.0
Madagascar,MDG,Africa,reproductive_age,2007,122.0
Brunei Darussalam,BRN,Western Pacific,reproductive_age,2013,130.0
Myanmar,MMR,South-East Asia,reproductive_age,2018,121.0
Andorra,AND,Europe,reproductive_age,2011,132.0
Nepal,NPL,South-East Asia,reproductive_age,2018,124.0
Russian Federation,RUS,Europe,reproductive_age,2018,129.0
Niue,NIU,Western Pacific,reproductive_age,2013,127.0
Cook Islands,COK,Western Pacific,reproductive_age,2001,127.0
Equatorial Guinea,GNQ,Africa,reproductive_age,2015,119.0
Egypt,EGY,Eastern Mediterranean,reproductive_age,2016,125.0
Israel,ISR,Europe,reproductive_age,2012,131.0
Andorra,AND,Europe,reproductive_age,2008,132.0
Barbados,BRB,Americas,reproductive_age,2005,130.0
Barbados,BRB,Americas,reproductive_age,2004,130.0
Micronesia (Federated States of),FSM,Western Pacific,reproductive_age,2010,128.0
Türkiye,TUR,Europe,reproductive_age,2000,123.0
Lesotho,LSO,Africa,reproductive_age,2000,123.0
El Salvador,SLV,Americas,reproductive_age,2006,135.0
Romania,ROU,Europe,reproductive_age,2000,128.0
Colombia,COL,Americas,reproductive_age,2017,129.0
Norway,NOR,Europe,reproductive_age,2008,131.0
Paraguay,PRY,Americas,reproductive_age,2007,128.0
"occupied Palestinian territory, including east Jerusalem",PSE,Eastern Mediterranean,reproductive_age,2017,126.0
Bosnia and Herzegovina,BIH,Europe,reproductive_age,2009,127.0
"occupied Palestinian territory, including east Jerusalem",PSE,Eastern Mediterranean,reproductive_age,2001,124.0
Iraq,IRQ,Eastern Mediterranean,reproductive_age,2005,121.0
Belarus,BLR,Europe,reproductive_age,2014,130.0
El Salvador,SLV,Americas,reproductive_age,2003,135.0
Mauritania,MRT,Africa,reproductive_age,2006,119.0
Suriname,SUR,Americas,reproductive_age,2017,129.0
Lao People's Democratic Republic,LAO,Western Pacific,reproductive_age,2007,122.0
Romania,ROU,Europe,reproductive_age,2006,128.0
Cyprus,CYP,Europe,reproductive_age,2002,131.0
El Salvador,SLV,Americas,reproductive_age,2001,135.0
Honduras,HND,Americas,reproductive_age,2015,131.0
Cambodia,KHM,Western Pacific,reproductive_age,2014,120.0
Congo,COG,Africa,reproductive_age,2008,116.0
Marshall Islands,MHL,Western Pacific,reproductive_age,2005,125.0
Kyrgyzstan,KGZ,Europe,reproductive_age,2010,123.0
Tunisia,TUN,Eastern Mediterranean,reproductive_age,2004,125.0
Egypt,EGY,Eastern Mediterranean,reproductive_age,2019,126.0
Nigeria,NGA,Africa,reproductive_age,2008,115.0
Kenya,KEN,Africa,reproductive_age,2003,124.0
Canada,CAN,Americas,reproductive_age,2015,132.0
United Kingdom of Great Britain and Northern Ireland,GBR,Europe,reproductive_age,2003,132.0
Jordan,JOR,Eastern Mediterranean,reproductive_age,2017,123.0
Türkiye,TUR,Europe,reproductive_age,2016,125.0
Panama,PAN,Americas,reproductive_age,2006,127.0
Latvia,LVA,Europe,reproductive_age,2008,129.0
Cambodia,KHM,Western Pacific,reproductive_age,2001,117.0
Lebanon,LBN,Eastern Mediterranean,reproductive_age,2015,126.0
Eritrea,ERI,Africa,reproductive_age,2014,123.0
Angola,AGO,Africa,reproductive_age,2017,120.0
Somalia,SOM,Eastern Mediterranean,reproductive_age,2007,119.0
South Sudan,SSD,Africa,reproductive_age,2011,124.0
Japan,JPN,Western Pacific,reproductive_age,2009,127.0
Luxembourg,LUX,Europe,reproductive_age,2014,132.0
Botswana,BWA,Africa,reproductive_age,2002,123.0
Madagascar,MDG,Africa,reproductive_age,2011,123.0
Dominican Republic,DOM,Americas,reproductive_age,2011,126.0
Italy,ITA,Europe,reproductive_age,2010,131.0
Switzerland,CHE,Europe,reproductive_age,2018,131.0
Estonia,EST,Europe,reproductive_age,2012,129.0
Marshall Islands,MHL,Western Pacific,reproductive_age,2014,125.0
Kyrgyzstan,KGZ,Europe,reproductive_age,2016,123.0
Jamaica,JAM,Americas,reproductive_age,2012,130.0
Nicaragua,NIC,Americas,reproductive_age,2011,132.0
Guinea,GIN,Africa,reproductive_age,2008,117.0
Democratic People's Republic of Korea,PRK,South-East Asia,reproductive_age,2007,125.0
Israel,ISR,Europe,reproductive_age,2009,131.0
Togo,TGO,Africa,reproductive_age,2019,120.0
Yemen,YEM,Eastern Mediterranean,reproductive_age,2000,109.0
Cote d'Ivoire,CIV,Africa,reproductive_age,2007,116.0
Cuba,CUB,Americas,reproductive_age,2006,128.0
Lao People's Democratic Republic,LAO,Western Pacific,reproductive_age,2002,121.0
Cambodia,KHM,Western Pacific,reproductive_age,2012,120.0
Liberia,LBR,Africa,reproductive_age,2011,120.0
Mali,MLI,Africa,reproductive_age,2015,114.0
Equatorial Guinea,GNQ,Africa,reproductive_age,2019,120.0
Costa Rica,CRI,Americas,reproductive_age,2017,132.0
Bahrain,BHR,Eastern Mediterranean,reproductive_age,2019,124.0
Sweden,SWE,Europe,reproductive_age,2014,131.0
Uganda,UGA,Africa,reproductive_age,2017,125.0
Eswatini,SWZ,Africa,reproductive_age,2019,126.0
Central African Republic,CAF,Africa,reproductive_age,2014,119.0
Sao Tome and Principe,STP,Africa,reproductive_age,2000,117.0
Mauritania,MRT,Africa,reproductive_age,2012,120.0
Italy,ITA,Europe,reproductive_age,2012,131.0
United Republic of Tanzania,TZA,Africa,reproductive_age,2009,120.0
Trinidad and Tobago,TTO,Americas,reproductive_age,2003,128.0
Equatorial Guinea,GNQ,Africa,reproductive_age,2017,119.0
Togo,TGO,Africa,reproductive_age,2008,118.0
Oman,OMN,Eastern Mediterranean,reproductive_age,2014,125.0
El Salvador,SLV,Americas,reproductive_age,2018,134.0
Saint Lucia,LCA,Americas,reproductive_age,2012,133.0
Andorra,AND,Europe,reproductive_age,2000,132.0
Albania,ALB,Europe,reproductive_age,2014,128.0
Mongolia,MNG,Western Pacific,reproductive_age,2001,132.0
Georgia,GEO,Europe,reproductive_age,2007,126.0
Bosnia and Herzegovina,BIH,Europe,reproductive_age,2014,128.0
Paraguay,PRY,Americas,reproductive_age,2000,128.0
Dominican Republic,DOM,Americas,reproductive_age,2008,125.0
Lesotho,LSO,Africa,reproductive_age,2017,127.0
Peru,PER,Americas,reproductive_age,2007,127.0
Bahamas,BHS,Americas,reproductive_age,2000,131.0
France,FRA,Europe,reproductive_age,2015,132.0
Slovenia,SVN,Europe,reproductive_age,2001,129.0
Vanuatu,VUT,Western Pacific,reproductive_age,2006,126.0
Singapore,SGP,Western Pacific,reproductive_age,2000,131.0
Türkiye,TUR,Europe,reproductive_age,2002,123.0
Zimbabwe,ZWE,Africa,reproductive_age,2005,124.0
South Africa,ZAF,Africa,reproductive_age,2002,124.0
France,FRA,Europe,reproductive_age,2018,132.0
Democratic People's Republic of Korea,PRK,South-East Asia,reproductive_age,2017,124.0
Namibia,NAM,Africa,reproductive_age,2008,128.0
Afghanistan,AFG,Eastern Mediterranean,reproductive_age,2004,123.0
Tajikistan,TJK,Europe,reproductive_age,2013,124.0
San Marino,SMR,Europe,reproductive_age,2004,132.0
Myanmar,MMR,South-East Asia,reproductive_age,2003,120.0
Monaco,MCO,Europe,reproductive_age,2017,131.0
Bhutan,BTN,South-East Asia,reproductive_age,2005,121.0
Sri Lanka,LKA,South-East Asia,reproductive_age,2018,124.0
Sierra Leone,SLE,Africa,reproductive_age,2001,116.0
Botswana,BWA,Africa,reproductive_age,2016,125.0
Sri Lanka,LKA,South-East Asia,reproductive_age,2009,124.0
Morocco,MAR,Eastern Mediterranean,reproductive_age,2007,125.0
Solomon Islands,SLB,Western Pacific,reproductive_age,2004,121.0
New Zealand,NZL,Western Pacific,reproductive_age,2013,132.0
Timor-Leste,TLS,South-East Asia,reproductive_age,2018,125.0
Republic of Moldova,MDA,Europe,reproductive_age,2006,126.0
Senegal,SEN,Africa,reproductive_age,2003,113.0
Myanmar,MMR,South-East Asia,reproductive_age,2016,122.0
Republic of Korea,KOR,Western Pacific,reproductive_age,2010,129.0
Zimbabwe,ZWE,Africa,reproductive_age,2001,124.0
Oman,OMN,Eastern Mediterranean,reproductive_age,2002,123.0
Kyrgyzstan,KGZ,Europe,reproductive_age,2003,123.0
Panama,PAN,Americas,reproductive_age,2009,128.0
Grenada,GRD,Americas,reproductive_age,2014,130.0
Maldives,MDV,South-East Asia,reproductive_age,2000,119.0
Paraguay,PRY,Americas,reproductive_age,2019,128.0
Tonga,TON,Western Pacific,reproductive_age,2019,126.0
Syrian Arab Republic,SYR,Eastern Mediterranean,reproductive_age,2003,123.0
Somalia,SOM,Eastern Mediterranean,reproductive_age,2002,118.0
South Africa,ZAF,Africa,reproductive_age,2013,127.0
Lao People's Democratic Republic,LAO,Western Pacific,reproductive_age,2001,120.0
Comoros,COM,Africa,reproductive_age,2000,122.0
Kuwait,KWT,Eastern Mediterranean,reproductive_age,2018,128.0
Barbados,BRB,Americas,reproductive_age,2010,131.0
Maldives,MDV,South-East Asia,reproductive_age,2004,120.0
Ethiopia,ETH,Africa,reproductive_age,2001,125.0
Israel,ISR,Europe,reproductive_age,2011,131.0
Cuba,CUB,Americas,reproductive_age,2004,127.0
United Kingdom of Great Britain and Northern Ireland,GBR,Europe,reproductive_age,2016,132.0
Costa Rica,CRI,Americas,reproductive_age,2002,130.0
Dominican Republic,DOM,Americas,reproductive_age,2013,126.0
Sweden,SWE,Europe,reproductive_age,2005,131.0
Panama,PAN,Americas,reproductive_age,2000,126.0
Sao Tome and Principe,STP,Africa,reproductive_age,2002,117.0
Belarus,BLR,Europe,reproductive_age,2013,130.0
Uruguay,URY,Americas,reproductive_age,2008,131.0
United States of America,USA,Americas,reproductive_age,2012,133.0
United States of America,USA,Americas,reproductive_age,2010,133.0
Australia,AUS,Western Pacific,reproductive_age,2011,133.0
Papua New Guinea,PNG,Western Pacific,reproductive_age,2001,124.0
Panama,PAN,Americas,reproductive_age,2004,127.0
Morocco,MAR,Eastern Mediterranean,reproductive_age,2009,125.0
Vanuatu,VUT,Western Pacific,reproductive_age,2014,127.0
Maldives,MDV,South-East Asia,reproductive_age,2019,118.0
Latvia,LVA,Europe,reproductive_age,2012,129.0
Monaco,MCO,Europe,reproductive_age,2003,131.0
Cyprus,CYP,Europe,reproductive_age,2004,131.0
Niue,NIU,Western Pacific,reproductive_age,2015,127.0
Kiribati,KIR,Western Pacific,reproductive_age,2012,125.0
Cyprus,CYP,Europe,reproductive_age,2017,131.0
Bahamas,BHS,Americas,reproductive_age,2012,132.0
Egypt,EGY,Eastern Mediterranean,reproductive_age,2013,125.0
Zambia,ZMB,Africa,reproductive_age,2004,124.0
Luxembourg,LUX,Europe,reproductive_age,2015,132.0
Portugal,PRT,Europe,reproductive_age,2018,131.0
Georgia,GEO,Europe,reproductive_age,2010,126.0
Portugal,PRT,Europe,reproductive_age,2011,131.0
United Arab Emirates,ARE,Eastern Mediterranean,reproductive_age,2002,127.0
Honduras,HND,Americas,reproductive_age,2010,131.0
Belarus,BLR,Europe,reproductive_age,2000,129.0
Canada,CAN,Americas,reproductive_age,2019,132.0
Yemen,YEM,Eastern Mediterranean,reproductive_age,2015,112.0
Guyana,GUY,Americas,reproductive_age,2013,124.0
Monaco,MCO,Europe,reproductive_age,2005,131.0
Thailand,THA,South-East Asia,reproductive_age,2014,128.0
Norway,NOR,Europe,reproductive_age,2007,131.0
Lithuania,LTU,Europe,reproductive_age,2000,128.0
Micronesia (Federated States of),FSM,Western Pacific,reproductive_age,2012,128.0
Guinea-Bissau,GNB,Africa,reproductive_age,2016,118.0
Austria,AUT,Europe,reproductive_age,2001,131.0
Seychelles,SYC,Africa,reproductive_age,2002,127.0
Togo,TGO,Africa,reproductive_age,2017,119.0
Cote d'Ivoire,CIV,Africa,reproductive_age,2019,117.0
Sao Tome and Principe,STP,Africa,reproductive_age,2016,120.0
Micronesia (Federated States of),FSM,Western Pacific,reproductive_age,2006,129.0
Cyprus,CYP,Europe,reproductive_age,2008,131.0
Cote d'Ivoire,CIV,Africa,reproductive_age,2006,116.0
Democratic Republic of the Congo,COD,Africa,reproductive_age,2005,117.0
Chad,TCD,Africa,reproductive_age,2011,117.0
Kiribati,KIR,Western Pacific,reproductive_age,2009,125.0
Greece,GRC,Europe,reproductive_age,2006,131.0
Paraguay,PRY,Americas,reproductive_age,2005,128.0
Guinea,GIN,Africa,reproductive_age,2011,117.0
Argentina,ARG,Americas,reproductive_age,2019,132.0
Slovakia,SVK,Europe,reproductive_age,2017,128.0
Republic of Korea,KOR,Western Pacific,reproductive_age,2016,130.0
Tonga,TON,Western Pacific,reproductive_age,2002,127.0
Georgia,GEO,Europe,reproductive_age,2001,125.0
Guinea-Bissau,GNB,Africa,reproductive_age,2019,119.0
Cook Islands,COK,Western Pacific,reproductive_age,2009,127.0
Samoa,WSM,Western Pacific,reproductive_age,2009,128.0
Iran (Islamic Republic of),IRN,Eastern Mediterranean,reproductive_age,2000,127.0
United Republic of Tanzania,TZA,Africa,reproductive_age,2019,122.0
Qatar,QAT,Eastern Mediterranean,reproductive_age,2009,126.0
Panama,PAN,Americas,reproductive_age,2011,128.0
Malaysia,MYS,Western Pacific,reproductive_age,2011,124.0
Haiti,HTI,Americas,reproductive_age,2006,117.0
Papua New Guinea,PNG,Western Pacific,reproductive_age,2003,125.0
Sierra Leone,SLE,Africa,reproductive_age,2006,117.0
Brazil,BRA,Americas,reproductive_age,2004,128.0
Tonga,TON,Western Pacific,reproductive_age,2013,126.0
Gambia,GMB,Africa,reproductive_age,2010,114.0
United States of America,USA,Americas,reproductive_age,2002,135.0
Azerbaijan,AZE,Europe,reproductive_age,2000,121.0
Djibouti,DJI,Eastern Mediterranean,reproductive_age,2002,124.0
Suriname,SUR,Americas,reproductive_age,2006,128.0
Costa Rica,CRI,Americas,reproductive_age,2016,132.0
Malta,MLT,Europe,reproductive_age,2002,131.0
Kazakhstan,KAZ,Europe,reproductive_age,2015,126.0
Vanuatu,VUT,Western Pacific,reproductive_age,2015,127.0
North Macedonia,MKD,Europe,reproductive_age,2004,131.0
Saudi Arabia,SAU,Eastern Mediterranean,reproductive_age,2008,126.0
North Macedonia,MKD,Europe,reproductive_age,2015,130.0
Germany,DEU,Europe,reproductive_age,2013,132.0
Barbados,BRB,Americas,reproductive_age,2012,131.0
Grenada,GRD,Americas,reproductive_age,2004,129.0
Cook Islands,COK,Western Pacific,reproductive_age,2016,127.0
Zambia,ZMB,Africa,reproductive_age,2000,123.0
North Macedonia,MKD,Europe,reproductive_age,2000,132.0
Djibouti,DJI,Eastern Mediterranean,reproductive_age,2011,126.0
Mauritania,MRT,Africa,reproductive_age,2013,120.0
Vanuatu,VUT,Western Pacific,reproductive_age,2000,125.0
Belgium,BEL,Europe,reproductive_age,2005,131.0
Ghana,GHA,Africa,reproductive_age,2000,118.0
Malawi,MWI,Africa,reproductive_age,2000,122.0
Zimbabwe,ZWE,Africa,reproductive_age,2006,125.0
Ecuador,ECU,Americas,reproductive_age,2003,127.0
Bahrain,BHR,Eastern Mediterranean,reproductive_age,2007,122.0
Comoros,COM,Africa,reproductive_age,2004,123.0
Namibia,NAM,Africa,reproductive_age,2002,127.0
Kiribati,KIR,Western Pacific,reproductive_age,2003,125.0
Belgium,BEL,Europe,reproductive_age,2018,131.0
Kenya,KEN,Africa,reproductive_age,2008,127.0
Guinea,GIN,Africa,reproductive_age,2003,116.0
Lesotho,LSO,Africa,reproductive_age,2011,127.0
Greece,GRC,Europe,reproductive_age,2012,131.0
Niger,NER,Africa,reproductive_age,2000,116.0
Mauritania,MRT,Africa,reproductive_age,2002,118.0
Samoa,WSM,Western Pacific,reproductive_age,2011,128.0
Georgia,GEO,Europe,reproductive_age,2011,126.0
Algeria,DZA,Africa,reproductive_age,2010,124.0
Angola,AGO,Africa,reproductive_age,2009,119.0
Burkina Faso,BFA,Africa,reproductive_age,2010,116.0
Azerbaijan,AZE,Europe,reproductive_age,2012,123.0
Libya,LBY,Eastern Mediterranean,reproductive_age,2014,125.0
India,IND,South-East Asia,reproductive_age,2012,117.0
Germany,DEU,Europe,reproductive_age,2019,131.0
Cote d'Ivoire,CIV,Africa,reproductive_age,2009,116.0
Benin,BEN,Africa,reproductive_age,2015,116.0
Belize,BLZ,Americas,reproductive_age,2013,129.0
Senegal,SEN,Africa,reproductive_age,2015,116.0
Bahamas,BHS,Americas,reproductive_age,2011,132.0
Chad,TCD,Africa,reproductive_age,2012,118.0
Turkmenistan,TKM,Europe,reproductive_age,2007,126.0
India,IND,South-East Asia,reproductive_age,2000,116.0
Niger,NER,Africa,reproductive_age,2019,118.0
Maldives,MDV,South-East Asia,reproductive_age,2001,119.0
Honduras,HND,Americas,reproductive_age,2004,130.0
Malawi,MWI,Africa,reproductive_age,2014,125.0
Eswatini,SWZ,Africa,reproductive_age,2011,126.0
Morocco,MAR,Eastern Mediterranean,reproductive_age,2011,125.0
Cameroon,CMR,Africa,reproductive_age,2006,120.0
Mozambique,MOZ,Africa,reproductive_age,2016,119.0
Latvia,LVA,Europe,reproductive_age,2013,129.0
Togo,TGO,Africa,reproductive_age,2006,118.0
Malta,MLT,Europe,reproductive_age,2000,131.0
Comoros,COM,Africa,reproductive_age,2014,125.0
Trinidad and Tobago,TTO,Americas,reproductive_age,2009,129.0
Spain,ESP,Europe,reproductive_age,2008,131.0
Turkmenistan,TKM,Europe,reproductive_age,2011,127.0
Sri Lanka,LKA,South-East Asia,reproductive_age,2002,122.0
United States of America,USA,Americas,reproductive_age,2017,132.0
Belarus,BLR,Europe,reproductive_age,2006,129.0
Niue,NIU,Western Pacific,reproductive_age,2005,127.0
Viet Nam,VNM,Western Pacific,reproductive_age,2016,129.0
Marshall Islands,MHL,Western Pacific,reproductive_age,2019,125.0
San Marino,SMR,Europe,reproductive_age,2008,131.0
Oman,OMN,Eastern Mediterranean,reproductive_age,2007,124.0
Zambia,ZMB,Africa,reproductive_age,2016,125.0
Ethiopia,ETH,Africa,reproductive_age,2002,125.0
Paraguay,PRY,Americas,reproductive_age,2008,128.0
Ghana,GHA,Africa,reproductive_age,2014,121.0
Andorra,AND,Europe,reproductive_age,2006,132.0
Georgia,GEO,Europe,reproductive_age,2004,125.0
Guinea-Bissau,GNB,Africa,reproductive_age,2000,116.0
Solomon Islands,SLB,Western Pacific,reproductive_age,2002,121.0
Belize,BLZ,Americas,reproductive_age,2014,129.0
Uganda,UGA,Africa,reproductive_age,2004,123.0
Denmark,DNK,Europe,reproductive_age,2017,131.0
Fiji,FJI,Western Pacific,reproductive_age,2015,124.0
Congo,COG,Africa,reproductive_age,2007,116.0
Armenia,ARM,Europe,reproductive_age,2011,130.0
Dominica,DMA,Americas,reproductive_age,2011,129.0
Poland,POL,Europe,reproductive_age,2017,130.0
Benin,BEN,Africa,reproductive_age,2002,113.0
Czechia,CZE,Europe,reproductive_age,2014,129.0
Serbia,SRB,Europe,reproductive_age,2004,128.0
Mauritius,MUS,Africa,reproductive_age,2015,130.0
Papua New Guinea,PNG,Western Pacific,reproductive_age,2008,125.0
Uganda,UGA,Africa,reproductive_age,2003,123.0
Türkiye,TUR,Europe,reproductive_age,2005,124.0
Japan,JPN,Western Pacific,reproductive_age,2000,127.0
Cuba,CUB,Americas,reproductive_age,2011,129.0
Lebanon,LBN,Eastern Mediterranean,reproductive_age,2017,126.0
Mongolia,MNG,Western Pacific,reproductive_age,2017,131.0
Peru,PER,Americas,reproductive_age,2012,129.0
Monaco,MCO,Europe,reproductive_age,2001,131.0
Ireland,IRL,Europe,reproductive_age,2016,131.0
Kuwait,KWT,Eastern Mediterranean,reproductive_age,2016,128.0
Congo,COG,Africa,reproductive_age,2018,119.0
Belarus,BLR,Europe,reproductive_age,2010,130.0
Latvia,LVA,Europe,reproductive_age,2018,128.0
Mauritius,MUS,Africa,reproductive_age,2000,132.0
Sri Lanka,LKA,South-East Asia,reproductive_age,2003,123.0
Honduras,HND,Americas,reproductive_age,2018,131.0
Central African Republic,CAF,Africa,reproductive_age,2004,118.0
Morocco,MAR,Eastern Mediterranean,reproductive_age,2016,126.0
Malaysia,MYS,Western Pacific,reproductive_age,2015,124.0
Grenada,GRD,Americas,reproductive_age,2012,130.0
Armenia,ARM,Europe,reproductive_age,2019,130.0
Malawi,MWI,Africa,reproductive_age,2013,125.0
Spain,ESP,Europe,reproductive_age,2001,132.0
Mauritania,MRT,Africa,reproductive_age,2018,120.0
Qatar,QAT,Eastern Mediterranean,reproductive_age,2008,126.0
France,FRA,Europe,reproductive_age,2007,132.0
Saint Kitts and Nevis,KNA,Americas,reproductive_age,2009,131.0
Thailand,THA,South-East Asia,reproductive_age,2000,128.0
Bhutan,BTN,South-East Asia,reproductive_age,2011,122.0
Bangladesh,BGD,South-East Asia,reproductive_age,2003,123.0
Kuwait,KWT,Eastern Mediterranean,reproductive_age,2000,128.0
Central African Republic,CAF,Africa,reproductive_age,2001,117.0
Kyrgyzstan,KGZ,Europe,reproductive_age,2015,123.0
Sierra Leone,SLE,Africa,reproductive_age,2010,118.0
Argentina,ARG,Americas,reproductive_age,2018,132.0
Tunisia,TUN,Eastern Mediterranean,reproductive_age,2006,125.0
Comoros,COM,Africa,reproductive_age,2006,124.0
Iraq,IRQ,Eastern Mediterranean,reproductive_age,2000,120.0
Malta,MLT,Europe,reproductive_age,2018,131.0
Finland,FIN,Europe,reproductive_age,2010,132.0
Iceland,ISL,Europe,reproductive_age,2004,132.0
Saudi Arabia,SAU,Eastern Mediterranean,reproductive_age,2006,126.0
Cambodia,KHM,Western Pacific,reproductive_age,2007,119.0
Antigua and Barbuda,ATG,Americas,reproductive_age,2007,130.0
Eritrea,ERI,Africa,reproductive_age,2016,123.0
Poland,POL,Europe,reproductive_age,2001,130.0
Cambodia,KHM,Western Pacific,reproductive_age,2006,119.0
Republic of Moldova,MDA,Europe,reproductive_age,2016,127.0
Tunisia,TUN,Eastern Mediterranean,reproductive_age,2015,125.0
Romania,ROU,Europe,reproductive_age,2016,128.0
France,FRA,Europe,reproductive_age,2002,133.0
Slovenia,SVN,Europe,reproductive_age,2000,129.0
Mexico,MEX,Americas,reproductive_age,2012,132.0
Slovakia,SVK,Europe,reproductive_age,2018,128.0
Jordan,JOR,Eastern Mediterranean,reproductive_age,2011,125.0
Panama,PAN,Americas,reproductive_age,2012,128.0
Namibia,NAM,Africa,reproductive_age,2015,128.0
Japan,JPN,Western Pacific,reproductive_age,2018,128.0
South Africa,ZAF,Africa,reproductive_age,2009,126.0
Morocco,MAR,Eastern Mediterranean,reproductive_age,2006,125.0
Republic of Korea,KOR,Western Pacific,reproductive_age,2019,130.0
Sweden,SWE,Europe,reproductive_age,2015,131.0
Nigeria,NGA,Africa,reproductive_age,2005,115.0
Georgia,GEO,Europe,reproductive_age,2000,125.0
Pakistan,PAK,Eastern Mediterranean,reproductive_age,2011,120.0
Senegal,SEN,Africa,reproductive_age,2011,115.0
Mongolia,MNG,Western Pacific,reproductive_age,2007,131.0
Burkina Faso,BFA,Africa,reproductive_age,2006,116.0
Comoros,COM,Africa,reproductive_age,2016,124.0
Algeria,DZA,Africa,reproductive_age,2003,123.0
North Macedonia,MKD,Europe,reproductive_age,2007,131.0
Venezuela (Bolivarian Republic of),VEN,Americas,reproductive_age,2017,128.0
Guatemala,GTM,Americas,reproductive_age,2014,135.0
Qatar,QAT,Eastern Mediterranean,reproductive_age,2018,126.0
Philippines,PHL,Western Pacific,reproductive_age,2001,126.0
Jordan,JOR,Eastern Mediterranean,reproductive_age,2005,126.0
Republic of Moldova,MDA,Europe,reproductive_age,2008,127.0
Ghana,GHA,Africa,reproductive_age,2015,121.0
Gambia,GMB,Africa,reproductive_age,2000,112.0
Uzbekistan,UZB,Europe,reproductive_age,2005,122.0
Grenada,GRD,Americas,reproductive_age,2000,128.0
Zambia,ZMB,Africa,reproductive_age,2006,124.0
Latvia,LVA,Europe,reproductive_age,2016,128.0
Ecuador,ECU,Americas,reproductive_age,2002,126.0
Malaysia,MYS,Western Pacific,reproductive_age,2010,124.0
Spain,ESP,Europe,reproductive_age,2009,131.0
Burundi,BDI,Africa,reproductive_age,2010,126.0
Dominica,DMA,Americas,reproductive_age,2019,129.0
Indonesia,IDN,Western Pacific,reproductive_age,2007,125.0
Congo,COG,Africa,reproductive_age,2013,117.0
Madagascar,MDG,Africa,reproductive_age,2009,123.0
Andorra,AND,Europe,reproductive_age,2004,132.0
Hungary,HUN,Europe,reproductive_age,2019,129.0
Democratic Republic of the Congo,COD,Africa,reproductive_age,2009,118.0
Spain,ESP,Europe,reproductive_age,2000,132.0
Malawi,MWI,Africa,reproductive_age,2011,125.0
Turkmenistan,TKM,Europe,reproductive_age,2015,127.0
Mozambique,MOZ,Africa,reproductive_age,2002,118.0
Eswatini,SWZ,Africa,reproductive_age,2018,126.0
Jordan,JOR,Eastern Mediterranean,reproductive_age,2002,125.0
San Marino,SMR,Europe,reproductive_age,2017,131.0
Madagascar,MDG,Africa,reproductive_age,2010,123.0
Portugal,PRT,Europe,reproductive_age,2015,131.0
Slovakia,SVK,Europe,reproductive_age,2019,128.0
Saint Vincent and the Grenadines,VCT,Americas,reproductive_age,2000,128.0
Lao People's Democratic Republic,LAO,Western Pacific,reproductive_age,2015,123.0
Portugal,PRT,Europe,reproductive_age,2014,131.0
Dominica,DMA,Americas,reproductive_age,2017,129.0
Rwanda,RWA,Africa,reproductive_age,2012,131.0
Ecuador,ECU,Americas,reproductive_age,2001,126.0
Slovenia,SVN,Europe,reproductive_age,2005,129.0
Timor-Leste,TLS,South-East Asia,reproductive_age,2008,125.0
El Salvador,SLV,Americas,reproductive_age,2015,134.0
Lithuania,LTU,Europe,reproductive_age,2008,130.0
Lithuania,LTU,Europe,reproductive_age,2015,129.0
Eswatini,SWZ,Africa,reproductive_age,2013,126.0
Seychelles,SYC,Africa,reproductive_age,2013,128.0
Thailand,THA,South-East Asia,reproductive_age,2007,128.0
Niger,NER,Africa,reproductive_age,2017,117.0
Djibouti,DJI,Eastern Mediterranean,reproductive_age,2015,125.0
Bangladesh,BGD,South-East Asia,reproductive_age,2019,123.0
Timor-Leste,TLS,South-East Asia,reproductive_age,2011,126.0
Palau,PLW,Western Pacific,reproductive_age,2010,126.0
Netherlands (Kingdom of the),NLD,Europe,reproductive_age,2017,131.0
Tunisia,TUN,Eastern Mediterranean,reproductive_age,2010,125.0
Saint Lucia,LCA,Americas,reproductive_age,2015,133.0
Iraq,IRQ,Eastern Mediterranean,reproductive_age,2002,121.0
Papua New Guinea,PNG,Western Pacific,reproductive_age,2006,125.0
France,FRA,Europe,reproductive_age,2014,132.0
Egypt,EGY,Eastern Mediterranean,reproductive_age,2005,123.0
Uganda,UGA,Africa,reproductive_age,2001,122.0
Madagascar,MDG,Africa,reproductive_age,2001,121.0
Monaco,MCO,Europe,reproductive_age,2011,131.0
Gambia,GMB,Africa,reproductive_age,2005,113.0
Ethiopia,ETH,Africa,reproductive_age,2007,128.0
Libya,LBY,Eastern Mediterranean,reproductive_age,2016,125.0
Sri Lanka,LKA,South-East Asia,reproductive_age,2017,124.0
Nicaragua,NIC,Americas,reproductive_age,2006,131.0
Togo,TGO,Africa,reproductive_age,2014,119.0
Nigeria,NGA,Africa,reproductive_age,2016,116.0
Uzbekistan,UZB,Europe,reproductive_age,2017,126.0
Eswatini,SWZ,Africa,reproductive_age,2001,125.0
Cook Islands,COK,Western Pacific,reproductive_age,2013,127.0
Sweden,SWE,Europe,reproductive_age,2000,131.0
Eswatini,SWZ,Africa,reproductive_age,2005,126.0
Singapore,SGP,Western Pacific,reproductive_age,2018,131.0
Gambia,GMB,Africa,reproductive_age,2013,115.0
Uruguay,URY,Americas,reproductive_age,2005,131.0
Switzerland,CHE,Europe,reproductive_age,2008,132.0
Guyana,GUY,Americas,reproductive_age,2000,120.0
Saint Kitts and Nevis,KNA,Americas,reproductive_age,2013,132.0
Maldives,MDV,South-East Asia,reproductive_age,2006,120.0
Brazil,BRA,Americas,reproductive_age,2003,128.0
Venezuela (Bolivarian Republic of),VEN,Americas,reproductive_age,2010,129.0
Antigua and Barbuda,ATG,Americas,reproductive_age,2002,129.0
San Marino,SMR,Europe,reproductive_age,2009,131.0
Naoero,NRU,Western Pacific,reproductive_age,2003,126.0
Bolivia (Plurinational State of),BOL,Americas,reproductive_age,2017,128.0
Venezuela (Bolivarian Republic of),VEN,Americas,reproductive_age,2018,128.0
Somalia,SOM,Eastern Mediterranean,reproductive_age,2008,119.0
Guinea,GIN,Africa,reproductive_age,2010,117.0
Romania,ROU,Europe,reproductive_age,2015,128.0
Thailand,THA,South-East Asia,reproductive_age,2017,128.0
Nicaragua,NIC,Americas,reproductive_age,2003,130.0
Niger,NER,Africa,reproductive_age,2007,117.0
India,IND,South-East Asia,reproductive_age,2010,116.0
Montenegro,MNE,Europe,reproductive_age,2000,131.0
Republic of Moldova,MDA,Europe,reproductive_age,2009,127.0
Bosnia and Herzegovina,BIH,Europe,reproductive_age,2007,127.0
Slovakia,SVK,Europe,reproductive_age,2011,128.0
Dominica,DMA,Americas,reproductive_age,2006,129.0
Cote d'Ivoire,CIV,Africa,reproductive_age,2001,116.0
Albania,ALB,Europe,reproductive_age,2003,127.0
Nicaragua,NIC,Americas,reproductive_age,2008,131.0
Guatemala,GTM,Americas,reproductive_age,2006,131.0
Tuvalu,TUV,Western Pacific,reproductive_age,2019,126.0
Naoero,NRU,Western Pacific,reproductive_age,2017,125.0
Finland,FIN,Europe,reproductive_age,2019,132.0
Papua New Guinea,PNG,Western Pacific,reproductive_age,2014,125.0
Australia,AUS,Western Pacific,reproductive_age,2018,133.0
Peru,PER,Americas,reproductive_age,2010,128.0
Algeria,DZA,Africa,reproductive_age,2007,123.0
Cote d'Ivoire,CIV,Africa,reproductive_age,2003,116.0
Qatar,QAT,Eastern Mediterranean,reproductive_age,2012,126.0
Singapore,SGP,Western Pacific,reproductive_age,2008,131.0
Ghana,GHA,Africa,reproductive_age,2018,123.0
Armenia,ARM,Europe,reproductive_age,2004,129.0
Madagascar,MDG,Africa,reproductive_age,2000,121.0
Zimbabwe,ZWE,Africa,reproductive_age,2012,126.0
Afghanistan,AFG,Eastern Mediterranean,reproductive_age,2014,122.0
Dominica,DMA,Americas,reproductive_age,2004,128.0
Oman,OMN,Eastern Mediterranean,reproductive_age,2016,125.0
Sweden,SWE,Europe,reproductive_age,2004,131.0
Solomon Islands,SLB,Western Pacific,reproductive_age,2012,122.0
Qatar,QAT,Eastern Mediterranean,reproductive_age,2015,126.0
Maldives,MDV,South-East Asia,reproductive_age,2014,119.0
Canada,CAN,Americas,reproductive_age,2004,133.0
Sudan,SDN,Eastern Mediterranean,reproductive_age,2014,122.0
China,CHN,Western Pacific,reproductive_age,2003,131.0
Bolivia (Plurinational State of),BOL,Americas,reproductive_age,2007,125.0
Sierra Leone,SLE,Africa,reproductive_age,2018,119.0
Estonia,EST,Europe,reproductive_age,2002,129.0
Mauritania,MRT,Africa,reproductive_age,2005,119.0
Syrian Arab Republic,SYR,Eastern Mediterranean,reproductive_age,2005,123.0
Dominica,DMA,Americas,reproductive_age,2002,128.0
Bhutan,BTN,South-East Asia,reproductive_age,2016,122.0
Oman,OMN,Eastern Mediterranean,reproductive_age,2008,125.0
Belize,BLZ,Americas,reproductive_age,2004,127.0
Burkina Faso,BFA,Africa,reproductive_age,2002,115.0
Uruguay,URY,Americas,reproductive_age,2013,131.0
Croatia,HRV,Europe,reproductive_age,2007,129.0
Vanuatu,VUT,Western Pacific,reproductive_age,2010,127.0
Sudan,SDN,Eastern Mediterranean,reproductive_age,2018,122.0
Guinea-Bissau,GNB,Africa,reproductive_age,2007,117.0
Ethiopia,ETH,Africa,reproductive_age,2011,129.0
Democratic People's Republic of Korea,PRK,South-East Asia,reproductive_age,2004,124.0
Bulgaria,BGR,Europe,reproductive_age,2011,128.0
Kenya,KEN,Africa,reproductive_age,2009,127.0
Guyana,GUY,Americas,reproductive_age,2011,123.0
Afghanistan,AFG,Eastern Mediterranean,reproductive_age,2015,121.0
Monaco,MCO,Europe,reproductive_age,2014,131.0
Paraguay,PRY,Americas,reproductive_age,2014,128.0
Sri Lanka,LKA,South-East Asia,reproductive_age,2008,123.0
Kazakhstan,KAZ,Europe,reproductive_age,2007,126.0
Nepal,NPL,South-East Asia,reproductive_age,2001,120.0
Cambodia,KHM,Western Pacific,reproductive_age,2018,119.0
Saudi Arabia,SAU,Eastern Mediterranean,reproductive_age,2018,126.0
Timor-Leste,TLS,South-East Asia,reproductive_age,2019,125.0
Ireland,IRL,Europe,reproductive_age,2008,132.0
Republic of Korea,KOR,Western Pacific,reproductive_age,2015,130.0
Netherlands (Kingdom of the),NLD,Europe,reproductive_age,2010,131.0
Maldives,MDV,South-East Asia,reproductive_age,2012,120.0
Egypt,EGY,Eastern Mediterranean,reproductive_age,2017,125.0
Serbia,SRB,Europe,reproductive_age,2013,128.0
Turkmenistan,TKM,Europe,reproductive_age,2013,127.0
Togo,TGO,Africa,reproductive_age,2015,119.0
Italy,ITA,Europe,reproductive_age,2011,131.0
Belize,BLZ,Americas,reproductive_age,2010,129.0
China,CHN,Western Pacific,reproductive_age,2000,130.0
Botswana,BWA,Africa,reproductive_age,2014,125.0
New Zealand,NZL,Western Pacific,reproductive_age,2007,132.0
Spain,ESP,Europe,reproductive_age,2013,131.0
Netherlands (Kingdom of the),NLD,Europe,reproductive_age,2013,131.0
Comoros,COM,Africa,reproductive_age,2018,124.0
Andorra,AND,Europe,reproductive_age,2001,132.0
Dominica,DMA,Americas,reproductive_age,2005,129.0
Iran (Islamic Republic of),IRN,Eastern Mediterranean,reproductive_age,2013,128.0
Jamaica,JAM,Americas,reproductive_age,2000,128.0
Guinea,GIN,Africa,reproductive_age,2013,117.0
Myanmar,MMR,South-East Asia,reproductive_age,2007,121.0
Saint Lucia,LCA,Americas,reproductive_age,2014,133.0
Uzbekistan,UZB,Europe,reproductive_age,2007,123.0
Iraq,IRQ,Eastern Mediterranean,reproductive_age,2016,124.0
Saint Vincent and the Grenadines,VCT,Americas,reproductive_age,2013,131.0
Sweden,SWE,Europe,reproductive_age,2019,130.0
Lithuania,LTU,Europe,reproductive_age,2010,130.0
Montenegro,MNE,Europe,reproductive_age,2010,131.0
Switzerland,CHE,Europe,reproductive_age,2006,132.0
Burundi,BDI,Africa,reproductive_age,2012,125.0
Austria,AUT,Europe,reproductive_age,2014,131.0
Romania,ROU,Europe,reproductive_age,2003,128.0
Israel,ISR,Europe,reproductive_age,2016,131.0
Uruguay,URY,Americas,reproductive_age,2015,131.0
Colombia,COL,Americas,reproductive_age,2004,126.0
Panama,PAN,Americas,reproductive_age,2018,128.0
Kiribati,KIR,Western Pacific,reproductive_age,2004,125.0
Cote d'Ivoire,CIV,Africa,reproductive_age,2005,116.0
New Zealand,NZL,Western Pacific,reproductive_age,2015,132.0
Brazil,BRA,Americas,reproductive_age,2009,130.0
Jordan,JOR,Eastern Mediterranean,reproductive_age,2003,125.0
Guyana,GUY,Americas,reproductive_age,2012,124.0
Qatar,QAT,Eastern Mediterranean,reproductive_age,2005,125.0
United Republic of Tanzania,TZA,Africa,reproductive_age,2007,120.0
Central African Republic,CAF,Africa,reproductive_age,2011,119.0
Tuvalu,TUV,Western Pacific,reproductive_age,2007,127.0
North Macedonia,MKD,Europe,reproductive_age,2005,131.0
Niger,NER,Africa,reproductive_age,2011,118.0
South Sudan,SSD,Africa,reproductive_age,2017,124.0
Seychelles,SYC,Africa,reproductive_age,2009,128.0
Poland,POL,Europe,reproductive_age,2010,130.0
Algeria,DZA,Africa,reproductive_age,2012,124.0
Saudi Arabia,SAU,Eastern Mediterranean,reproductive_age,2009,126.0
China,CHN,Western Pacific,reproductive_age,2019,133.0
Philippines,PHL,Western Pacific,reproductive_age,2006,127.0
Slovenia,SVN,Europe,reproductive_age,2014,129.0
Mongolia,MNG,Western Pacific,reproductive_age,2009,131.0
Niger,NER,Africa,reproductive_age,2005,117.0
Botswana,BWA,Africa,reproductive_age,2012,125.0
Serbia,SRB,Europe,reproductive_age,2019,128.0
Senegal,SEN,Africa,reproductive_age,2013,115.0
Chad,TCD,Africa,reproductive_age,2014,118.0
Luxembourg,LUX,Europe,reproductive_age,2018,132.0
Gabon,GAB,Africa,reproductive_age,2019,117.0
Mali,MLI,Africa,reproductive_age,2017,114.0
United Arab Emirates,ARE,Eastern Mediterranean,reproductive_age,2019,127.0
Ghana,GHA,Africa,reproductive_age,2003,118.0
Norway,NOR,Europe,reproductive_age,2006,131.0
Hungary,HUN,Europe,reproductive_age,2007,129.0
United Kingdom of Great Britain and Northern Ireland,GBR,Europe,reproductive_age,2013,132.0
Tuvalu,TUV,Western Pacific,reproductive_age,2006,127.0
Jordan,JOR,Eastern Mediterranean,reproductive_age,2010,125.0
Ireland,IRL,Europe,reproductive_age,2006,132.0
Zimbabwe,ZWE,Africa,reproductive_age,2010,125.0
Lao People's Democratic Republic,LAO,Western Pacific,reproductive_age,2006,122.0
Latvia,LVA,Europe,reproductive_age,2009,129.0
Kenya,KEN,Africa,reproductive_age,2014,128.0
Türkiye,TUR,Europe,reproductive_age,2008,124.0
Czechia,CZE,Europe,reproductive_age,2006,129.0
Singapore,SGP,Western Pacific,reproductive_age,2002,131.0
Switzerland,CHE,Europe,reproductive_age,2016,132.0
Ghana,GHA,Africa,reproductive_age,2008,118.0
Gabon,GAB,Africa,reproductive_age,2014,116.0
Bosnia and Herzegovina,BIH,Europe,reproductive_age,2002,127.0
Saint Vincent and the Grenadines,VCT,Americas,reproductive_age,2001,128.0
Hungary,HUN,Europe,reproductive_age,2003,130.0
Spain,ESP,Europe,reproductive_age,2015,131.0
Gambia,GMB,Africa,reproductive_age,2016,116.0
Malaysia,MYS,Western Pacific,reproductive_age,2016,124.0
Nigeria,NGA,Africa,reproductive_age,2000,114.0
Cambodia,KHM,Western Pacific,reproductive_age,2003,118.0
Republic of Korea,KOR,Western Pacific,reproductive_age,2011,129.0
United Arab Emirates,ARE,Eastern Mediterranean,reproductive_age,2016,127.0
Slovenia,SVN,Europe,reproductive_age,2018,128.0
Canada,CAN,Americas,reproductive_age,2018,132.0
Comoros,COM,Africa,reproductive_age,2011,125.0
Bulgaria,BGR,Europe,reproductive_age,2016,128.0
Slovenia,SVN,Europe,reproductive_age,2002,129.0
Russian Federation,RUS,Europe,reproductive_age,2005,129.0
South Sudan,SSD,Africa,reproductive_age,2002,122.0
Lao People's Democratic Republic,LAO,Western Pacific,reproductive_age,2009,122.0
Oman,OMN,Eastern Mediterranean,reproductive_age,2017,125.0
Gambia,GMB,Africa,reproductive_age,2001,112.0
Canada,CAN,Americas,reproductive_age,2002,133.0
Spain,ESP,Europe,reproductive_age,2017,131.0
Belgium,BEL,Europe,reproductive_age,2002,131.0
Italy,ITA,Europe,reproductive_age,2005,131.0
Nigeria,NGA,Africa,reproductive_age,2012,116.0
United Kingdom of Great Britain and Northern Ireland,GBR,Europe,reproductive_age,2004,132.0
Armenia,ARM,Europe,reproductive_age,2016,130.0
Samoa,WSM,Western Pacific,reproductive_age,2019,127.0
Ecuador,ECU,Americas,reproductive_age,2016,129.0
Bahrain,BHR,Eastern Mediterranean,reproductive_age,2002,121.0
Costa Rica,CRI,Americas,reproductive_age,2010,132.0
Tonga,TON,Western Pacific,reproductive_age,2009,127.0
Philippines,PHL,Western Pacific,reproductive_age,2002,126.0
United Kingdom of Great Britain and Northern Ireland,GBR,Europe,reproductive_age,2011,132.0
Cote d'Ivoire,CIV,Africa,reproductive_age,2008,116.0
Jamaica,JAM,Americas,reproductive_age,2004,128.0
Israel,ISR,Europe,reproductive_age,2002,131.0
Burundi,BDI,Africa,reproductive_age,2018,123.0
Trinidad and Tobago,TTO,Americas,reproductive_age,2000,127.0
Republic of Moldova,MDA,Europe,reproductive_age,2002,126.0
Sao Tome and Principe,STP,Africa,reproductive_age,2017,120.0
Bahamas,BHS,Americas,reproductive_age,2018,132.0
Kyrgyzstan,KGZ,Europe,reproductive_age,2018,123.0
Kyrgyzstan,KGZ,Europe,reproductive_age,2000,122.0
Democratic People's Republic of Korea,PRK,South-East Asia,reproductive_age,2016,124.0
Luxembourg,LUX,Europe,reproductive_age,2008,133.0
Armenia,ARM,Europe,reproductive_age,2017,130.0
Grenada,GRD,Americas,reproductive_age,2002,128.0
Hungary,HUN,Europe,reproductive_age,2014,129.0
Burkina Faso,BFA,Africa,reproductive_age,2013,116.0
Morocco,MAR,Eastern Mediterranean,reproductive_age,2000,124.0
Mauritius,MUS,Africa,reproductive_age,2013,130.0
Lithuania,LTU,Europe,reproductive_age,2006,130.0
Honduras,HND,Americas,reproductive_age,2012,131.0
Palau,PLW,Western Pacific,reproductive_age,2015,126.0
Angola,AGO,Africa,reproductive_age,2016,120.0
Madagascar,MDG,Africa,reproductive_age,2006,122.0
Samoa,WSM,Western Pacific,reproductive_age,2000,128.0
Congo,COG,Africa,reproductive_age,2019,119.0
Cabo Verde,CPV,Africa,reproductive_age,2011,126.0
Russian Federation,RUS,Europe,reproductive_age,2011,129.0
Guyana,GUY,Americas,reproductive_age,2002,121.0
Kenya,KEN,Africa,reproductive_age,2007,126.0
China,CHN,Western Pacific,reproductive_age,2004,131.0
"occupied Palestinian territory, including east Jerusalem",PSE,Eastern Mediterranean,reproductive_age,2002,124.0
Albania,ALB,Europe,reproductive_age,2008,128.0
Uruguay,URY,Americas,reproductive_age,2007,131.0
Monaco,MCO,Europe,reproductive_age,2004,131.0
Saudi Arabia,SAU,Eastern Mediterranean,reproductive_age,2001,125.0
China,CHN,Western Pacific,reproductive_age,2002,130.0
Ukraine,UKR,Europe,reproductive_age,2004,133.0
Austria,AUT,Europe,reproductive_age,2019,131.0
Azerbaijan,AZE,Europe,reproductive_age,2018,123.0
Suriname,SUR,Americas,reproductive_age,2015,129.0
Iran (Islamic Republic of),IRN,Eastern Mediterranean,reproductive_age,2016,128.0
Naoero,NRU,Western Pacific,reproductive_age,2011,126.0
Bulgaria,BGR,Europe,reproductive_age,2019,128.0
Senegal,SEN,Africa,reproductive_age,2008,114.0
Thailand,THA,South-East Asia,reproductive_age,2015,128.0
Comoros,COM,Africa,reproductive_age,2001,123.0
Yemen,YEM,Eastern Mediterranean,reproductive_age,2011,112.0
Mozambique,MOZ,Africa,reproductive_age,2011,118.0
France,FRA,Europe,reproductive_age,2016,132.0
Lithuania,LTU,Europe,reproductive_age,2003,129.0
Honduras,HND,Americas,reproductive_age,2013,131.0
El Salvador,SLV,Americas,reproductive_age,2013,135.0
Mali,MLI,Africa,reproductive_age,2019,114.0
Iran (Islamic Republic of),IRN,Eastern Mediterranean,reproductive_age,2017,128.0
Latvia,LVA,Europe,reproductive_age,2004,128.0
Algeria,DZA,Africa,reproductive_age,2017,124.0
Zimbabwe,ZWE,Africa,reproductive_age,2011,126.0
Myanmar,MMR,South-East Asia,reproductive_age,2011,122.0
Togo,TGO,Africa,reproductive_age,2004,118.0
Myanmar,MMR,South-East Asia,reproductive_age,2019,121.0
Turkmenistan,TKM,Europe,reproductive_age,2000,124.0
Albania,ALB,Europe,reproductive_age,2002,127.0
Italy,ITA,Europe,reproductive_age,2015,131.0
New Zealand,NZL,Western Pacific,reproductive_age,2003,133.0
Saudi Arabia,SAU,Eastern Mediterranean,reproductive_age,2004,125.0
Brazil,BRA,Americas,reproductive_age,2001,127.0
Kuwait,KWT,Eastern Mediterranean,reproductive_age,2003,128.0
Cameroon,CMR,Africa,reproductive_age,2016,121.0
Djibouti,DJI,Eastern Mediterranean,reproductive_age,2016,125.0
Afghanistan,AFG,Eastern Mediterranean,reproductive_age,2002,123.0
Eswatini,SWZ,Africa,reproductive_age,2008,126.0
Republic of Korea,KOR,Western Pacific,reproductive_age,2000,128.0
Slovenia,SVN,Europe,reproductive_age,2009,129.0
Chile,CHL,Americas,reproductive_age,2005,134.0
Italy,ITA,Europe,reproductive_age,2018,131.0
Angola,AGO,Africa,reproductive_age,2006,118.0
Austria,AUT,Europe,reproductive_age,2013,131.0
Senegal,SEN,Africa,reproductive_age,2009,114.0
Singapore,SGP,Western Pacific,reproductive_age,2012,131.0
Kazakhstan,KAZ,Europe,reproductive_age,2016,126.0
Bulgaria,BGR,Europe,reproductive_age,2014,128.0
Palau,PLW,Western Pacific,reproductive_age,2006,126.0
Barbados,BRB,Americas,reproductive_age,2002,130.0
Palau,PLW,Western Pacific,reproductive_age,2008,126.0
Iraq,IRQ,Eastern Mediterranean,reproductive_age,2010,123.0
Indonesia,IDN,Western Pacific,reproductive_age,2006,125.0
Australia,AUS,Western Pacific,reproductive_age,2015,133.0
Malta,MLT,Europe,reproductive_age,2012,131.0
Saint Kitts and Nevis,KNA,Americas,reproductive_age,2001,130.0
Albania,ALB,Europe,reproductive_age,2018,127.0
Portugal,PRT,Europe,reproductive_age,2017,131.0
Honduras,HND,Americas,reproductive_age,2019,131.0
Solomon Islands,SLB,Western Pacific,reproductive_age,2008,121.0
Republic of Korea,KOR,Western Pacific,reproductive_age,2014,130.0
Mauritius,MUS,Africa,reproductive_age,2001,132.0
Ukraine,UKR,Europe,reproductive_age,2019,131.0
Morocco,MAR,Eastern Mediterranean,reproductive_age,2019,126.0
Czechia,CZE,Europe,reproductive_age,2016,129.0
Eswatini,SWZ,Africa,reproductive_age,2012,126.0
Serbia,SRB,Europe,reproductive_age,2011,128.0
Poland,POL,Europe,reproductive_age,2018,130.0
Equatorial Guinea,GNQ,Africa,reproductive_age,2005,116.0
Sweden,SWE,Europe,reproductive_age,2013,131.0
Eswatini,SWZ,Africa,reproductive_age,2017,126.0
Bahrain,BHR,Eastern Mediterranean,reproductive_age,2011,123.0
Bulgaria,BGR,Europe,reproductive_age,2001,128.0
Ukraine,UKR,Europe,reproductive_age,2010,133.0
Italy,ITA,Europe,reproductive_age,2017,131.0
Democratic Republic of the Congo,COD,Africa,reproductive_age,2001,116.0
Sao Tome and Principe,STP,Africa,reproductive_age,2006,118.0
Canada,CAN,Americas,reproductive_age,2007,133.0
Democratic People's Republic of Korea,PRK,South-East Asia,reproductive_age,2003,124.0
Indonesia,IDN,Western Pacific,reproductive_age,2009,126.0
Nicaragua,NIC,Americas,reproductive_age,2007,131.0
Oman,OMN,Eastern Mediterranean,reproductive_age,2004,124.0
Cuba,CUB,Americas,reproductive_age,2008,128.0
Hungary,HUN,Europe,reproductive_age,2004,130.0
Central African Republic,CAF,Africa,reproductive_age,2017,119.0
Tajikistan,TJK,Europe,reproductive_age,2017,123.0
Poland,POL,Europe,reproductive_age,2012,130.0
Venezuela (Bolivarian Republic of),VEN,Americas,reproductive_age,2013,129.0
Malta,MLT,Europe,reproductive_age,2019,131.0
Russian Federation,RUS,Europe,reproductive_age,2007,129.0
San Marino,SMR,Europe,reproductive_age,2012,131.0
Sao Tome and Principe,STP,Africa,reproductive_age,2007,118.0
Cuba,CUB,Americas,reproductive_age,2001,126.0
Benin,BEN,Africa,reproductive_age,2003,113.0
Suriname,SUR,Americas,reproductive_age,2002,127.0
Costa Rica,CRI,Americas,reproductive_age,2001,130.0
Saint Vincent and the Grenadines,VCT,Americas,reproductive_age,2018,131.0
Bulgaria,BGR,Europe,reproductive_age,2003,128.0
Poland,POL,Europe,reproductive_age,2016,130.0
Rwanda,RWA,Africa,reproductive_age,2006,130.0
Azerbaijan,AZE,Europe,reproductive_age,2007,122.0
Andorra,AND,Europe,reproductive_age,2002,132.0
France,FRA,Europe,reproductive_age,2009,132.0
Latvia,LVA,Europe,reproductive_age,2000,128.0
Democratic Republic of the Congo,COD,Africa,reproductive_age,2000,116.0
Iraq,IRQ,Eastern Mediterranean,reproductive_age,2006,122.0
Lithuania,LTU,Europe,reproductive_age,2007,130.0
Nicaragua,NIC,Americas,reproductive_age,2004,130.0
"occupied Palestinian territory, including east Jerusalem",PSE,Eastern Mediterranean,reproductive_age,2015,126.0
Croatia,HRV,Europe,reproductive_age,2016,129.0
Uganda,UGA,Africa,reproductive_age,2010,125.0
Lesotho,LSO,Africa,reproductive_age,2009,126.0
Egypt,EGY,Eastern Mediterranean,reproductive_age,2010,124.0
Jordan,JOR,Eastern Mediterranean,reproductive_age,2016,124.0
China,CHN,Western Pacific,reproductive_age,2001,130.0
Latvia,LVA,Europe,reproductive_age,2017,128.0
Japan,JPN,Western Pacific,reproductive_age,2003,127.0
Mauritania,MRT,Africa,reproductive_age,2016,120.0
Djibouti,DJI,Eastern Mediterranean,reproductive_age,2010,126.0
Mauritania,MRT,Africa,reproductive_age,2019,120.0
Venezuela (Bolivarian Republic of),VEN,Americas,reproductive_age,2008,128.0
Mozambique,MOZ,Africa,reproductive_age,2009,118.0
Sao Tome and Principe,STP,Africa,reproductive_age,2008,119.0
Peru,PER,Americas,reproductive_age,2011,129.0
Guatemala,GTM,Americas,reproductive_age,2015,135.0
Dominican Republic,DOM,Americas,reproductive_age,2006,125.0
Brazil,BRA,Americas,reproductive_age,2011,130.0
Guyana,GUY,Americas,reproductive_age,2008,122.0
Greece,GRC,Europe,reproductive_age,2014,131.0
Azerbaijan,AZE,Europe,reproductive_age,2009,123.0
Ethiopia,ETH,Africa,reproductive_age,2014,129.0
Guinea,GIN,Africa,reproductive_age,2005,116.0
Slovakia,SVK,Europe,reproductive_age,2012,128.0
El Salvador,SLV,Americas,reproductive_age,2017,134.0
Mauritius,MUS,Africa,reproductive_age,2004,131.0
Vanuatu,VUT,Western Pacific,reproductive_age,2005,126.0
Jordan,JOR,Eastern Mediterranean,reproductive_age,2004,125.0
Malawi,MWI,Africa,reproductive_age,2008,124.0
Denmark,DNK,Europe,reproductive_age,2019,131.0
Palau,PLW,Western Pacific,reproductive_age,2002,126.0
Norway,NOR,Europe,reproductive_age,2016,131.0
South Africa,ZAF,Africa,reproductive_age,2001,124.0
United Republic of Tanzania,TZA,Africa,reproductive_age,2015,121.0
Dominica,DMA,Americas,reproductive_age,2010,129.0
Niue,NIU,Western Pacific,reproductive_age,2003,127.0
Pakistan,PAK,Eastern Mediterranean,reproductive_age,2001,120.0
Haiti,HTI,Americas,reproductive_age,2001,116.0
Chad,TCD,Africa,reproductive_age,2010,117.0
Mauritania,MRT,Africa,reproductive_age,2011,119.0
Gambia,GMB,Africa,reproductive_age,2012,115.0
Latvia,LVA,Europe,reproductive_age,2001,128.0
Cambodia,KHM,Western Pacific,reproductive_age,2019,119.0
Syrian Arab Republic,SYR,Eastern Mediterranean,reproductive_age,2012,124.0
Belize,BLZ,Americas,reproductive_age,2001,127.0
Norway,NOR,Europe,reproductive_age,2010,131.0
Naoero,NRU,Western Pacific,reproductive_age,2004,126.0
Tonga,TON,Western Pacific,reproductive_age,2018,126.0
New Zealand,NZL,Western Pacific,reproductive_age,2008,132.0
Jordan,JOR,Eastern Mediterranean,reproductive_age,2018,123.0
Samoa,WSM,Western Pacific,reproductive_age,2001,128.0
Jamaica,JAM,Americas,reproductive_age,2008,129.0
Timor-Leste,TLS,South-East Asia,reproductive_age,2004,124.0
Guinea-Bissau,GNB,Africa,reproductive_age,2010,117.0
Chad,TCD,Africa,reproductive_age,2002,116.0
India,IND,South-East Asia,reproductive_age,2004,116.0
Mali,MLI,Africa,reproductive_age,2004,112.0
Vanuatu,VUT,Western Pacific,reproductive_age,2004,126.0
Czechia,CZE,Europe,reproductive_age,2017,129.0
Kenya,KEN,Africa,reproductive_age,2002,124.0
Democratic Republic of the Congo,COD,Africa,reproductive_age,2002,116.0
Ethiopia,ETH,Africa,reproductive_age,2000,125.0
Austria,AUT,Europe,reproductive_age,2007,131.0
Czechia,CZE,Europe,reproductive_age,2005,129.0
Bahrain,BHR,Eastern Mediterranean,reproductive_age,2015,123.0
Hungary,HUN,Europe,reproductive_age,2000,130.0
Türkiye,TUR,Europe,reproductive_age,2017,125.0
Ghana,GHA,Africa,reproductive_age,2004,118.0
Peru,PER,Americas,reproductive_age,2001,125.0
South Sudan,SSD,Africa,reproductive_age,2012,124.0
Ecuador,ECU,Americas,reproductive_age,2019,129.0
Grenada,GRD,Americas,reproductive_age,2017,130.0
Slovakia,SVK,Europe,reproductive_age,2007,128.0
Naoero,NRU,Western Pacific,reproductive_age,2002,126.0
Naoero,NRU,Western Pacific,reproductive_age,2012,126.0
Botswana,BWA,Africa,reproductive_age,2010,125.0
Brazil,BRA,Americas,reproductive_age,2019,131.0
Mongolia,MNG,Western Pacific,reproductive_age,2019,131.0
Antigua and Barbuda,ATG,Americas,reproductive_age,2005,130.0
Zambia,ZMB,Africa,reproductive_age,2017,125.0
Tunisia,TUN,Eastern Mediterranean,reproductive_age,2007,125.0
Viet Nam,VNM,Western Pacific,reproductive_age,2001,126.0
Italy,ITA,Europe,reproductive_age,2000,131.0
Marshall Islands,MHL,Western Pacific,reproductive_age,2000,125.0
Serbia,SRB,Europe,reproductive_age,2001,128.0
Papua New Guinea,PNG,Western Pacific,reproductive_age,2019,124.0
Zimbabwe,ZWE,Africa,reproductive_age,2003,124.0
Saint Lucia,LCA,Americas,reproductive_age,2001,131.0
Belarus,BLR,Europe,reproductive_age,2015,129.0
Saudi Arabia,SAU,Eastern Mediterranean,reproductive_age,2019,126.0
Dominica,DMA,Americas,reproductive_age,2013,129.0
Cook Islands,COK,Western Pacific,reproductive_age,2004,127.0
Belize,BLZ,Americas,reproductive_age,2002,127.0
Equatorial Guinea,GNQ,Africa,reproductive_age,2002,115.0
Iraq,IRQ,Eastern Mediterranean,reproductive_age,2017,124.0
Antigua and Barbuda,ATG,Americas,reproductive_age,2008,130.0
Venezuela (Bolivarian Republic of),VEN,Americas,reproductive_age,2019,127.0
Lesotho,LSO,Africa,reproductive_age,2003,124.0
Chile,CHL,Americas,reproductive_age,2016,134.0
Zambia,ZMB,Africa,reproductive_age,2019,125.0
Myanmar,MMR,South-East Asia,reproductive_age,2008,121.0
Mozambique,MOZ,Africa,reproductive_age,2003,118.0
Malawi,MWI,Africa,reproductive_age,2002,122.0
Democratic People's Republic of Korea,PRK,South-East Asia,reproductive_age,2011,125.0
Indonesia,IDN,Western Pacific,reproductive_age,2017,125.0
Georgia,GEO,Europe,reproductive_age,2014,126.0
Equatorial Guinea,GNQ,Africa,reproductive_age,2007,117.0
Argentina,ARG,Americas,reproductive_age,2000,130.0
Lithuania,LTU,Europe,reproductive_age,2004,129.0
Argentina,ARG,Americas,reproductive_age,2006,130.0
Japan,JPN,Western Pacific,reproductive_age,2010,128.0
Sao Tome and Principe,STP,Africa,reproductive_age,2019,120.0
Ecuador,ECU,Americas,reproductive_age,2007,128.0
Tunisia,TUN,Eastern Mediterranean,reproductive_age,2009,125.0
Congo,COG,Africa,reproductive_age,2003,115.0
Italy,ITA,Europe,reproductive_age,2009,131.0
Canada,CAN,Americas,reproductive_age,2013,132.0
Singapore,SGP,Western Pacific,reproductive_age,2006,131.0
Montenegro,MNE,Europe,reproductive_age,2008,131.0
Uruguay,URY,Americas,reproductive_age,2017,131.0
Monaco,MCO,Europe,reproductive_age,2010,131.0
Timor-Leste,TLS,South-East Asia,reproductive_age,2007,125.0
Mozambique,MOZ,Africa,reproductive_age,2015,118.0
Maldives,MDV,South-East Asia,reproductive_age,2011,120.0
Senegal,SEN,Africa,reproductive_age,2018,116.0
Lao People's Democratic Republic,LAO,Western Pacific,reproductive_age,2013,123.0
Syrian Arab Republic,SYR,Eastern Mediterranean,reproductive_age,2000,123.0
Cameroon,CMR,Africa,reproductive_age,2000,120.0
Liberia,LBR,Africa,reproductive_age,2019,121.0
Serbia,SRB,Europe,reproductive_age,2010,128.0
Algeria,DZA,Africa,reproductive_age,2011,124.0
Mauritius,MUS,Africa,reproductive_age,2019,129.0
Senegal,SEN,Africa,reproductive_age,2012,115.0
Republic of Korea,KOR,Western Pacific,reproductive_age,2003,128.0
Chad,TCD,Africa,reproductive_age,2001,116.0
Israel,ISR,Europe,reproductive_age,2000,131.0
Mali,MLI,Africa,reproductive_age,2016,114.0
Cook Islands,COK,Western Pacific,reproductive_age,2018,127.0
Benin,BEN,Africa,reproductive_age,2018,116.0
Afghanistan,AFG,Eastern Mediterranean,reproductive_age,2012,122.0
Brazil,BRA,Americas,reproductive_age,2018,131.0
Saudi Arabia,SAU,Eastern Mediterranean,reproductive_age,2012,127.0
Kiribati,KIR,Western Pacific,reproductive_age,2018,125.0
Morocco,MAR,Eastern Mediterranean,reproductive_age,2017,126.0
Republic of Korea,KOR,Western Pacific,reproductive_age,2012,130.0
Libya,LBY,Eastern Mediterranean,reproductive_age,2005,125.0
Australia,AUS,Western Pacific,reproductive_age,2001,133.0
Thailand,THA,South-East Asia,reproductive_age,2003,128.0
Jordan,JOR,Eastern Mediterranean,reproductive_age,2009,126.0
Kuwait,KWT,Eastern Mediterranean,reproductive_age,2002,128.0
Paraguay,PRY,Americas,reproductive_age,2001,128.0
Bhutan,BTN,South-East Asia,reproductive_age,2004,120.0
Guinea-Bissau,GNB,Africa,reproductive_age,2005,116.0
Nicaragua,NIC,Americas,reproductive_age,2012,132.0
Peru,PER,Americas,reproductive_age,2000,125.0
Jamaica,JAM,Americas,reproductive_age,2014,130.0
Marshall Islands,MHL,Western Pacific,reproductive_age,2002,125.0
Niue,NIU,Western Pacific,reproductive_age,2001,127.0
Japan,JPN,Western Pacific,reproductive_age,2005,127.0
Uganda,UGA,Africa,reproductive_age,2009,125.0
Egypt,EGY,Eastern Mediterranean,reproductive_age,2011,124.0
Solomon Islands,SLB,Western Pacific,reproductive_age,2011,122.0
Guinea-Bissau,GNB,Africa,reproductive_age,2014,118.0
Georgia,GEO,Europe,reproductive_age,2013,126.0
Morocco,MAR,Eastern Mediterranean,reproductive_age,2001,124.0
United Kingdom of Great Britain and Northern Ireland,GBR,Europe,reproductive_age,2014,132.0
Syrian Arab Republic,SYR,Eastern Mediterranean,reproductive_age,2014,124.0
Rwanda,RWA,Africa,reproductive_age,2005,129.0
Egypt,EGY,Eastern Mediterranean,reproductive_age,2012,125.0
Lebanon,LBN,Eastern Mediterranean,reproductive_age,2005,127.0
Japan,JPN,Western Pacific,reproductive_age,2013,128.0
Guinea-Bissau,GNB,Africa,reproductive_age,2008,117.0
Cook Islands,COK,Western Pacific,reproductive_age,2000,127.0
Kenya,KEN,Africa,reproductive_age,2012,128.0
Syrian Arab Republic,SYR,Eastern Mediterranean,reproductive_age,2011,124.0
Dominica,DMA,Americas,reproductive_age,2014,129.0
Cyprus,CYP,Europe,reproductive_age,2011,131.0
Uganda,UGA,Africa,reproductive_age,2002,123.0
New Zealand,NZL,Western Pacific,reproductive_age,2001,133.0
Ghana,GHA,Africa,reproductive_age,2002,118.0
Latvia,LVA,Europe,reproductive_age,2019,128.0
Namibia,NAM,Africa,reproductive_age,2012,128.0
Botswana,BWA,Africa,reproductive_age,2019,125.0
Honduras,HND,Americas,reproductive_age,2009,131.0
Qatar,QAT,Eastern Mediterranean,reproductive_age,2001,125.0
Brazil,BRA,Americas,reproductive_age,2008,129.0
Burkina Faso,BFA,Africa,reproductive_age,2018,117.0
Zambia,ZMB,Africa,reproductive_age,2018,125.0
Nepal,NPL,South-East Asia,reproductive_age,2013,124.0
Kazakhstan,KAZ,Europe,reproductive_age,2014,126.0
Liberia,LBR,Africa,reproductive_age,2002,117.0
Serbia,SRB,Europe,reproductive_age,2016,128.0
Algeria,DZA,Africa,reproductive_age,2019,124.0
Fiji,FJI,Western Pacific,reproductive_age,2002,123.0
Bulgaria,BGR,Europe,reproductive_age,2002,128.0
Bosnia and Herzegovina,BIH,Europe,reproductive_age,2016,128.0
Republic of Korea,KOR,Western Pacific,reproductive_age,2002,128.0
Albania,ALB,Europe,reproductive_age,2011,128.0
Brazil,BRA,Americas,reproductive_age,2005,128.0
Honduras,HND,Americas,reproductive_age,2011,131.0
El Salvador,SLV,Americas,reproductive_age,2005,135.0
Thailand,THA,South-East Asia,reproductive_age,2010,128.0
Canada,CAN,Americas,reproductive_age,2011,133.0
Lesotho,LSO,Africa,reproductive_age,2007,126.0
Russian Federation,RUS,Europe,reproductive_age,2017,129.0
Brunei Darussalam,BRN,Western Pacific,reproductive_age,2007,130.0
Andorra,AND,Europe,reproductive_age,2013,132.0
Panama,PAN,Americas,reproductive_age,2010,128.0
Italy,ITA,Europe,reproductive_age,2008,131.0
Russian Federation,RUS,Europe,reproductive_age,2015,129.0
Tajikistan,TJK,Europe,reproductive_age,2004,123.0
Albania,ALB,Europe,reproductive_age,2004,127.0
Chile,CHL,Americas,reproductive_age,2017,134.0
Greece,GRC,Europe,reproductive_age,2019,130.0
Sudan,SDN,Eastern Mediterranean,reproductive_age,2000,120.0
Guinea-Bissau,GNB,Africa,reproductive_age,2012,118.0
India,IND,South-East Asia,reproductive_age,2013,117.0
Kenya,KEN,Africa,reproductive_age,2005,125.0
Greece,GRC,Europe,reproductive_age,2003,131.0
Nicaragua,NIC,Americas,reproductive_age,2010,132.0
Colombia,COL,Americas,reproductive_age,2011,129.0
Russian Federation,RUS,Europe,reproductive_age,2014,129.0
Egypt,EGY,Eastern Mediterranean,reproductive_age,2000,123.0
Trinidad and Tobago,TTO,Americas,reproductive_age,2012,130.0
Mozambique,MOZ,Africa,reproductive_age,2006,118.0
Bahamas,BHS,Americas,reproductive_age,2006,132.0
Colombia,COL,Americas,reproductive_age,2018,129.0
United Republic of Tanzania,TZA,Africa,reproductive_age,2003,119.0
Republic of Moldova,MDA,Europe,reproductive_age,2018,127.0
Serbia,SRB,Europe,reproductive_age,2002,128.0
Seychelles,SYC,Africa,reproductive_age,2014,128.0
Botswana,BWA,Africa,reproductive_age,2009,125.0
Papua New Guinea,PNG,Western Pacific,reproductive_age,2018,124.0
Belize,BLZ,Americas,reproductive_age,2005,128.0
Papua New Guinea,PNG,Western Pacific,reproductive_age,2009,125.0
Bangladesh,BGD,South-East Asia,reproductive_age,2010,123.0
Bulgaria,BGR,Europe,reproductive_age,2007,128.0
United Republic of Tanzania,TZA,Africa,reproductive_age,2013,121.0
Micronesia (Federated States of),FSM,Western Pacific,reproductive_age,2019,127.0
Afghanistan,AFG,Eastern Mediterranean,reproductive_age,2013,122.0
Malawi,MWI,Africa,reproductive_age,2010,125.0
New Zealand,NZL,Western Pacific,reproductive_age,2018,132.0
Canada,CAN,Americas,reproductive_age,2008,133.0
Tuvalu,TUV,Western Pacific,reproductive_age,2015,127.0
Pakistan,PAK,Eastern Mediterranean,reproductive_age,2014,120.0
Kiribati,KIR,Western Pacific,reproductive_age,2011,125.0
Nigeria,NGA,Africa,reproductive_age,2019,116.0
Afghanistan,AFG,Eastern Mediterranean,reproductive_age,2016,121.0
Cabo Verde,CPV,Africa,reproductive_age,2004,125.0
Kenya,KEN,Africa,reproductive_age,2013,128.0
Cook Islands,COK,Western Pacific,reproductive_age,2008,127.0
Bahamas,BHS,Americas,reproductive_age,2016,132.0
Luxembourg,LUX,Europe,reproductive_age,2010,133.0
Naoero,NRU,Western Pacific,reproductive_age,2010,126.0
Guyana,GUY,Americas,reproductive_age,2005,121.0
Venezuela (Bolivarian Republic of),VEN,Americas,reproductive_age,2001,127.0
Latvia,LVA,Europe,reproductive_age,2015,128.0
Iceland,ISL,Europe,reproductive_age,2019,132.0
Finland,FIN,Europe,reproductive_age,2000,132.0
Bolivia (Plurinational State of),BOL,Americas,reproductive_age,2003,125.0
China,CHN,Western Pacific,reproductive_age,2006,131.0
Cabo Verde,CPV,Africa,reproductive_age,2001,125.0
Gambia,GMB,Africa,reproductive_age,2019,118.0
China,CHN,Western Pacific,reproductive_age,2017,133.0
Barbados,BRB,Americas,reproductive_age,2018,131.0
Spain,ESP,Europe,reproductive_age,2012,131.0
Netherlands (Kingdom of the),NLD,Europe,reproductive_age,2011,131.0
Kuwait,KWT,Eastern Mediterranean,reproductive_age,2014,128.0
Sudan,SDN,Eastern Mediterranean,reproductive_age,2009,122.0
Uganda,UGA,Africa,reproductive_age,2000,122.0
Jordan,JOR,Eastern Mediterranean,reproductive_age,2013,125.0
Australia,AUS,Western Pacific,reproductive_age,2017,133.0
Nicaragua,NIC,Americas,reproductive_age,2000,128.0
Chad,TCD,Africa,reproductive_age,2016,118.0
Hungary,HUN,Europe,reproductive_age,2015,129.0
United Republic of Tanzania,TZA,Africa,reproductive_age,2005,119.0
Iran (Islamic Republic of),IRN,Eastern Mediterranean,reproductive_age,2006,128.0
Lebanon,LBN,Eastern Mediterranean,reproductive_age,2008,127.0
Romania,ROU,Europe,reproductive_age,2014,128.0
Nepal,NPL,South-East Asia,reproductive_age,2005,122.0
Samoa,WSM,Western Pacific,reproductive_age,2010,128.0
Ukraine,UKR,Europe,reproductive_age,2000,134.0
Azerbaijan,AZE,Europe,reproductive_age,2011,123.0
Philippines,PHL,Western Pacific,reproductive_age,2010,129.0
South Sudan,SSD,Africa,reproductive_age,2016,124.0
Thailand,THA,South-East Asia,reproductive_age,2012,128.0
India,IND,South-East Asia,reproductive_age,2006,116.0
Nigeria,NGA,Africa,reproductive_age,2010,116.0
Netherlands (Kingdom of the),NLD,Europe,reproductive_age,2001,132.0
Equatorial Guinea,GNQ,Africa,reproductive_age,2018,120.0
Sweden,SWE,Europe,reproductive_age,2007,131.0
India,IND,South-East Asia,reproductive_age,2009,116.0
Armenia,ARM,Europe,reproductive_age,2014,130.0
Ukraine,UKR,Europe,reproductive_age,2007,133.0
El Salvador,SLV,Americas,reproductive_age,2016,134.0
Kyrgyzstan,KGZ,Europe,reproductive_age,2001,122.0
Mauritius,MUS,Africa,reproductive_age,2002,132.0
Sao Tome and Principe,STP,Africa,reproductive_age,2004,118.0
Republic of Moldova,MDA,Europe,reproductive_age,2013,127.0
Nicaragua,NIC,Americas,reproductive_age,2016,132.0
Indonesia,IDN,Western Pacific,reproductive_age,2019,125.0
Saint Vincent and the Grenadines,VCT,Americas,reproductive_age,2003,129.0
Mauritius,MUS,Africa,reproductive_age,2009,131.0
Switzerland,CHE,Europe,reproductive_age,2017,132.0
Czechia,CZE,Europe,reproductive_age,2019,129.0
Jordan,JOR,Eastern Mediterranean,reproductive_age,2000,125.0
Panama,PAN,Americas,reproductive_age,2008,127.0
New Zealand,NZL,Western Pacific,reproductive_age,2010,132.0
Jamaica,JAM,Americas,reproductive_age,2009,129.0
Mexico,MEX,Americas,reproductive_age,2011,132.0
Serbia,SRB,Europe,reproductive_age,2012,128.0
Mongolia,MNG,Western Pacific,reproductive_age,2014,131.0
Republic of Korea,KOR,Western Pacific,reproductive_age,2017,130.0
Nepal,NPL,South-East Asia,reproductive_age,2009,123.0
Palau,PLW,Western Pacific,reproductive_age,2016,126.0
Indonesia,IDN,Western Pacific,reproductive_age,2008,125.0
Solomon Islands,SLB,Western Pacific,reproductive_age,2019,122.0
Ireland,IRL,Europe,reproductive_age,2010,132.0
Central African Republic,CAF,Africa,reproductive_age,2018,119.0
Kiribati,KIR,Western Pacific,reproductive_age,2001,125.0
Sri Lanka,LKA,South-East Asia,reproductive_age,2012,124.0
Tonga,TON,Western Pacific,reproductive_age,2008,127.0
Iran (Islamic Republic of),IRN,Eastern Mediterranean,reproductive_age,2009,128.0
Sudan,SDN,Eastern Mediterranean,reproductive_age,2017,122.0
Mauritania,MRT,Africa,reproductive_age,2001,118.0
Micronesia (Federated States of),FSM,Western Pacific,reproductive_age,2014,128.0
Maldives,MDV,South-East Asia,reproductive_age,2017,118.0
Togo,TGO,Africa,reproductive_age,2001,118.0
Tuvalu,TUV,Western Pacific,reproductive_age,2003,127.0
Iraq,IRQ,Eastern Mediterranean,reproductive_age,2014,124.0
Benin,BEN,Africa,reproductive_age,2006,114.0
Bosnia and Herzegovina,BIH,Europe,reproductive_age,2018,128.0
Sweden,SWE,Europe,reproductive_age,2002,131.0
Mauritania,MRT,Africa,reproductive_age,2008,119.0
Poland,POL,Europe,reproductive_age,2009,130.0
Türkiye,TUR,Europe,reproductive_age,2006,124.0
Guinea,GIN,Africa,reproductive_age,2002,116.0
Barbados,BRB,Americas,reproductive_age,2014,131.0
Morocco,MAR,Eastern Mediterranean,reproductive_age,2015,126.0
Montenegro,MNE,Europe,reproductive_age,2012,131.0
Suriname,SUR,Americas,reproductive_age,2018,129.0
Bahamas,BHS,Americas,reproductive_age,2001,131.0
Republic of Moldova,MDA,Europe,reproductive_age,2007,127.0
Egypt,EGY,Eastern Mediterranean,reproductive_age,2008,124.0
Mozambique,MOZ,Africa,reproductive_age,2014,118.0
Colombia,COL,Americas,reproductive_age,2005,126.0
Bulgaria,BGR,Europe,reproductive_age,2010,128.0
Togo,TGO,Africa,reproductive_age,2012,119.0
Antigua and Barbuda,ATG,Americas,reproductive_age,2000,129.0
Sudan,SDN,Eastern Mediterranean,reproductive_age,2003,121.0
United Kingdom of Great Britain and Northern Ireland,GBR,Europe,reproductive_age,2019,132.0
Indonesia,IDN,Western Pacific,reproductive_age,2005,125.0
Jamaica,JAM,Americas,reproductive_age,2017,129.0
Greece,GRC,Europe,reproductive_age,2000,131.0
Italy,ITA,Europe,reproductive_age,2001,131.0
Suriname,SUR,Americas,reproductive_age,2013,129.0
Mozambique,MOZ,Africa,reproductive_age,2019,119.0
Sao Tome and Principe,STP,Africa,reproductive_age,2018,120.0
Ireland,IRL,Europe,reproductive_age,2015,131.0
Sri Lanka,LKA,South-East Asia,reproductive_age,2004,123.0
San Marino,SMR,Europe,reproductive_age,2019,131.0
Costa Rica,CRI,Americas,reproductive_age,2006,131.0
Pakistan,PAK,Eastern Mediterranean,reproductive_age,2017,120.0
Romania,ROU,Europe,reproductive_age,2001,128.0
Paraguay,PRY,Americas,reproductive_age,2017,128.0
Somalia,SOM,Eastern Mediterranean,reproductive_age,2018,120.0
Lithuania,LTU,Europe,reproductive_age,2016,129.0
Niger,NER,Africa,reproductive_age,2004,117.0
Tunisia,TUN,Eastern Mediterranean,reproductive_age,2008,125.0
Solomon Islands,SLB,Western Pacific,reproductive_age,2009,122.0
Equatorial Guinea,GNQ,Africa,reproductive_age,2006,116.0
Jamaica,JAM,Americas,reproductive_age,2001,128.0
Australia,AUS,Western Pacific,reproductive_age,2013,133.0
Iraq,IRQ,Eastern Mediterranean,reproductive_age,2009,123.0
Ireland,IRL,Europe,reproductive_age,2001,132.0
Brunei Darussalam,BRN,Western Pacific,reproductive_age,2008,130.0
Saint Vincent and the Grenadines,VCT,Americas,reproductive_age,2010,131.0
Cabo Verde,CPV,Africa,reproductive_age,2006,126.0
Lao People's Democratic Republic,LAO,Western Pacific,reproductive_age,2003,121.0
Luxembourg,LUX,Europe,reproductive_age,2016,132.0
Belarus,BLR,Europe,reproductive_age,2011,130.0
Australia,AUS,Western Pacific,reproductive_age,2009,133.0
Botswana,BWA,Africa,reproductive_age,2007,124.0
Trinidad and Tobago,TTO,Americas,reproductive_age,2004,128.0
Montenegro,MNE,Europe,reproductive_age,2017,131.0
Austria,AUT,Europe,reproductive_age,2011,131.0
Panama,PAN,Americas,reproductive_age,2016,129.0
Philippines,PHL,Western Pacific,reproductive_age,2015,130.0
Gabon,GAB,Africa,reproductive_age,2018,117.0
Tonga,TON,Western Pacific,reproductive_age,2015,126.0
Saint Lucia,LCA,Americas,reproductive_age,2013,133.0
Azerbaijan,AZE,Europe,reproductive_age,2006,122.0
Mongolia,MNG,Western Pacific,reproductive_age,2013,131.0
Marshall Islands,MHL,Western Pacific,reproductive_age,2015,125.0
Venezuela (Bolivarian Republic of),VEN,Americas,reproductive_age,2012,129.0
Cambodia,KHM,Western Pacific,reproductive_age,2013,120.0
Israel,ISR,Europe,reproductive_age,2010,131.0
Togo,TGO,Africa,reproductive_age,2010,118.0
Cote d'Ivoire,CIV,Africa,reproductive_age,2010,117.0
Botswana,BWA,Africa,reproductive_age,2015,125.0
Chad,TCD,Africa,reproductive_age,2003,116.0
Burundi,BDI,Africa,reproductive_age,2016,124.0
Congo,COG,Africa,reproductive_age,2006,116.0
Poland,POL,Europe,reproductive_age,2011,130.0
Micronesia (Federated States of),FSM,Western Pacific,reproductive_age,2004,129.0
Mexico,MEX,Americas,reproductive_age,2008,132.0
Philippines,PHL,Western Pacific,reproductive_age,2018,131.0
Ethiopia,ETH,Africa,reproductive_age,2015,129.0
Egypt,EGY,Eastern Mediterranean,reproductive_age,2007,124.0
Yemen,YEM,Eastern Mediterranean,reproductive_age,2019,112.0
Maldives,MDV,South-East Asia,reproductive_age,2003,120.0
"occupied Palestinian territory, including east Jerusalem",PSE,Eastern Mediterranean,reproductive_age,2008,125.0
South Africa,ZAF,Africa,reproductive_age,2000,124.0
Vanuatu,VUT,Western Pacific,reproductive_age,2002,125.0
Lebanon,LBN,Eastern Mediterranean,reproductive_age,2006,127.0
Nigeria,NGA,Africa,reproductive_age,2001,114.0
Eswatini,SWZ,Africa,reproductive_age,2002,125.0
San Marino,SMR,Europe,reproductive_age,2007,131.0
Equatorial Guinea,GNQ,Africa,reproductive_age,2013,119.0
Portugal,PRT,Europe,reproductive_age,2019,131.0
Qatar,QAT,Eastern Mediterranean,reproductive_age,2014,126.0
Bhutan,BTN,South-East Asia,reproductive_age,2012,122.0
Burkina Faso,BFA,Africa,reproductive_age,2007,116.0
Grenada,GRD,Americas,reproductive_age,2016,130.0
Micronesia (Federated States of),FSM,Western Pacific,reproductive_age,2011,128.0
Somalia,SOM,Eastern Mediterranean,reproductive_age,2006,119.0
Oman,OMN,Eastern Mediterranean,reproductive_age,2012,125.0
Malawi,MWI,Africa,reproductive_age,2007,124.0
Niger,NER,Africa,reproductive_age,2002,117.0
Seychelles,SYC,Africa,reproductive_age,2016,128.0
Kazakhstan,KAZ,Europe,reproductive_age,2000,124.0
Nepal,NPL,South-East Asia,reproductive_age,2007,123.0
Syrian Arab Republic,SYR,Eastern Mediterranean,reproductive_age,2016,124.0
Brunei Darussalam,BRN,Western Pacific,reproductive_age,2010,130.0
Saint Kitts and Nevis,KNA,Americas,reproductive_age,2004,130.0
Iceland,ISL,Europe,reproductive_age,2009,132.0
Sweden,SWE,Europe,reproductive_age,2001,131.0
Nepal,NPL,South-East Asia,reproductive_age,2002,121.0
Chile,CHL,Americas,reproductive_age,2014,134.0
Lebanon,LBN,Eastern Mediterranean,reproductive_age,2003,127.0
Cyprus,CYP,Europe,reproductive_age,2007,131.0
Dominica,DMA,Americas,reproductive_age,2007,129.0
Iran (Islamic Republic of),IRN,Eastern Mediterranean,reproductive_age,2002,127.0
Botswana,BWA,Africa,reproductive_age,2011,125.0
Netherlands (Kingdom of the),NLD,Europe,reproductive_age,2015,131.0
Australia,AUS,Western Pacific,reproductive_age,2002,133.0
Italy,ITA,Europe,reproductive_age,2013,131.0
Viet Nam,VNM,Western Pacific,reproductive_age,2019,129.0
Sao Tome and Principe,STP,Africa,reproductive_age,2003,117.0
Burundi,BDI,Africa,reproductive_age,2005,125.0
Israel,ISR,Europe,reproductive_age,2001,131.0
Equatorial Guinea,GNQ,Africa,reproductive_age,2014,119.0
Republic of Korea,KOR,Western Pacific,reproductive_age,2018,130.0
Niger,NER,Africa,reproductive_age,2013,118.0
Israel,ISR,Europe,reproductive_age,2008,131.0
Naoero,NRU,Western Pacific,reproductive_age,2006,125.0
Belgium,BEL,Europe,reproductive_age,2017,131.0
Nigeria,NGA,Africa,reproductive_age,2018,116.0
Bosnia and Herzegovina,BIH,Europe,reproductive_age,2004,127.0
Burkina Faso,BFA,Africa,reproductive_age,2012,116.0
Indonesia,IDN,Western Pacific,reproductive_age,2018,125.0
Bhutan,BTN,South-East Asia,reproductive_age,2002,120.0
Lebanon,LBN,Eastern Mediterranean,reproductive_age,2013,126.0
Armenia,ARM,Europe,reproductive_age,2012,130.0
Thailand,THA,South-East Asia,reproductive_age,2019,128.0
Saint Vincent and the Grenadines,VCT,Americas,reproductive_age,2006,130.0
Iran (Islamic Republic of),IRN,Eastern Mediterranean,reproductive_age,2004,127.0
Comoros,COM,Africa,reproductive_age,2002,123.0
Honduras,HND,Americas,reproductive_age,2005,130.0
Russian Federation,RUS,Europe,reproductive_age,2008,129.0
Guinea,GIN,Africa,reproductive_age,2000,116.0
Eritrea,ERI,Africa,reproductive_age,2005,122.0
Honduras,HND,Americas,reproductive_age,2000,128.0
Peru,PER,Americas,reproductive_age,2009,128.0
Cyprus,CYP,Europe,reproductive_age,2016,131.0
Fiji,FJI,Western Pacific,reproductive_age,2012,124.0
Mongolia,MNG,Western Pacific,reproductive_age,2016,131.0
Afghanistan,AFG,Eastern Mediterranean,reproductive_age,2003,123.0
Nigeria,NGA,Africa,reproductive_age,2013,116.0
Colombia,COL,Americas,reproductive_age,2000,125.0
Viet Nam,VNM,Western Pacific,reproductive_age,2015,129.0
Montenegro,MNE,Europe,reproductive_age,2006,131.0
Trinidad and Tobago,TTO,Americas,reproductive_age,2015,130.0
Singapore,SGP,Western Pacific,reproductive_age,2017,131.0
Timor-Leste,TLS,South-East Asia,reproductive_age,2002,123.0
Georgia,GEO,Europe,reproductive_age,2009,126.0
Antigua and Barbuda,ATG,Americas,reproductive_age,2015,131.0
Burundi,BDI,Africa,reproductive_age,2019,122.0
Kazakhstan,KAZ,Europe,reproductive_age,2009,126.0
Georgia,GEO,Europe,reproductive_age,2016,126.0
Bahamas,BHS,Americas,reproductive_age,2003,131.0
Indonesia,IDN,Western Pacific,reproductive_age,2013,126.0
South Africa,ZAF,Africa,reproductive_age,2008,126.0
Peru,PER,Americas,reproductive_age,2003,126.0
Kazakhstan,KAZ,Europe,reproductive_age,2019,126.0
Panama,PAN,Americas,reproductive_age,2019,128.0
Belize,BLZ,Americas,reproductive_age,2006,128.0
"occupied Palestinian territory, including east Jerusalem",PSE,Eastern Mediterranean,reproductive_age,2012,126.0
Mali,MLI,Africa,reproductive_age,2013,114.0
Croatia,HRV,Europe,reproductive_age,2006,129.0
Niue,NIU,Western Pacific,reproductive_age,2011,127.0
Andorra,AND,Europe,reproductive_age,2014,132.0
Yemen,YEM,Eastern Mediterranean,reproductive_age,2002,110.0
Bolivia (Plurinational State of),BOL,Americas,reproductive_age,2019,128.0
United Republic of Tanzania,TZA,Africa,reproductive_age,2006,119.0
Pakistan,PAK,Eastern Mediterranean,reproductive_age,2009,120.0
Uruguay,URY,Americas,reproductive_age,2011,132.0
"occupied Palestinian territory, including east Jerusalem",PSE,Eastern Mediterranean,reproductive_age,2011,126.0
Lesotho,LSO,Africa,reproductive_age,2006,125.0
Kyrgyzstan,KGZ,Europe,reproductive_age,2019,123.0
Mauritania,MRT,Africa,reproductive_age,2010,119.0
Tajikistan,TJK,Europe,reproductive_age,2009,124.0
"occupied Palestinian territory, including east Jerusalem",PSE,Eastern Mediterranean,reproductive_age,2014,126.0
Lithuania,LTU,Europe,reproductive_age,2018,129.0
Morocco,MAR,Eastern Mediterranean,reproductive_age,2013,126.0
Cambodia,KHM,Western Pacific,reproductive_age,2002,117.0
Ethiopia,ETH,Africa,reproductive_age,2012,129.0
Uruguay,URY,Americas,reproductive_age,2009,131.0
Niue,NIU,Western Pacific,reproductive_age,2000,127.0
Nicaragua,NIC,Americas,reproductive_age,2019,131.0
United States of America,USA,Americas,reproductive_age,2019,132.0
Canada,CAN,Americas,reproductive_age,2005,133.0
Madagascar,MDG,Africa,reproductive_age,2012,123.0
Tuvalu,TUV,Western Pacific,reproductive_age,2017,126.0
Zimbabwe,ZWE,Africa,reproductive_age,2009,125.0
Saudi Arabia,SAU,Eastern Mediterranean,reproductive_age,2016,126.0
Thailand,THA,South-East Asia,reproductive_age,2001,128.0
Rwanda,RWA,Africa,reproductive_age,2004,129.0
Qatar,QAT,Eastern Mediterranean,reproductive_age,2004,125.0
Seychelles,SYC,Africa,reproductive_age,2004,127.0
Switzerland,CHE,Europe,reproductive_age,2015,132.0
Brazil,BRA,Americas,reproductive_age,2014,131.0
Mexico,MEX,Americas,reproductive_age,2002,130.0
Democratic Republic of the Congo,COD,Africa,reproductive_age,2006,117.0
Somalia,SOM,Eastern Mediterranean,reproductive_age,2004,118.0
Pakistan,PAK,Eastern Mediterranean,reproductive_age,2002,120.0
Australia,AUS,Western Pacific,reproductive_age,2004,133.0
Kenya,KEN,Africa,reproductive_age,2019,127.0
Timor-Leste,TLS,South-East Asia,reproductive_age,2001,122.0
Latvia,LVA,Europe,reproductive_age,2014,128.0
Tonga,TON,Western Pacific,reproductive_age,2011,127.0
Honduras,HND,Americas,reproductive_age,2007,130.0
Montenegro,MNE,Europe,reproductive_age,2002,131.0
Barbados,BRB,Americas,reproductive_age,2013,131.0
Gambia,GMB,Africa,reproductive_age,2006,113.0
Solomon Islands,SLB,Western Pacific,reproductive_age,2010,122.0
Israel,ISR,Europe,reproductive_age,2019,131.0
Spain,ESP,Europe,reproductive_age,2007,131.0
Republic of Korea,KOR,Western Pacific,reproductive_age,2007,129.0
Viet Nam,VNM,Western Pacific,reproductive_age,2017,129.0
Serbia,SRB,Europe,reproductive_age,2014,128.0
Bulgaria,BGR,Europe,reproductive_age,2015,128.0
"occupied Palestinian territory, including east Jerusalem",PSE,Eastern Mediterranean,reproductive_age,2018,126.0
Japan,JPN,Western Pacific,reproductive_age,2007,127.0
Tonga,TON,Western Pacific,reproductive_age,2014,126.0
Bahamas,BHS,Americas,reproductive_age,2007,132.0
Sierra Leone,SLE,Africa,reproductive_age,2012,119.0
Maldives,MDV,South-East Asia,reproductive_age,2010,120.0
Kuwait,KWT,Eastern Mediterranean,reproductive_age,2009,129.0
Argentina,ARG,Americas,reproductive_age,2010,131.0
Ethiopia,ETH,Africa,reproductive_age,2008,128.0
Libya,LBY,Eastern Mediterranean,reproductive_age,2003,125.0
"occupied Palestinian territory, including east Jerusalem",PSE,Eastern Mediterranean,reproductive_age,2009,126.0
France,FRA,Europe,reproductive_age,2017,132.0
Turkmenistan,TKM,Europe,reproductive_age,2002,125.0
Tuvalu,TUV,Western Pacific,reproductive_age,2001,127.0
Russian Federation,RUS,Europe,reproductive_age,2012,129.0
South Africa,ZAF,Africa,reproductive_age,2005,125.0
Brazil,BRA,Americas,reproductive_age,2012,131.0
Central African Republic,CAF,Africa,reproductive_age,2007,118.0
Malta,MLT,Europe,reproductive_age,2003,131.0
Mali,MLI,Africa,reproductive_age,2006,113.0
Myanmar,MMR,South-East Asia,reproductive_age,2009,122.0
Congo,COG,Africa,reproductive_age,2001,115.0
Croatia,HRV,Europe,reproductive_age,2017,129.0
Turkmenistan,TKM,Europe,reproductive_age,2009,127.0
Singapore,SGP,Western Pacific,reproductive_age,2010,131.0
Ireland,IRL,Europe,reproductive_age,2009,132.0
Argentina,ARG,Americas,reproductive_age,2002,130.0
El Salvador,SLV,Americas,reproductive_age,2000,135.0
Bhutan,BTN,South-East Asia,reproductive_age,2015,122.0
Ethiopia,ETH,Africa,reproductive_age,2017,128.0
Sierra Leone,SLE,Africa,reproductive_age,2009,118.0
Eswatini,SWZ,Africa,reproductive_age,2010,126.0
Ukraine,UKR,Europe,reproductive_age,2008,133.0
Belgium,BEL,Europe,reproductive_age,2012,131.0
El Salvador,SLV,Americas,reproductive_age,2008,135.0
Bolivia (Plurinational State of),BOL,Americas,reproductive_age,2015,127.0
Togo,TGO,Africa,reproductive_age,2016,119.0
San Marino,SMR,Europe,reproductive_age,2005,132.0
Lao People's Democratic Republic,LAO,Western Pacific,reproductive_age,2000,120.0
Cuba,CUB,Americas,reproductive_age,2002,126.0
Chile,CHL,Americas,reproductive_age,2011,134.0
Equatorial Guinea,GNQ,Africa,reproductive_age,2001,115.0
Barbados,BRB,Americas,reproductive_age,2017,131.0
Serbia,SRB,Europe,reproductive_age,2007,128.0
Saint Lucia,LCA,Americas,reproductive_age,2003,131.0
Russian Federation,RUS,Europe,reproductive_age,2019,129.0
Paraguay,PRY,Americas,reproductive_age,2010,129.0
Burundi,BDI,Africa,reproductive_age,2003,124.0
Sudan,SDN,Eastern Mediterranean,reproductive_age,2011,122.0
Guinea-Bissau,GNB,Africa,reproductive_age,2004,116.0
Lithuania,LTU,Europe,reproductive_age,2013,129.0
Bahamas,BHS,Americas,reproductive_age,2010,132.0
Cuba,CUB,Americas,reproductive_age,2005,127.0
Turkmenistan,TKM,Europe,reproductive_age,2008,126.0
Nicaragua,NIC,Americas,reproductive_age,2014,132.0
Chad,TCD,Africa,reproductive_age,2004,116.0
Japan,JPN,Western Pacific,reproductive_age,2006,127.0
Denmark,DNK,Europe,reproductive_age,2015,131.0
Panama,PAN,Americas,reproductive_age,2003,126.0
Cabo Verde,CPV,Africa,reproductive_age,2018,127.0
Yemen,YEM,Eastern Mediterranean,reproductive_age,2008,111.0
Indonesia,IDN,Western Pacific,reproductive_age,2014,126.0
Rwanda,RWA,Africa,reproductive_age,2002,129.0
Comoros,COM,Africa,reproductive_age,2013,125.0
Dominican Republic,DOM,Americas,reproductive_age,2014,126.0
Morocco,MAR,Eastern Mediterranean,reproductive_age,2008,125.0
Montenegro,MNE,Europe,reproductive_age,2014,131.0
Cote d'Ivoire,CIV,Africa,reproductive_age,2013,117.0
United Republic of Tanzania,TZA,Africa,reproductive_age,2017,122.0
Slovakia,SVK,Europe,reproductive_age,2013,128.0
Trinidad and Tobago,TTO,Americas,reproductive_age,2001,127.0
Andorra,AND,Europe,reproductive_age,2005,132.0
Kyrgyzstan,KGZ,Europe,reproductive_age,2002,123.0
Malta,MLT,Europe,reproductive_age,2011,131.0
Norway,NOR,Europe,reproductive_age,2003,131.0
Monaco,MCO,Europe,reproductive_age,2016,131.0
Georgia,GEO,Europe,reproductive_age,2012,126.0
Slovenia,SVN,Europe,reproductive_age,2011,129.0
Bahrain,BHR,Eastern Mediterranean,reproductive_age,2009,123.0
Cameroon,CMR,Africa,reproductive_age,2002,120.0
Timor-Leste,TLS,South-East Asia,reproductive_age,2003,123.0
Gambia,GMB,Africa,reproductive_age,2015,116.0
Papua New Guinea,PNG,Western Pacific,reproductive_age,2010,125.0
France,FRA,Europe,reproductive_age,2005,133.0
New Zealand,NZL,Western Pacific,reproductive_age,2000,133.0
Mauritania,MRT,Africa,reproductive_age,2007,119.0
Jamaica,JAM,Americas,reproductive_age,2007,129.0
El Salvador,SLV,Americas,reproductive_age,2019,134.0
Barbados,BRB,Americas,reproductive_age,2016,131.0
Timor-Leste,TLS,South-East Asia,reproductive_age,2017,125.0
United Arab Emirates,ARE,Eastern Mediterranean,reproductive_age,2001,127.0
Uzbekistan,UZB,Europe,reproductive_age,2001,119.0
Saint Vincent and the Grenadines,VCT,Americas,reproductive_age,2009,131.0
Zambia,ZMB,Africa,reproductive_age,2003,123.0
Kenya,KEN,Africa,reproductive_age,2004,125.0
"occupied Palestinian territory, including east Jerusalem",PSE,Eastern Mediterranean,reproductive_age,2000,123.0
Eswatini,SWZ,Africa,reproductive_age,2016,126.0
Lesotho,LSO,Africa,reproductive_age,2015,127.0
Nigeria,NGA,Africa,reproductive_age,2011,116.0
Portugal,PRT,Europe,reproductive_age,2000,131.0
Solomon Islands,SLB,Western Pacific,reproductive_age,2013,122.0
Philippines,PHL,Western Pacific,reproductive_age,2017,131.0
Switzerland,CHE,Europe,reproductive_age,2013,132.0
Guatemala,GTM,Americas,reproductive_age,2019,136.0
Democratic People's Republic of Korea,PRK,South-East Asia,reproductive_age,2009,125.0
Kazakhstan,KAZ,Europe,reproductive_age,2010,126.0
North Macedonia,MKD,Europe,reproductive_age,2019,130.0
Saint Lucia,LCA,Americas,reproductive_age,2017,133.0
Trinidad and Tobago,TTO,Americas,reproductive_age,2008,129.0
Sweden,SWE,Europe,reproductive_age,2018,131.0
Yemen,YEM,Eastern Mediterranean,reproductive_age,2012,112.0
Belarus,BLR,Europe,reproductive_age,2008,129.0
Colombia,COL,Americas,reproductive_age,2002,126.0
Japan,JPN,Western Pacific,reproductive_age,2017,128.0
Canada,CAN,Americas,reproductive_age,2012,133.0
Mexico,MEX,Americas,reproductive_age,2001,130.0
Chad,TCD,Africa,reproductive_age,2019,119.0
South Africa,ZAF,Africa,reproductive_age,2017,127.0
Chad,TCD,Africa,reproductive_age,2013,118.0
Ukraine,UKR,Europe,reproductive_age,2017,131.0
Equatorial Guinea,GNQ,Africa,reproductive_age,2010,118.0
Chad,TCD,Africa,reproductive_age,2009,117.0
South Sudan,SSD,Africa,reproductive_age,2004,123.0
Netherlands (Kingdom of the),NLD,Europe,reproductive_age,2016,131.0
Sierra Leone,SLE,Africa,reproductive_age,2015,119.0
Lao People's Democratic Republic,LAO,Western Pacific,reproductive_age,2004,121.0
Morocco,MAR,Eastern Mediterranean,reproductive_age,2014,126.0
Cote d'Ivoire,CIV,Africa,reproductive_age,2016,117.0
Palau,PLW,Western Pacific,reproductive_age,2012,126.0
Palau,PLW,Western Pacific,reproductive_age,2003,126.0
Kiribati,KIR,Western Pacific,reproductive_age,2019,125.0
Libya,LBY,Eastern Mediterranean,reproductive_age,2013,125.0
Malawi,MWI,Africa,reproductive_age,2009,125.0
Philippines,PHL,Western Pacific,reproductive_age,2014,130.0
Georgia,GEO,Europe,reproductive_age,2017,126.0
Ethiopia,ETH,Africa,reproductive_age,2010,129.0
South Africa,ZAF,Africa,reproductive_age,2015,127.0
